venue_id	display_name	coverage	venue_type	discipline	region	lane	tier	ranking_labels	pack_dir	profile_path	source_map	scope_keywords
accounting-and-economics-research	会计与经济研究	breadth	journal	accounting	china	empirical	field		Chinese-SocialScience-Journal-Skills	Chinese-SocialScience-Journal-Skills/skills/accounting-and-economics-research/SKILL.md		会计;计与经济;审计;经济研究;海立信会;计金融学;融学院主;金融学院;交代构造;年份制;海市教;匿名评审;投稿;财务会;kjyjjyj;交叉议题;市教育委;教育委员;文献按作;献按作者;育委员会;准则;学院主办;计信息;披露;财经学术;员会主管;委员会主;度量;资本市场;计研究;向匿名评;官方;企业行为;本刊;金融市场;别与稳健;识别与稳;计问题;税收
accounting-organizations-and-society	Accounting Organizations and Society	depth	journal	accounting	international	empirical	field	FT50	Accounting-Organizations-and-Society-Skills		Accounting-Organizations-and-Society-Skills/resources/official-source-map.md	accounting;organizations society;organizational;social;crack;behavioral;institutional;practice;imported theory;tradition;aos-data-analysis;qualitative field;theorizing;archival;aaaj;aos-methods;aos-theory-development;burchell;governmentality;hopwood;interdisciplinary sources;leary;miller;surveys historical;capital-markets;thread;canon;bourdieu;exotic;sociology;conversations;psychological process;conversation;puzzle;operation;conceptual;roles;access participants;accounting-organizations-and-society;actor-network
accounting-research	Accounting Research	depth	journal	accounting	china	empirical	field	CSSCI	Accounting-Research-Skills		Accounting-Research-Skills/resources/official-source-map.md	会计;披露;因变量;accounting;计研究;盈余;计信息;审计;准则;影响;制度抓手;余管理;计学;露质量;改造;鉴证;审稿期待;落点;产出;信息披;贡献;金融;定价;监管;信息语言;崩盘风险;融资;信息环境;真实;机制;退稿模式;露产;不对称;信息生产;变量是会;行权指标;股价;字化转型;数字化转;产权
china-accounting-review	中国会计评论	breadth	journal	accounting	china	empirical	field		Chinese-SocialScience-Journal-Skills	Chinese-SocialScience-Journal-Skills/skills/china-accounting-review/SKILL.md		会计;计评论;北京大学;光华管理;华管理学;国会;审计;管理学院;京大学光;大学光华;学光华管;大学等高;学等高校;高校发起;准则;资本市场;披露;投稿;交代构造;本市场会;依托;官方;由北京大;站的字符;网站的字;财务;china accounting;略与稳健;策略与稳;识别策略;计研究;匿名审稿;清华大学;季刊;计学;计与经济;字符数;本刊;计理论;公司治理
contemporary-accounting-research	Contemporary Accounting Research	depth	journal	accounting	international	empirical	field	FT50	Contemporary-Accounting-Research-Skills		Contemporary-Accounting-Research-Skills/resources/official-source-map.md	accounting;contemporary;archival experimental;experimental analytical;tradition;archival capital-markets;caaa;car-data-analysis;field qualitative;intellectually rigorous;interesting intellectually;reporting auditing;analytical field;integrity;nearest neighbors;standard-setting;accounting-specific;auditing governance;breadth chicago-style;car-contribution-framing;construct setting;constructs credible;contribution reporting;debates primary;disclosure market;ethics-approval verification;governance debates;interface neighboring;market organizational;organizational implication;rigorous areas;theory disclosure;overlap;declaration;flagship breadth;implication test;locus;method-agnostic;pure-finance;setting identification
journal-of-accounting-and-economics	Journal of Accounting and Economics	depth	journal	accounting	international	empirical	top-3 accounting		Journal-of-Accounting-and-Economics-Skills		Journal-of-Accounting-and-Economics-Skills/resources/official-source-map.md	accounting;contracting;economic;economics-based;friction;economics;agency;capital-markets;positive;disclosure standards;identification;stream;normative;rast;information asymmetry;large-sample;watts-zimmerman;information content;positive-accounting;standards regulation;archival;conversation;tension;firms;ifrs;jae-literature-positioning;watts;seminal;consequences;consequence;firm;positively;market;compensation;monitoring;theory explain;compustat;correlation;elsevier;behavioral
journal-of-accounting-research	Journal of Accounting Research	depth	journal	accounting	international	empirical	top-3 accounting	FT50	Journal-of-Accounting-Research-Skills		Journal-of-Accounting-Research-Skills/resources/official-source-map.md	accounting;rast;economically;ball;increment;setting;identifying variation;empirical-archival;ball-brown;jar-contribution-framing;jar-data-analysis;identification;disclosure audit;adjudication;chookaszian;disclosed audited;information produced;jar-methods;produced disclosed;economic;registered;data-and-code package;stream;magnitude;standard-setters;conversation;staggered adoption;shock;theme;measure;couldn;creditors;information-environment;jar-theory-development;jar-writing-style;capital-markets;cannot identify;threshold staggered;construct;marginal contribution
review-of-accounting-studies	Review of Accounting Studies	depth	journal	accounting	international	empirical	field		Review-of-Accounting-Studies-Skills		Review-of-Accounting-Studies-Skills/resources/official-source-map.md	rast;accounting;friction;analytical;revacc-contribution-framing;revacc-methods;construct;revacc-theory-development;channel;revacc-data-analysis;revacc-literature-positioning;revacc-workflow;marginal move;earnings;archival;revacc-topic-selection;revacc-writing-style;valuation;contracting;frontier;bridge;analysts forecasting;management accruals;revacc-submission;revacc-tables-figures;sub-audience;value-relevance;lane;causality;capital-market;audit;conversation;capital markets;equilibrium;learns;experimental;boundary;identification;setting;auditor theorist
the-accounting-review	The Accounting Review	depth	journal	accounting	international	empirical	top-3 accounting		The-Accounting-Review-Skills		The-Accounting-Review-Skills/resources/official-source-map.md	accounting;significance contribution;data-authenticity;tar-contribution-framing;identification;tar-theory-development;setting;shock;analytical;code-access;tar-literature-positioning;tar-methods;conversation;construct;tar-data-analysis;finance;period population;large-sample archival;practice policy;disclosure audit;newer;problematization;field knows;chicago;aaahq;audit managerial;bigger sample;breaks endogeneity;confirmed prior;database extension;processing code;response tar-rebuttal;sample insight;single-setting;tar-topic-selection;tar-writing-style;focal;regime;archival empirical;contribution-driven
agricultural-systems	Agricultural Systems	depth	journal	agriculture	international	empirical	field		Agricultural-Systems-Skills		Agricultural-Systems-Skills/resources/official-source-map.md	agsy;agricultural systems;whole-farm;trade-off;modelling;farm;hierarchical levels;systems question;trade-offs;interactions;bio-economic;food-system;agronomy;agricultural-systems;systems agricultural;crop;field trial;livestock;components;single-factor;landscape;plot-level;systems-science;food;conceptual empirical;bioeconomic;engage systems;field-crops;mismodelled;systems debate;integrated;empirical dynamic;environment policy;intercrop;design management;natural social;communication;words;embedded;land-use
field-crops-research	Field Crops Research	depth	journal	agriculture	international	empirical	field		Field-Crops-Research-Skills		Field-Crops-Research-Skills/resources/official-source-map.md	crops;crop;yield;agronomy;multi-environment;seasons;agronomic;field-based;environments;local;controlled-environment;corroborative;modelling;horticultural;multi-season;single-season;biophysical;physiology;controlled-environment-only;crop-science;field-crop;species;sites;general relevance;single-site;greenhouse;loomis;non-cultivated;original communication;yield-gap;field experiments;insight general;residue;trait;descriptive;phenology;scientific insight;uptake;editors-in-chief;exclusions
agricultural-and-forest-meteorology	Agricultural and Forest Meteorology	breadth	journal	agriculture-environment	international	empirical	field		Agriculture-Environment-Journal-Skills	Agriculture-Environment-Journal-Skills/skills/agricultural-and-forest-meteorology/SKILL.md		atmosphere;agricultural forest;flux;forest meteorology;micrometeorological;land;exchange;energy water;eddy-covariance;footprint;carbon;biosphere;phenology;closure;climate;elsevier;partitioning;atmospheric coupling;calibration representativeness;climate-modeling;crop forest;crop-agronomy;current agricultural;defensible upscaling;energy-balance;flux-measurement;flux-network;pattern alone;process agronomic;surface-flux;upscaling logic;explicit defensible;highlights;canopy;gases;micrometeorology;single-season;vegetation;observations;scaling
agriculture-ecosystems-and-environment	Agriculture, Ecosystems & Environment	breadth	journal	agriculture-environment	international	empirical	field		Agriculture-Environment-Journal-Skills	Agriculture-Environment-Journal-Skills/skills/agriculture-ecosystems-and-environment/SKILL.md		environmental outcome;agriculture;agee;ecosystems environment;agroecosystem;management;field-to-landscape;biodiversity;soil;soil-process;fluxes;upscaling;flux;landscape;agricultural;yield;agronomy;comparisons realistic;controls full;crop-yield;environmental measurement;measurements appropriate;realistic controls;outcomes;nutrient;contribution environmental;ecosystem-service;validated measured;sampling;design adequate;ecosystem services;greenhouse-gas;soil-biology-and-biochemistry;water quality;metadata;landscapes;pseudoreplication;land-use;agronomic;field-crops-research
agronomy-for-sustainable-development	Agronomy for Sustainable Development	breadth	journal	agriculture-environment	international	empirical	field		Agriculture-Environment-Journal-Skills	Agriculture-Environment-Journal-Skills/skills/agronomy-for-sustainable-development/SKILL.md		sustainability;agronomy;sustainable development;farming;evidenced;trade-offs;agronomic;bias assessment;cropping;meta-analysis;syntheses;contribution explicit;economic social;environmental economic;reviews meta-analyses;assessment statistics;dimension improved;explicit measured;farming-systems;measured load-bearing;meta-analytic uncertainty;multi-criteria;yield management;protocol;design mixed;inclusion criteria;relevant environmental;replication design;social dimension;uncertainty reported;resource-use;statistics match;effect-size;extracted;agriculture-ecosystems-and-environment;field-crops-research;agriculture;springer;adequate replication;biodiversity
annual-review-of-environment-and-resources	Annual Review of Environment and Resources	breadth	journal	agriculture-environment	international	empirical	field		Agriculture-Environment-Journal-Skills	Agriculture-Environment-Journal-Skills/skills/annual-review-of-environment-and-resources/SKILL.md		annual environment;environment resources;synthesis;annual reviews;environment-and-resources;commissioning;uninvited;arear;primary routine;field-defining;invited-review;summary-points;reviews format;authoritative-synthesis structure;major recent;proposal pathway;status proposal;coverage;future-issues;structure expectations;recent developments;integrate;agenda-setting;format disclosures;balanced;pollution;water land;invitation;commissioned;comprehensive current;state knowledge;authoritative;environmental;food;biodiversity;critical;primary-research;critically;dimensions;syntheses
annual-review-of-plant-biology	Annual Review of Plant Biology	breadth	journal	agriculture-environment	international	empirical	field		Agriculture-Environment-Journal-Skills	Agriculture-Environment-Journal-Skills/skills/annual-review-of-plant-biology/SKILL.md		plant;annual reviews;synthesis;plant-biology;biology;unsolicited primary;invited-review;forward;syntheses;agenda beyond;grant rather;like grant;mini-review like;propose committee;permissions;narrow mini-review;integrative;schematics comparative;open questions;current annual;comprehensive;broad scientific;invited;competing views;organizing;annotated bibliography;themes;length format;outlook;commissioning;coverage;balanced;flag;forward-looking;interpretive;conceptual;commissioned;account display;agenda adds;agronomy meta-analysis
bulletin-of-the-american-meteorological-society	Bulletin of the American Meteorological Society	breadth	journal	agriculture-environment	international	empirical	field		Agriculture-Environment-Journal-Skills	Agriculture-Environment-Journal-Skills/skills/bulletin-of-the-american-meteorological-society/SKILL.md		bams;field-campaign;campaign program;american meteorological;atmospheric oceanic;bulletin american;meteorological society;synthesis;essay;hydrologic-sciences;program overview;topical;commissioned;broad-audience-significance;campaign-resource;community resource;community specialty;evidence-aware;meeting workshop;objectives design;resources made;scoping;commentary;capsule;chosen type;narrow primary;original-research;balanced;climate-science;pieces;overviews;policy-;pre-submission inquiry;jargon;journal-of-climate;summary;writing accessible;summaries;content;broad-interest
earth-system-science-data	Earth System Science Data	breadth	journal	agriculture-environment	international	empirical	field		Agriculture-Environment-Journal-Skills	Agriculture-Environment-Journal-Skills/skills/earth-system-science-data/SKILL.md		essd;copernicus;deposited files;earth system;system science;data-paper;reuse;openly;units flags;open-review;variable definitions;metadata;quality;fair repository;definitions units;files match;format deposited;match describes;open license;open-deposition-with-doi;re-packaging;repository resolving;resolving version;traceable uncertainty;value-added product;version license;interpretation;calibration processing;repository version;version open;already-published;reanalysis;fully documented;versioning;water-resources-research;global-biogeochemical-cycles;long-term;available request;contents;feeding
environment-international	Environment International	breadth	journal	agriculture-environment	international	empirical	field		Agriculture-Environment-Journal-Skills	Agriculture-Environment-Journal-Skills/skills/environment-international/SKILL.md		exposure;environment international;health;exposome;environmental;epidemiology;outcome risk;population-relevant;human;human-health;contaminant;assessment;current environment;discovery overfitting;environmental-exposure;false discovery;health-risk;mixture;risk endpoint;confounding;biomonitoring;causal interpretation;environmental-chemistry;mixtures;ethics reporting;misclassification;exposures;population-health;contaminants;high-dimensional;uncertainty;epidemiological;measure;elsevier;sensitivity analyses;connects;perspectives;addressed sensitivity;agents multiple;analyses attention
environmental-health-perspectives	Environmental Health Perspectives	breadth	journal	agriculture-environment	international	empirical	field		Agriculture-Environment-Journal-Skills	Agriculture-Environment-Journal-Skills/skills/environmental-health-perspectives/SKILL.md		public-health;environmental health;toxicology;health perspectives;environmental-health;exposure;human-health;exposures;epidemiology;transparency;dose-response;population-health;human health;analyses cautious;cautious causal;human-health-relevance;international broader;public-health-relevance;reviews commentaries;toxicological;protection;interpretation;broader environmental-science-plus-health;environment international;environmental-chemistry;over-reach;misclassification;proportionate;confounding bias;vulnerable populations;animal-care;decision relevance;epidemiological;inform;sensitivity analyses;causal language;appropriate full;availability mismatch;availability risk;beyond recurring
environmental-pollution	Environmental Pollution	breadth	journal	agriculture-environment	international	empirical	field		Agriculture-Environment-Journal-Skills	Agriculture-Environment-Journal-Skills/skills/environmental-pollution/SKILL.md		environmental pollution;fate;microplastics;contamination;transport;ecological health;dose-response;occurrence;impact;exposure;pollutant;blanks recovery;controlled comparison;health effect;mechanism controlled;ecotoxicology;pollutants;contaminants;presence;contaminant;beyond detection;contamination-control;current environmental;metals persistent;monitoring survey;pollutant-impact;realistic exposures;validated blanks;detected;pollution-control;highlights;sampling;biota;water soil;controls;replicated;claims proportionate;elsevier;epidemiology;proper
food-chemistry	Food Chemistry	breadth	journal	agriculture-environment	international	empirical	field		Agriculture-Environment-Journal-Skills	Agriculture-Environment-Journal-Skills/skills/food-chemistry/SKILL.md		food;chemistry;food-chemistry;compositional;chemical;compound;chemometric;confidence criteria;method-validation;compounds;analytical;quantification;analytical-chemistry;structure activity;authentication;matrix;concentrations;bioactive functional;chemical-mechanism;crude extract;descriptive screening;fingerprinting;flavor color;identifications;linearity;meet confidence;recovery precision;relative abundance;highlights;processing storage;dose;untargeted;composition;contaminants;validated;detection;adequate controls;blanks;graphical;fate
forest-ecology-and-management	Forest Ecology and Management	breadth	journal	agriculture-environment	international	empirical	field		Agriculture-Environment-Journal-Skills	Agriculture-Environment-Journal-Skills/skills/forest-ecology-and-management/SKILL.md		forest;ecology management;restoration;ecological;disturbance;silviculture;chronosequence;explicit management;forest-ecology;forest-science;management recommendations;management relevance;conservation;carbon;sampling;stand;around management;assumptions stand-age;biodiversity habitat;calibrated validated;fire;forested;growth productivity;non-forest;remote-sensing calibrated;space-for-time;validated field;elsevier;study-area;wind;limitations stated;forests;pseudoreplication;agriculture-ecosystems-and-environment;regeneration;confounds;nested;global-change-biology;highlights;nutrient
geology	Geology	breadth	journal	agriculture-environment	international	empirical	field		Agriculture-Environment-Journal-Skills	Agriculture-Environment-Journal-Skills/skills/geology/SKILL.md		geology;geoscience;wide;short-letter;geochemistry;compressed;compact;acknowledged preferred;alternative interpretations;broad-significance-in-tight-length;data-repository;interpretations acknowledged;preferred justified;quantitative process;repository supplement;identifier;crammed;immediate community;novel broadly;over-reach;rapid-communication;thorough incremental;earth-and-planetary-science-letters;contribution novel;self-explanatory;full length;implications;significance;longer;regional;tight;travel beyond;length reference;strict length;brevity;beyond immediate;earth;length limit;broadly significant;persistent
global-biogeochemical-cycles	Global Biogeochemical Cycles	breadth	journal	agriculture-environment	international	empirical	field		Agriculture-Environment-Journal-Skills	Agriculture-Environment-Journal-Skills/skills/global-biogeochemical-cycles/SKILL.md		system-scale;biogeochemical;flux;budget feedback;fluxes;budgets;biogeochemical-cycling;uncertainty closure;ocean;biogeochemistry;carbon;scaling;global;element;feedbacks;alone code;error propagation;fair data-deposition;feedback claims;measurement system;mechanistic feedback;observations metrics;site-level;atmosphere;elements;reconciliation;bottom-up;top-down;cycles;incubation;data-deposition expectations;explicit uncertainty;framing dominant;soil-biology-and-biochemistry;soil-process;key-points;system level;water-resources-research;uncertainty treatment;correlation alone
journal-of-cleaner-production	Journal of Cleaner Production	breadth	journal	agriculture-environment	international	empirical	field		Agriculture-Environment-Journal-Skills	Agriculture-Environment-Journal-Skills/skills/journal-of-cleaner-production/SKILL.md		cleaner-production;cleaner production;sustainability;jclp;boundaries functional;unit inventory;functional unit;assessment;system boundaries;management policy;generalizable;inventory impact;recycling;life-cycle;environmental;descriptive case;assumptions;benchmarked meaningful;cleaner technologies;corporate industrial;goal system;heuristics cleaner;meaningful baseline;methodological-transparency;outcomes benchmarked;policy survey;quality limitations;technologies processes;scenario;circular-economy;circularity;design representative;resources conservation;single descriptive;tested sensitivity;sustainable;highlights;economic social;sustainability-science;defensible design
journal-of-climate	Journal of Climate	breadth	journal	agriculture-environment	international	empirical	field		Agriculture-Environment-Journal-Skills	Agriculture-Environment-Journal-Skills/skills/journal-of-climate/SKILL.md		climate;variability;climate-science;local weather;internal;reanalyses;predictability;ensemble;autocorrelation;biases;impacts;climate-dynamics climate-variability;datasets configurations;forced response;model-evaluation;short-range;size multiplicity;trend attribution;atmosphere;data-availability;large-scale;diagnostic;observations reanalysis;mechanistic claims;evaluated observations;forecast;cryosphere;ocean;contribution advance;correlation alone;statistical;diagnostics;carbon;budgets;understanding;accounts;dynamics;addressed mechanistic;addressed single;adds nothing
journal-of-hydrology	Journal of Hydrology	breadth	journal	agriculture-environment	international	empirical	field		Agriculture-Environment-Journal-Skills	Agriculture-Environment-Journal-Skills/skills/journal-of-hydrology/SKILL.md		hydrology;hydrological;water;transferable insight;transferability;validation uncertainty;error characterization;regional;elsevier;observational;hydrometeorology;management linkage;metrics independent;sensible baseline;study-area maps;insight applied;monitoring design;process management;subsurface;yields transferable;highlights;design error;groundwater;calibration validation;catchment;hydrologic;advance process;large-sample;research-data policy;water-science;quantitative load-bearing;water-resources-research;uncertainty treatment;process insight;independent validation;data-availability;current requirements;scales;lessons;useful
limnology-and-oceanography	Limnology and Oceanography	breadth	journal	agriculture-environment	international	empirical	field		Agriculture-Environment-Journal-Skills	Agriculture-Environment-Journal-Skills/skills/limnology-and-oceanography/SKILL.md		limnology;aquatic;oceanography;coupling;aquatic-science;aslo;physical biological;cruise;plankton;process insight;geophysics;microbial;aquatic-process;coastal;enclosure;freshwater;physical-oceanography;rate flux;biogeochemical;incubation;marine;mixing;representativeness;biogeochemistry;chemical;bottle;controls calibration;inland-water;lakes rivers;limnological;oceanographic;productivity respiration;rate measurements;water-mass;metadata;nutrient;stratification;aquatic-sciences;calibration uncertainty;flux measurements
nature-food	Nature Food	breadth	journal	agriculture-environment	international	empirical	field		Agriculture-Environment-Journal-Skills	Agriculture-Environment-Journal-Skills/skills/nature-food/SKILL.md		food;food-systems;nature;nutrition;agronomy;food-chemistry;life-cycle;sensitivity uncertainty;crop;reporting summary;bias discussion;transdisciplinary;portfolio;systems-level;food-systems-significance;modeling assessment;significance matters;specialist detail;assumptions sensitivity;environment;supply-chain;adequate replication;scenario;processing;production;matters beyond;representativeness;agriculture-ecosystems-and-environment broad;agroecology contribution;agronomic environmental-accounting;analyses including;analyzed population;appropriate field;aquaculture agroecology;assessment assumptions;assessment sensitivity;assessment transparent;audience re-routing;behavior rigorous;biodiversity greenhouse-gas
nature-plants	Nature Plants	breadth	journal	agriculture-environment	international	empirical	field		Agriculture-Environment-Journal-Skills	Agriculture-Environment-Journal-Skills/skills/nature-plants/SKILL.md		nature plants;plant;plant-science;single correlative;germplasm;reporting summary;specialist;nature portfolio;convergent;ecology;broad-significance;molecular;beyond list-generation;correlative assay;crop science;list-generation code;plants nature;provenance documented;species;omics;development physiology;physiological ecological;sequence structure;broad significance;new-phytologist;replication controls;genetics;scientists outside;the-plant-cell;agricultural;immediate subfield;biology;current nature;technically sound;nature reporting;outside immediate;advance broad;mechanistic claims;wide;cell
new-phytologist	New Phytologist	breadth	journal	agriculture-environment	international	empirical	field		Agriculture-Environment-Journal-Skills	Agriculture-Environment-Journal-Skills/skills/new-phytologist/SKILL.md		phytologist;plant;integrative;whole-plant;symbiosis;code sequence;gene-to-function;physiological ecological;ecology;community ecosystem;plant-science;conceptual advance;beyond system;connects scales;controls isolate;environmental variation;interaction quantify;isolate interaction;organism community;scale inference;scales generalizes;type statistics;ecosystem-scale;fitness;mycorrhizal;levels;physiology;advance connects;co-occurrence;function;the-plant-journal;molecular;conceptual question;pseudoreplication;interactions;microbe;generalizes beyond;system design;deposited fair;accessions
resources-conservation-and-recycling	Resources, Conservation & Recycling	breadth	journal	agriculture-environment	international	empirical	field		Agriculture-Environment-Journal-Skills	Agriculture-Environment-Journal-Skills/skills/resources-conservation-and-recycling/SKILL.md		recycling;circularity;resources conservation;recovery;quantified;closure uncertainty;mass-balance;materials waste-circularity;yields;indicators;flows;boundaries reference;lab-scale;reference year;resource-efficiency;resource-recovery;waste;material-flow;cleaner-production sustainability;losses;boundaries mass;broad cleaner-production;justification comparability;materials-and-waste;materials-circularity;product quality;recycling-technology;resource savings;substance-flow;balance;technology;efficiency;ad-hoc;circular-economy;cleaner production;technologies systems;highlights;extrapolation;recycled;current practice
soil-biology-and-biochemistry	Soil Biology & Biochemistry	breadth	journal	agriculture-environment	international	empirical	field		Agriculture-Environment-Journal-Skills	Agriculture-Environment-Journal-Skills/skills/soil-biology-and-biochemistry/SKILL.md		soil;biology biochemistry;soil-process;microbial;microbial-community;process rates;process mechanism;biota;enzymes;function;sequence;accessions;agronomic outcome;analytical protocols;census process;community census;contribution agronomic;detection limits;measured process;organic matter;process-level interpretation;rates isotopes;rates pools;respect spatial;soil-carbon;statistics respect;temporal structure;trial whose;nutrient;around process;descriptive inventory;extracellular;management trial;validated reported;agroecosystem environmental;enzyme;incubation;mass balance;carbon;environmental outcomes
the-plant-journal	The Plant Journal	breadth	journal	agriculture-environment	international	empirical	field		Agriculture-Environment-Journal-Skills	Agriculture-Environment-Journal-Skills/skills/the-plant-journal/SKILL.md		plant;gene-to-function;molecular;biochemistry;phenotype;resolved;complementation;mechanistic;biochemical;genetics;omics;plant-science;cell biology;orthogonal;candidate;assays controls;ecological observation;material availability;replication reported;whole-organism ecological;germplasm;knockdowns;sequence structure;physiology;datasets deposited;hits;independent alleles;claims direct;interaction claims;new-phytologist;ecology;genetic;knockouts;accession;localization;protein;function;gene;chain;validation
trends-in-food-science-and-technology	Trends in Food Science & Technology	breadth	journal	agriculture-environment	international	empirical	field		Agriculture-Environment-Journal-Skills	Agriculture-Environment-Journal-Skills/skills/trends-in-food-science-and-technology/SKILL.md		food science;trends food;science technology;critical;synthesis;food-science;original experimental;trend;comprehensiveness structure;current trends;systematic;reconciliation;reproducible search;search protocol;specific actionable;highlights;critical-synthesis;primary-research;experimental contribution;food-chemistry;reporting standard;transparent reproducible;current balanced;coverage;comprehensive current;reviews;sustainability;gaps;elsevier;directions;future;account integrates;actionable open;actionable research-gaps;adoption assertion;alternative proteins;analyses opinion;annual-review-of-environment-and-resources contaminant;assertion analytical;assessment explicit
water-resources-research	Water Resources Research	breadth	journal	agriculture-environment	international	empirical	field		Agriculture-Environment-Journal-Skills	Agriculture-Environment-Journal-Skills/skills/water-resources-research/SKILL.md		water;water-science;hydrology;transferable;design error;uncertainty quantification;hydrologic;error characterization;theory process;process insight;beyond basin;credible baseline;quantification observational;strawman code;catchment;metrics uncertainty;key-points;land atmosphere;journal-of-hydrology;methodological conceptual;deposited fair;persistent identifiers;quantitative;transport;deposition;monitoring;availability statements;benchmarking;advance observation;advance presented;agricultural-and-forest-meteorology documented;agro-meteorology agricultural-and-forest-meteorology;assimilation uncertainty;baseline established;basin applied;basin-specific modeling;benchmarked metrics;benchmarks uncertainty;biological socio-hydrological;case benchmarked
american-anthropologist	American Anthropologist	depth	journal	anthropology	international	interpretive/theory	field		American-Anthropologist-Skills		American-Anthropologist-Skills/resources/official-source-map.md	anthropology;american anthropologist;four-field;sociocultural;linguistic;archaeological;ethnographic;anthropologies;archaeology;citational;biological;subfield;reflexive;anthropological;ethics care;multimodal;reflexivity;vital;world public;heritage;kinship;concept;metropolitan;ethnography;exchange;essay;canon;consent;politics;interlocutors;portable;cultural;debt;fieldwork;engage;amanthro-literature-positioning;amanthro-research-design;author-date free-format;case corrected;four fields
current-anthropology	Current Anthropology	depth	journal	anthropology	international	interpretive/theory	field		Current-Anthropology-Skills		Current-Anthropology-Skills/resources/official-source-map.md	anthropology;commentators;all-fields;major;wenner-gren;transnational;comments;subfield;citational;archaeological;sociocultural;linguistic;signed;treatment;ethnographic;field-shaping;heritage;comment-and-reply;reply;agenda-setting;archaeology;biological;copyright assignment;ethnohistory;forum discussion;report forum;worldwide audience;kinship;intervention;comment;anthropological;metropolitan;words;subfields;consent;camps;interlocutors;debate;cultural;fieldwork
the-art-bulletin	The Art Bulletin	depth	journal	art-history	international	interpretive/theory	field		The-Art-Bulletin-Skills		The-Art-Bulletin-Skills/resources/official-source-map.md	bulletin;art-historical;historiography;historiographic;objects;image;images;object;looking;periods;afforded;college association;debates;reception;rights;history;author-funded;catalogue entry;decisive reproductions;meaning making;methodological thematic;visual formal;cleared;close visual;been written;clearance;slow;documentary;self-citation;attribution;expects;interpretive;generalist;anchor hedge;artbull-scholarly-positioning;broader methodological;claim meaning;documents provenance;entry contribution;every period
journal-of-the-american-chemical-society	Journal of the American Chemical Society	depth	journal	chemistry	international	empirical	field		Journal-of-the-American-Chemical-Society-Skills		Journal-of-the-American-Chemical-Society-Skills/resources/official-source-map.md	jacs;american chemical;chemical society;chemistry;enabling utility;ccdc;chemical advance;communication;catalysis;breadth;cifs;hplc;kinetics;controls mechanism;paragon;chem;fully supported;broad interest;driver;characterization;generality;spectra;advance test;azole;complete procedures;concept enabling;hrms uv-vis;jacs-fit;jacsat;materials physical;procedures full;significant chemical;single-crystal x-ray;uv-vis elemental;pitch;reaction;organic;disconnection;specialized;advance broad
american-journal-of-gastroenterology	The American Journal of Gastroenterology	breadth	journal	clinical-medicine	international	empirical	field		Clinical-Medicine-Journal-Skills	Clinical-Medicine-Journal-Skills/skills/american-journal-of-gastroenterology/SKILL.md		gastroenterology;hepatology;clinical;endoscopy;practice-relevant;american;reference standard;diagnostic;practicing;confounding missing;luminal;observational database;operator reader;pancreaticobiliary;reader variability;clinicians;outcomes;patient-centered;management guideline;stard;disease;prisma;strobe;consort;guideline implication;registration;protocol;basic;trial;trials;procedural;single-center descriptive;reporting checklist;descriptive series;underpowered single-center;icmje;endpoints;bench;mechanistic;statistical-reporting
american-journal-of-obstetrics-and-gynecology	American Journal of Obstetrics and Gynecology	breadth	journal	clinical-medicine	international	empirical	field		Clinical-Medicine-Journal-Skills	Clinical-Medicine-Journal-Skills/skills/american-journal-of-obstetrics-and-gynecology/SKILL.md		gynecologic;fetal;maternal;ajog;obstetrics;gynecology;neonatal;pregnancy-research;reproductive;maternal-fetal;pregnancy;surgery;clinical;outcomes;stard;gray;endocrinology;condensation;infertility;s-health;gestational;outcome reporting;vulnerable-population protections;women;oncology;prisma;obstetric;strobe;consort;case report;registration;american;protocol;medicine;clear practice;reporting checklist;clinically important;diabetes;underpowered single-center;icmje
american-journal-of-respiratory-and-critical-care-medicine	American Journal of Respiratory and Critical Care Medicine	breadth	journal	clinical-medicine	international	empirical	field		Clinical-Medicine-Journal-Skills	Clinical-Medicine-Journal-Skills/skills/american-journal-of-respiratory-and-critical-care-medicine/SKILL.md		respiratory;pulmonary;ajrccm;clinical;care medicine;lung;sleep;basic;critical care;critical-care;critical-illness;translational;mechanistic;animal;disease;blue;american;pulmonary-vascular;thoracic society;trial;trials;practice-changing;iacuc;icu-management;prisma;strobe;consort;ventilation;registration;biological replication;controls biological;fibrosis;vascular;reporting checklist;acute;human relevance;arrive-aligned;icmje;endpoints;laboratory
anesthesiology	Anesthesiology	breadth	journal	clinical-medicine	international	empirical	field		Clinical-Medicine-Journal-Skills	Clinical-Medicine-Journal-Skills/skills/anesthesiology/SKILL.md		perioperative;anesthesiology;anesthetic;prespecified;pain;anesthesia;perioperative-trial;confounding indication;critical-care;pharmacology;outcomes;animal;organ;registration;anesthesia-related;anesthetic-mechanism;clinical-context;composite surrogate;depth-of-anesthesia;patient safety;medicine;trial;trials;iacuc;prisma;indication immortal-time;strobe;consort;critical care;clinical;immortal-time bias;matched design;translational;multiplicity;reporting checklist;clinically;underpowered single-center;icmje;endpoints;analyses address
annals-of-oncology	Annals of Oncology	breadth	journal	clinical-medicine	international	empirical	field		Clinical-Medicine-Journal-Skills	Clinical-Medicine-Journal-Skills/skills/annals-of-oncology/SKILL.md		oncology;esmo;annals;translational;clinical;practice-changing;medical-oncology;biomarker;remark;clear development;trials;patient-important;early-phase;safety;cut-offs;development path;practice consensus;prespecification;trial;confounding immortal-time;retrospective series;prisma;clinically consequential;purely preclinical;strobe;consort;prespecified;surrogate endpoints;registration;protocol;immortal-time bias;series limited;single-arm;data-sharing statement;clinical-oncology;reporting checklist;icmje;endpoint;jama;observational
arthritis-and-rheumatology	Arthritis & Rheumatology	breadth	journal	clinical-medicine	international	empirical	field		Clinical-Medicine-Journal-Skills	Clinical-Medicine-Journal-Skills/skills/arthritis-and-rheumatology/SKILL.md		rheumatology;arthritis;autoimmune;immunology;musculoskeletal-disease;basic;disease;classification criteria;classification-criteria;connective-tissue;vasculitis;mechanistic;observational;clinical;autoimmune-disease;criteria ethics;current eular;disease-activity;gout;osteoarthritis;rheumatic;trials;validated;lupus;musculoskeletal;outcome-measure;patient-sample validation;response measures;stard;prisma;strobe;consort;registry;registration;protocol;outcome measures;practice advance;translational;bone;trial
brain	Brain	breadth	journal	clinical-medicine	international	empirical	field		Clinical-Medicine-Journal-Skills	Clinical-Medicine-Journal-Skills/skills/brain/SKILL.md		brain;guarantors;disease;mechanistic;neuroscience;disease-relevant;human;basic-neuroscience;biomarker imaging;strobe consort;neurology;clinical;arrive-aligned reporting;epilepsy;neurodegeneration;genetic;consort prisma;neurological;genetics;validation cohort;autoimmune encephalitis;clinical-neurology translational-neuroscience;movement disorders;neuro-inflammation;neuropathological;neuropathology;routine trial;independent validation;controls replication;tissue;checklist strobe;neuro-oncology;neuroimmunology;neuromuscular;validation feasible;stard;cerebrovascular-specific;manipulative;pathology;cohorts
critical-care-medicine	Critical Care Medicine	breadth	journal	clinical-medicine	international	empirical	field		Clinical-Medicine-Journal-Skills	Clinical-Medicine-Journal-Skills/skills/critical-care-medicine/SKILL.md		critical care;care medicine;sccm;critical-illness;resuscitation;critical-care;outcome relevance;respiratory;sepsis;critically patients;organ support;ards;indication immortal-time;confounding indication;immortal-time bias;deferred;translational;anchored critically;intensive-care management;multiorgan;patients validated;physiologic endpoints;respiratory-mechanism;series outcome;surrogate physiologic;observational analyses;sedation;support systems;prisma;mechanism outcome;strobe;consort;pulmonary;registration;consent;clinical;shock;trial;key-points;reporting checklist
diabetologia	Diabetologia	breadth	journal	clinical-medicine	international	empirical	field		Clinical-Medicine-Journal-Skills	Clinical-Medicine-Journal-Skills/skills/diabetologia/SKILL.md		diabetes;diabetologia;easd;basic;endocrine;clinical;complications;animal;biology insulin;epidemiologic;islet;trials;translational;beta-cell biology;generalizability causal;mechanism prevention;prevention treatment;research-in-context;iacuc;diabetes-focused;prisma;epidemiology population;population science;metabolic;strobe;consort;diabetic;registration;trial;mechanistic;reporting checklist;arrive-aligned;icmje;arrive;disease;replication;epidemiological;omics;claims address;anchoring
european-urology	European Urology	breadth	journal	clinical-medicine	international	empirical	field		Clinical-Medicine-Journal-Skills	Clinical-Medicine-Journal-Skills/skills/european-urology/SKILL.md		urology;surgical;complication;oncologic;uro-oncology;european;comparator;clinical;standardized;case-mix;endourology;stone disease;diagnostic biomarker;endpoints;adequate follow-up;guideline;reference standard;bladder;functional reconstructive;prostate;retrospective slices;technique notes;upper-tract;urologic;confounding;patient-centered;biomarker imaging;single-center case;surgical-outcomes;stard;prisma;learning-curve;strobe;consort;lower-tier;registration;protocol;single-arm;high-impact;outcomes
hepatology	Hepatology	breadth	journal	clinical-medicine	international	empirical	field		Clinical-Medicine-Journal-Skills	Clinical-Medicine-Journal-Skills/skills/hepatology/SKILL.md		hepatology;liver;aasld;clinical;mash;disease;mechanistic;hepatobiliary;masld;biology;nomenclature;basic translational;arrive-aligned;viral;aasld-relevant;human-sample validation;controls replication;endpoints;alcohol-related;autoimmune cholestatic;cirrhosis portal;fibrogenesis;portal hypertension;surrogate biomarker;stard;prisma;easl;virology;strobe;consort;registration;protocol;manipulative;transplantation;trials;reporting checklist;general-medicine;icmje;animal ethics;practice-relevant
jama-cardiology	JAMA Cardiology	breadth	journal	clinical-medicine	international	empirical	field		Clinical-Medicine-Journal-Skills	Clinical-Medicine-Journal-Skills/skills/jama-cardiology/SKILL.md		cardiovascular;cardiology;jama;endpoint;clinical;trials;cardiac;practice-relevant;indication immortal-time;confounding indication;immortal-time bias;network;registry;outcomes;device;surrogate-only;calibration discrimination;clinical-outcome prognostic;imaging-technique;prevention risk-factor;risk-prediction;endpoints;imaging;validation calibration;strobe;consort;industry ties;hard;protocol;absolute;procedural;reporting checklist;adjudicated;composite;registration;icmje;adjudication;bias missing;prisma;physiology
jama-internal-medicine	JAMA Internal Medicine	breadth	journal	clinical-medicine	international	empirical	field		Clinical-Medicine-Journal-Skills	Clinical-Medicine-Journal-Skills/skills/jama-internal-medicine/SKILL.md		internal medicine;jama internal;jama network;clinical;internal-medicine;clear practice;trials;subspecialty;clinically;practice policy;confounding;adult internal;strobe;consort;protocol;medicine instructions;medicine jama;comparative-effectiveness;health-policy;network statistical-reporting;reporting checklist;surrogate-only endpoints;health-services;trial-registration;underpowered single-center;icmje;observational;bias missing;prisma;prespecified patient-centered;registration;policy implication;trial;specialty;randomized;data-sharing statement;adequately powered;causal language;analyses;limited
jama-neurology	JAMA Neurology	breadth	journal	clinical-medicine	international	empirical	field		Clinical-Medicine-Journal-Skills	Clinical-Medicine-Journal-Skills/skills/jama-neurology/SKILL.md		neurology;jama;neurological;endpoint;clinical;biomarker;validated;verification bias;trials;cerebrovascular;network;observational;confounding verification;diagnosis reference;dropout;neurodegenerative;surrogate consent;clinically;endpoints;diagnostic;bench neuroscience;clinical-neurology;neuromuscular;outcome scales;translational-neuroscience;epilepsy;mechanistic bench;analyzed;strobe;consort;meaningful;protocol;progression;trial;reporting checklist;stroke;registration;icmje;brain;case series
jama-oncology	JAMA Oncology	breadth	journal	clinical-medicine	international	empirical	field		Clinical-Medicine-Journal-Skills	Clinical-Medicine-Journal-Skills/skills/jama-oncology/SKILL.md		oncology;jama;toxicity;cancer;immortal-time indication;survival;endpoint;trials;clinical;indication bias;biomarker;network;clinically meaningful;registry;prespecified;consort;surrogate-only;address immortal-time;alongside efficacy;cut-point;early-phase reports;focused decision-relevant;real-world;reports comparator;single-arm early-phase;benefit;strobe;protocol;absolute;outcomes;adequate follow-up;comparative-effectiveness;analyses;registration;icmje;endpoints;subspecialty;annals;practice-relevant;prisma
jama-pediatrics	JAMA Pediatrics	breadth	journal	clinical-medicine	international	empirical	field		Clinical-Medicine-Journal-Skills	Clinical-Medicine-Journal-Skills/skills/jama-pediatrics/SKILL.md		pediatric;pediatrics;jama;assent;adolescent-health;child-;age-appropriate;child;parental;developmental;protections;adult-derived;child-health;developmentally;adolescent;vulnerable-population;trials;network;adult;clinical;adolescents;confounding family;ethics explicit;family clustering;pediatric-subspecialty;outcomes;cohorts population;design ethics;strobe;consort;protocol;children;mental-health;reporting checklist;attrition;registration;icmje;consent;prisma;policy implication
jama-psychiatry	JAMA Psychiatry	breadth	journal	clinical-medicine	international	empirical	field		Clinical-Medicine-Journal-Skills	Clinical-Medicine-Journal-Skills/skills/jama-psychiatry/SKILL.md		psychiatry;jama;mental-health;neuroimaging;psychiatric;psychotherapy;neuropsychiatric;trials;clinical;biomarker;outcome ascertainment;safety monitoring;network;practice-relevant;blinding;adequate power;multiple comparisons;validated;response remission;suicide;symptom-scale;clinically;phenotype;confounding reverse;global-mental-health;important differences;reverse causation;including capacity;strobe;consort;consent including;protocol;the-lancet-psychiatry;replication;lancet family;trial;underpowered;reporting checklist;registration;icmje
jama-surgery	JAMA Surgery	breadth	journal	clinical-medicine	international	empirical	field		Clinical-Medicine-Journal-Skills	Clinical-Medicine-Journal-Skills/skills/jama-surgery/SKILL.md		surgical;jama surgery;risk adjustment;surgeon;jama network;surgical-trial;perioperative;patient-centered;adequate risk;surgical-subspecialty;standardization;surgical-outcomes;confounding indication;trials;registry;outcomes;learning curve;complications;blinding;practice-relevant;center clustering;center experience;experience reported;intervention standardized;reported intervention;single-surgeon;surgery instructions;surgery jama;technical success;technique reports;volume-outcome;graded standard;standard scheme;strobe;consort;including device;indication bias;protocol;disclosures including;comparative-effectiveness
journal-of-allergy-and-clinical-immunology	The Journal of Allergy and Clinical Immunology	breadth	journal	clinical-medicine	international	empirical	field		Clinical-Medicine-Journal-Skills	Clinical-Medicine-Journal-Skills/skills/journal-of-allergy-and-clinical-immunology/SKILL.md		allergy;immunology;asthma;aaaai;jaci;clinical;immune;allergic;allergic-disease;atopic;immunologic;disease;mechanistic;clinical-immunology;endotype;immune-assay;immunotherapy;biomarker;human;airway;eosinophilic;food drug;immunodeficiency;type inflammation;urticaria;endpoints;cohort;stard;prisma;strobe;consort;registration;protocol;comorbidity;translational;validation;trials;reporting checklist;descriptive case;disorders
journal-of-clinical-endocrinology-and-metabolism	Journal of Clinical Endocrinology and Metabolism	breadth	journal	clinical-medicine	international	empirical	field		Clinical-Medicine-Journal-Skills	Clinical-Medicine-Journal-Skills/skills/journal-of-clinical-endocrinology-and-metabolism/SKILL.md		endocrine;metabolism;endocrinology;jcem;clinical;hormone;diabetes;adrenal pituitary;thyroid;patient-oriented;assay;assays;reproductive;stard;diabetes-only;neuroendocrine;obesity lipid;pathophysiologic;placed dedicated;precis;pure animal;trials;endpoints;diagnostic;bone mineral;clinical-endocrinology;human translation;prisma;strobe;consort;humans;registration;confounding bias;trial;diabetologia;reporting checklist;society;better placed;disorders;described
journal-of-hepatology	Journal of Hepatology	breadth	journal	clinical-medicine	international	empirical	field		Clinical-Medicine-Journal-Skills	Clinical-Medicine-Journal-Skills/skills/journal-of-hepatology/SKILL.md		hepatology;easl;liver;mash;translational basic;disease;biomarker;clinical;masld;cirrhosis;fibrosis;endpoints;nomenclature;viral;validation cohort;basic hepatobiliary;descriptive single-center;acute-on-chronic;alcohol-related;cholangiocarcinoma;hepatocellular;management guideline;portal hypertension;stard;prisma;aasld;liver-disease;prespecified clinically;samples disease-relevant;strobe;consort;guideline implication;registration;protocol;practice advance;cell line;transplantation;trial;trials;mechanistic
journal-of-the-american-society-of-nephrology	Journal of the American Society of Nephrology	breadth	journal	clinical-medicine	international	empirical	field		Clinical-Medicine-Journal-Skills	Clinical-Medicine-Journal-Skills/skills/journal-of-the-american-society-of-nephrology/SKILL.md		kidney;nephrology;jasn;dialysis;disease;renal;clinical;american society;basic;translational;physiology;transplantation;trials;animal;omics;iacuc;egfr;glomerular;mechanism practice-changing;cell biology;prisma;registry slice;strobe;consort;diabetic;registration;cohorts;mechanistic;transplant;biomarker;reporting checklist;arrive-aligned;icmje;endpoints;arrive;consent;replication;perturbation;anchoring;basic-science
kidney-international	Kidney International	breadth	journal	clinical-medicine	international	empirical	field		Clinical-Medicine-Journal-Skills	Clinical-Medicine-Journal-Skills/skills/kidney-international/SKILL.md		kidney;nephrology;hypertension;clinical;epidemiologic;international;basic;translational;human relevance;dialysis;global-health;disease;generalizability;validated human;epidemiology;clinically translationally;representativeness confounding;translationally important;trials;human anchor;prisma;human anchoring;strobe;consort;registration;outcomes;global;transplantation;mechanism human;transplant;reporting checklist;diverse;health systems;settings;arrive-aligned;icmje;endpoints;arrive;consent;animal
nature-reviews-clinical-oncology	Nature Reviews Clinical Oncology	breadth	journal	clinical-medicine	international	empirical	field		Clinical-Medicine-Journal-Skills	Clinical-Medicine-Journal-Skills/skills/nature-reviews-clinical-oncology/SKILL.md		oncology;nature reviews;reviews clinical;clinical-oncology;proposal;unsolicited;balanced;commissioned;synthesis;primary-research;perspective;original;display items;cancer-care delivery;care cancer-care;decision frameworks;minutiae;non-selective;readership relevance;supportive survivorship;survivorship care;systematic component;topic-proposal;immuno-oncology;narrow single-study;schematics decision;authoritative;annals-of-oncology jama-oncology;cited literature;grounded cited;permissioned;report primary;industry ties;comprehensive;rather full;forward-looking;icmje;clinical question;display-item;primary literature
radiology	Radiology	breadth	journal	clinical-medicine	international	empirical	field		Clinical-Medicine-Journal-Skills	Clinical-Medicine-Journal-Skills/skills/radiology/SKILL.md		radiology;imaging;rsna;diagnostic-accuracy;stard;reference standard;quantitative-imaging;validation test;sample size;subspecialty;clinical;multi-site;acquisition;clinically;diagnostic;external validation;claims repeatability;imaging-ai;independent reference;inter-;intra-reader;justified reader;power justified;question valid;repeatability reproducibility;spectrum verification;standard sample;valid independent;interventional;bias addressed;image-guided;retrospective series;training validation;verification bias;appropriate reference;de-identified;meaningful;de-identification;medical-imaging;reporting reproducibility
stroke	Stroke	breadth	journal	clinical-medicine	international	empirical	field		Clinical-Medicine-Journal-Skills	Clinical-Medicine-Journal-Skills/skills/stroke/SKILL.md		stroke;cerebrovascular;neurology;preclinical;translational basic;vascular;prevention;recovery;small-vessel;thrombectomy;acute;arrive-aligned;randomization blinding;disease;clinical;imaging;cerebrovascular-specific;mechanistic;acute-care;blinding adequate;cerebral;hemorrhage;neurovascular;subarachnoid;thrombolysis;blinding controls;clinical-trials;stard;prisma;ischemic;rehabilitation;strobe;consort;registration;protocol;cohort reference;trial;reporting checklist;underpowered single-center;icmje
acm-asia-conference-on-computer-and-communications-security	ACM Asia Conference on Computer and Communications Security	breadth	conference	communication	international	empirical	field		Computer-Science-Conference-Skills	Computer-Science-Conference-Skills/skills/acm-asia-conference-on-computer-and-communications-security/SKILL.md		asiaccs;security;computer communications;asia conference;community focus;asia-pacific community;conference computer;attacks;strong international;ndss;international relevance;community cycle;artifact;pets;threat;ethical;anonymity;venue-specific;ethics;argument evaluation;asiaccs-specific routing;beyond simply;centers crypto;choosing regional;community beyond;conference asia;contribution asia;cryptocurrency payments;cryptography centers;cycle include;cycle treat;deadline define;economic-security privacy-first;esorics ieee;family financial;finance blockchain;full computer-security;handling community;include precise;natural route
acm-conference-on-computer-and-communications-security	ACM Conference on Computer and Communications Security	breadth	conference	communication	international	empirical	field		Computer-Science-Conference-Skills	Computer-Science-Conference-Skills/skills/acm-conference-on-computer-and-communications-security/SKILL.md		security;computer communications;cryptography software;privacy cryptography;conference computer;attacks;sigsac;software systems;threat;novelty complete;reviewer-proof;strong novelty;ndss;compare ieee;measurement;ieee oakland;adaptive;artifact;posture ethics;responsible handling;defense;usenix;pets;ethics disclosure;crypto;defenses;anonymity;venue-specific;acsac privacy;carefully right;ccs-specific routing;community distinguishes;constraints community;crypto-theory fits;defensible cross-area;esorics acsac;eurocrypt applied;evaluation broader;fits esorics;four ieee
communication-research	Communication Research	depth	journal	communication	international	empirical	field		Communication-Research-Skills		Communication-Research-Skills/resources/official-source-map.md	communication;message;hypotheses;communication-science question;health political;mediator;effect;persuasion;social-scientific;mediation;effects;platform;interpersonal;new-media;double-anonymized;rival accounts;moderation;process;testable mechanism;media;sage;quantitative;measurement;hypothesis-testing;tested;constructs;cumulative;processing;reliability;all-paradigm;back revise;commres-literature-positioning;panel content;panel surveys;reviews back;survey panel;surveys content;theory-testing;empirical debate;experiment survey
communications-earth-and-environment	Communications Earth & Environment	breadth	journal	communication	international	empirical	field		Agriculture-Environment-Journal-Skills	Agriculture-Environment-Journal-Skills/skills/communications-earth-and-environment/SKILL.md		earth;communications;environment;nature;portfolio;solid complete;environmental;nature-climate-change;nature-geoscience;reporting summary;planetary;complete broadly;finished advance;novelty improvement;preliminary fragment;signal noise;specialist-level rigor;statistics error;assumptions evaluation;openly;treatment observational;uncertainty sensitivity;immediate specialty;summary code-availability;honest comparison;comparison prior;error characterization;specialist;reporting data-availability;transformative;broad relevance;articulated;processes;matters beyond;beyond immediate;follow-up;significance;open-access;actual product;adjacent readers
communications-on-pure-and-applied-mathematics	Communications on Pure and Applied Mathematics	breadth	journal	communication	international	empirical	field		English-NaturalScience-Journal-Skills	English-NaturalScience-Journal-Skills/skills/communications-on-pure-and-applied-mathematics/SKILL.md		cpam;applied mathematics;mathematical;pure applied;communications pure;analytical;theorem-proof content;fully proved;equations;wiley;advances-in-mathematics;codes;analysts applied;applied problems;calculus variations;courant;partial differential;significance analysts;specialized technical;applied mathematicians;applied-mathematics;complete arguments;sketches unresolved;convey significance;narrowly specialized;unresolved cases;claim fully;post arxiv;proof;annals-of-mathematics;dynamical systems;siam;stating main;numerical;depth;posting;physics;demanding;every claim;substantially
ieee-international-conference-on-robot-and-human-interactive-communication	IEEE International Conference on Robot and Human Interactive Communication	breadth	conference	communication	international	empirical	field		Computer-Science-Conference-Skills	Computer-Science-Conference-Skills/skills/ieee-international-conference-on-robot-and-human-interactive-communication/SKILL.md		ro-man;communication;robot;human-robot;human interactive;robot-human;assistive;robotics interaction;social behavior;interaction design;design evaluation;ieee-ras;ieee international;conference;behavior human;human central;robot-interaction;dialogue trust;task distribution;icra iros;automation;artifact;anonymity;venue-specific;perception;case;failure cases;acm-ieee-international-conference-on-human-robot-interaction ieee-;automation-systems ieee;cases ethical;cognitive human;context report;design interaction;different audience;engineering entirely;handling human-subject;human-subject context;ieee major;ieee- international-conference-on-automation-science-and-engineering;include participant
ieee-journal-on-selected-areas-in-communications	IEEE Journal on Selected Areas in Communications	breadth	journal	communication	international	empirical	field		Engineering-Technology-Journal-Skills	Engineering-Technology-Journal-Skills/skills/ieee-journal-on-selected-areas-in-communications/SKILL.md		call;jsac;communications;frontier;ieee selected;selected areas;theme;call-driven;impact timeliness;active;system-level;cross-layer;routine;broad-scope;special-issue;issue;communications-systems;high-impact timely;machine-learning-for-communications;next-generation;optical quantum;preprints standards;recent preprints;relevant including;substantiated recent;systems networks;systems-and-networks;timeline contribution;recent relevant;current baselines;including recent;communication;ieee-transactions-on-wireless-communications;networking;ieee-transactions-on-communications;special issues;contribution generic;transaction;deadline;security
ieee-transactions-on-communications	IEEE Transactions on Communications	breadth	journal	communication	international	empirical	field		Engineering-Technology-Journal-Skills	Engineering-Technology-Journal-Skills/skills/ieee-transactions-on-communications/SKILL.md		transactions communications;tcom;scheme;communication;ieee transactions;performance;channel;system assumptions;derived analytically;fundamental-limit;corroborated;wireless-specific;simulation;latency;equalization;explicit realistic;imperfect mismatch;mismatch addressed;modulation detection;systems modulation;tuned competitors;throughput;analysis-plus-simulation;analytically feasible;architecture quantitative;communications information;correctly tuned;current correctly;optical;energy efficiency;information theory;baselines current;jsac;ieee-journal-on-selected-areas-in-communications;ieee-transactions-on-wireless-communications;performs;contribution quantitative;agreement;topical;capacity
ieee-transactions-on-wireless-communications	IEEE Transactions on Wireless Communications	breadth	journal	communication	international	empirical	field		Engineering-Technology-Journal-Skills	Engineering-Technology-Journal-Skills/skills/ieee-transactions-on-wireless-communications/SKILL.md		wireless;mimo;wireless-specific;channel;communications;ieee transactions;overhead;imperfect-csi;comms;outage;tcom;jsac;addressed matter;idealized assumptions;massive;mmwave;mobility effects;modeling estimation;simulation realistic;technique architecture;derived;analysis-plus-simulation;analytically feasible;correctly tuned;current correctly;effects addressed;feasible validated;perfect;validated simulation;performance;baselines current;ieee-journal-on-selected-areas-in-communications;spectral;ieee-transactions-on-communications;difficulty;rate;gains;competitors;latency;feedback
journal-of-communication	Journal of Communication	depth	journal	communication	international	empirical	field		Journal-of-Communication-Skills		Journal-of-Communication-Skills/resources/official-source-map.md	communication;platform;forum;quantitative computational;computational qualitative;media;general significance;main document;qualitative critical;double-anonymous;computational text-as-data;format original;persuasion;interpretive critical;field-wide;subfield;special issue;document pages;joc-literature-positioning;debate;message;whole field;instagram;interpersonal organizational;platform-bound;platform-only;health;cross-subfield;question newly;reconceptualization corrected;engage;disagreement;newly answers;generalist flagship;substantive;cares contribution;corrected record;cues;test general;effects
nature-communications	Nature Communications	breadth	journal	communication	international	empirical	field		English-NaturalScience-Journal-Skills	English-NaturalScience-Journal-Skills/skills/nature-communications/SKILL.md		nature communications;transparent peer;reporting summary;transparent peer-review;consent registration;multidisciplinary;life-sciences;commun;genuine interest;unlike nature;portfolio;nature itself;neighboring fields;peer-review opt-in;relevant discipline;human-participant;natural sciences;cross-disciplinary;complete;discipline-specific;sub-specialty;supplementary information;springer nature;open-access;chemistry physics;nature nature;equivalent;sample sizes;nature science;ethics consent;exceptional;biomedical;preliminary;earth;materials;word limit;beyond single;acceptable structure;adequate publication;advances genuine
new-media-and-society	New Media and Society	depth	journal	communication	international	empirical	field		New-Media-and-Society-Skills		New-Media-and-Society-Skills/resources/official-source-map.md	media;platform;datafication;digital;concept;society;content discourse;interdisciplinary;surveillance;seam;computational mixed;datafied;discourse computational;portable;sage;divide;privacy;algorithms everyday;anglophone canon;braid;fields away;online community;platform-labor;quantitative communication-science;labor;everyday life;political cultural;word target;social;single-field;networked;literatures;exemplars;rival account;disagreement;communication;interviews;platforms;away care;context collapse
public-opinion-quarterly	Public Opinion Quarterly	depth	journal	communication/polisci	international	empirical	field		Public-Opinion-Quarterly-Skills		Public-Opinion-Quarterly-Skills/resources/official-source-map.md	opinion;polls;survey;nonresponse;aapor;quarterly;public;weighting;public-opinion;error;mode;communication;aapor-standard;survey-methodology;survey-methods;total;coverage sampling;substantive;text notes;attitudes behavior;context synthesis;disclosure elements;original note;survey-error;methodological lineage;wording;measurement;validity;words;disclosable;methodological issues;notes note;opinion-theory;poll;poq-literature-positioning;poq-survey-design-and-measurement;question-wording;report exact;selectively publishes;show methodological
criminology	Criminology	depth	journal	criminology	international	empirical	field		Criminology-Skills		Criminology-Skills/resources/official-source-map.md	criminology;crime;criminological;wiley;life-course;justice;desistance;etiology;offending;deterrence;procedural;criminal-career;patterning control;victimization;note;within-person;correlation;bias-free;social;reappraisal;debate;theoretical;theory-forward;public policy;age-graded informal;apa-based;between-person;blinded anonymized;crim-literature-positioning;crim-research-design;criminal-justice;criminal-legal;disorganization;disposition;extends adjudicates;hot-spot;invoked tested;ncvs;neighborhoods;nibrs
aaai-acm-conference-on-ai-ethics-and-society	AAAI/ACM Conference on AI, Ethics, and Society	breadth	conference	cs-ai	international	empirical	field		Computer-Science-Conference-Skills	Computer-Science-Conference-Skills/skills/aaai-acm-conference-on-ai-ethics-and-society/SKILL.md		aies;ethics society;conference ethics;accountability;aaai conference;aies-conference;ethics governance;impacts socio-technical;safety social;social impacts;facct;normative;fairness;combines technical;socio-technical combines;empirical social;technical detail;artifact;venue-specific;acm-conference-on- fairness-accountability-and-transparency;affected stakeholders;aies-specific routing;assumptions governance;audits human;broad social;calibration ethics;centered technical-methods-forward;context affected;contribution ethics;contribution society;core ethics;cpaior acm-conference-on-;cscw general;current-cycle ethics;ecai break;empirical audits;ethics conference-fit;ethics core;general aaai;genuinely ethics
aaai-conference-on-human-computation-and-crowdsourcing	AAAI Conference on Human Computation and Crowdsourcing	breadth	conference	cs-ai	international	empirical	field		Computer-Science-Conference-Skills	Computer-Science-Conference-Skills/skills/aaai-conference-on-human-computation-and-crowdsourcing/SKILL.md		human computation;crowdsourcing;hcomp;collective intelligence;human-ai;aaai conference;conference human;collaboration collective;computation annotation;humancomputation;cscw;design annotation;human labor;hybrid intelligence;incentive design;intelligence contribution;labor incentive;quality hybrid;workflows task;annotation quality;task design;worker;contribution human;crowd;artifact;anonymity;venue-specific;ethics;surface;aaai tabletop;aies facct;algorithm rather;broader human-centered;change computational;collaboration aaai;collaboration systems;computation aaai;computation explains;computation labeling;computation whose
acm-conext	ACM CoNEXT	breadth	conference	cs-ai	international	empirical	field		Computer-Science-Conference-Skills	Computer-Science-Conference-Skills/skills/acm-conext/SKILL.md		conext;networking;sigcomm;technologies internet;infocom;measurement networked;emerging;networked systems;internet measurement;systems protocols;experimental measurement;focused novelty;novelty strong;strong experimental;measurement protocol;artifact;conference;conferences;eurosys;mobisys;anonymity;venue-specific;prototype;workload;angle necessarily;architecture protocol;backed sound;co-next current;community conext-specific;conext-specific routing;established flagship;experiment-forward community;experimental angle;experimental directions;field-defining newer;flagship route;focused forward-looking;forward-looking network;ideas backed;ieee leans
acm-conference-on-designing-interactive-systems	ACM Conference on Designing Interactive Systems	breadth	conference	cs-ai	international	empirical	field		Computer-Science-Conference-Skills	Computer-Science-Conference-Skills/skills/acm-conference-on-designing-interactive-systems/SKILL.md		interaction design;design critical;interactive systems;computing prototyping;critical computing;designing interactive;human-centered systems;prototyping human-centered;conference designing;design design;artifact theory;strong artifact;design strong;reflective;technical system;design knowledge;contribution type;anonymity;venue-specific;inquiry;ethics;accessibility;theory contribution;underpowered;acm-ieee-joint-conference-on- digital-libraries;argument richer;breadth design;clef acm-;compare tangible;conference interaction;core interaction;cscw collaborative;current dis-specific;current-cycle interaction;design conference-fit;design interactive;differently broad;digital-libraries jcdl;dis-specific routing;general breadth
acm-conference-on-fairness-accountability-and-transparency	ACM Conference on Fairness, Accountability, and Transparency	breadth	conference	cs-ai	international	empirical	field		Computer-Science-Conference-Skills	Computer-Science-Conference-Skills/skills/acm-conference-on-fairness-accountability-and-transparency/SKILL.md		facct;fairness accountability;accountability transparency;conference fairness;audits policy;measurement socio-technical;transparency audits;facctconference;policy measurement;aies;socio-technical systems;responsible;sociotechnical;grounded technical;responsible-ai whose;technical measurement;algorithmic systems;measurement social;social context;whose claims;claims grounded;harm;artifact;venue-specific;ethics policy;aaai broader;aaai-acm-conference- on-ai-ethics-and-society;accountability algorithmic;accountability audits;accountability fairness;audit design;audits routing;broader ai-ethics-and-society;calibration fairness;choices practical;collaboration social-platform;core facct-specific;core fairness;cpaior aaai-acm-conference-;cscw pure
acm-conference-on-intelligent-user-interfaces	ACM Conference on Intelligent User Interfaces	breadth	conference	cs-ai	international	empirical	field		Computer-Science-Conference-Skills	Computer-Science-Conference-Skills/skills/acm-conference-on-intelligent-user-interfaces/SKILL.md		intelligent;interfaces;interaction;user;recommender;explainable;ai-infused;adaptive;mobilehci;conference;experience jointly;intelligent-interface;jointly evaluated;mixed-initiative;technical system;ubicomp;artifact;interface;anonymity;centers;venue-specific;modeling;ethics;behavior;contribution type;acm-chi-conference-on-human- factors-in-computing-systems;acm-conference-on-computer-supported-cooperative-work- and-social-computing;acm-international-joint-conference-on-pervasive-and- ubiquitous-computing;adaptation central;ai-intelligence mobile-context;and-social-computing cscw;assistance personalization;broad recsys;central show;context match;coupling usability;crowd workflows;cscw acm-international-joint-conference-on-pervasive-and-;decision quality;emphasis iui-specific
acm-conference-on-recommender-systems	ACM Conference on Recommender Systems	breadth	conference	cs-ai	international	empirical	field		Computer-Science-Conference-Skills	Computer-Science-Conference-Skills/skills/acm-conference-on-recommender-systems/SKILL.md		recsys;recommender;evaluation fairness;recommendation ranking;fairness deployed;ranking user;user modeling;modeling evaluation;conference;offline;context leakage-aware;metrics user;leakage-aware evaluation;platform context;user platform;artifact;workload;acm-symposium-on-operating-systems-principles;behavior;sosp;anonymity;venue-specific;abstraction;contribution type;acm-symposium-on-user-interface- software-and-technology;architecture storage;calibration recommendation;core recommendation;data-mining emphasis;diversity feedback;dominate general;emphasis cscw;infrastructure architecture;learning advance;loops platform;make systems-first;mechanism workload-management;mining data-mining;modeling counterfactual;naturally recommendation
acm-conference-on-security-and-privacy-in-wireless-and-mobile-networks	ACM Conference on Security and Privacy in Wireless and Mobile Networks	breadth	conference	cs-ai	international	empirical	field		Computer-Science-Conference-Skills	Computer-Science-Conference-Skills/skills/acm-conference-on-security-and-privacy-in-wireless-and-mobile-networks/SKILL.md		wireless mobile;wisec;security;privacy;mobile networks;sensing network;mobile sensing;network context;physical network;conference;central threat;mobicom;context central;artifact;big-four;ndss;anonymity;venue-specific;cellular;workload;assumptions route;bluetooth sensing;calibration wireless;capability physical;central frame;connect adversary;context re-label;current-cycle wireless;distributed-computing scalability;edge-network focused;evaluation connect;focused compare;frame distinguishes;hpdc route;mobile build;mobile-edge assumptions;naturally wireless;networks wireless;protocol wireless-performance;re-label generic
acm-ieee-international-conference-on-model-driven-engineering-languages-and-systems	ACM/IEEE International Conference on Model Driven Engineering Languages and Systems	breadth	conference	cs-ai	international	empirical	field		Computer-Science-Conference-Skills	Computer-Science-Conference-Skills/skills/acm-ieee-international-conference-on-model-driven-engineering-languages-and-systems/SKILL.md		model-driven engineering;engineering languages;languages systems;languages transformations;modeling languages;conference driven;driven engineering;dsls software;transformations dsls;engineering modeling;software system;modeling language;semantics tooling;conf researchr;ieee international;icse;conference model-driven;tooling engineering;case credible;engineering case;language semantics;international conference;data-mining;artifact;anonymity;venue-specific;abstraction merely;calibration model-driven;code generation;core model-driven;credible include;credible semantics;credible treat;current-cycle model-driven;diagrams explain;engineering abstraction;engineering language;engineering workflow;engineering-conference ieee-international-conference-on-data-engineering;generation model-based
acm-ieee-joint-conference-on-digital-libraries	ACM/IEEE Joint Conference on Digital Libraries	breadth	conference	cs-ai	international	empirical	field		Computer-Science-Conference-Skills	Computer-Science-Conference-Skills/skills/acm-ieee-joint-conference-on-digital-libraries/SKILL.md		jcdl;digital libraries;preservation;conference digital;ieee joint;joint conference;archives scholarly;communication metadata;libraries archives;scholarly communication;information access;collection metadata;digital-library;metadata access;curation;sigir ecir;artifact;iswc;prompt;anonymity;annotation;venue-specific;retrieval;examples;reliability;contribution type;access best;access distinctive;access rewards;algorithms cikm;archiving metadata;behavior digital;calibration digital;contribution digital;contribution dominates;core digital;cscw social;current-cycle digital;digital collections;dominates distinguishes
acm-ieee-symposium-on-logic-in-computer-science	ACM/IEEE Symposium on Logic in Computer Science	breadth	conference	cs-ai	international	empirical	field		Computer-Science-Conference-Skills	Computer-Science-Conference-Skills/skills/acm-ieee-symposium-on-logic-in-computer-science/SKILL.md		lics;logic;theory automata;semantics type;ieee symposium;automata verification;siglog;computer science;type theory;verification proof;proof theory;theory theoretical;clear computer-science;computer-science relevance;icalp stoc;rigorous theorem;theorem contribution;artifact;icfp;programs benchmarks;real programs;developer;conference;contribution clear;anonymity;venue-specific;examples;foundations;contribution type;acm-sigplan-international- conference-on-functional-programming;algorithmic verification;applied algorithmic;automata applied;foreground definitions;foundational-logic icalp;international-conference-on-computer-aided- verification;lics-specific routing;logic-focused lics-specific;mining verification;programming-language implementation
acm-interactive-surfaces-and-spaces	ACM Interactive Surfaces and Spaces	breadth	conference	cs-ai	international	empirical	field		Computer-Science-Conference-Skills	Computer-Science-Conference-Skills/skills/acm-interactive-surfaces-and-spaces/SKILL.md		interactive surfaces;tangible;tabletops;surfaces spaces;interaction;displays;interfaces touch;spatial interfaces;collaborative;conference interactive;user task;interactive-surface;task visible;technique user;uist;crowdsourcing;hardware;artifact;anonymity;venue-specific;accessibility-first outcomes;broader human;calibration interactive;context user;core interactive;depends interactive;display environment;environment compare;ergonomics limitations;input room-scale;interface prototypes;iss-specific routing;limitations sensing;mid-air input;names interactive;naturally interactive;physical context;physical digital;prefer depends;prototypes route
acm-international-conference-on-mobile-human-computer-interaction	ACM International Conference on Mobile Human-Computer Interaction	breadth	conference	cs-ai	international	empirical	field		Computer-Science-Conference-Skills	Computer-Science-Conference-Skills/skills/acm-international-conference-on-mobile-human-computer-interaction/SKILL.md		mobile;mobilehci;interaction;human-computer;interfaces on-device;on-device sensing;wearable interfaces;user;conference;ubicomp;device-specific;pervasive sensing;intelligent;technical system;artifact;anonymity;centers;venue-specific;ethics;contribution type;acm-conference-on-intelligent-user- interfaces;acm-international-joint-conference-on-pervasive-and-ubiquitous- computing;acm-sigaccess-conference-on-computers-and-accessibility assets;adaptive interface;awareness dominates;battery privacy;behavior core;claim pervasive;considerations user-experience;constraints field;context device;contexts real;experience mobility-shaped;field mobility;framed neighbo;infrastructure context;interface mechanisms;interfaces acm-international-joint-conference-on-pervasive-and-ubiquitous-;measures battery;mechanisms behavior
acm-international-conference-on-multimedia-retrieval	ACM International Conference on Multimedia Retrieval	breadth	conference	cs-ai	international	empirical	field		Computer-Science-Conference-Skills	Computer-Science-Conference-Skills/skills/acm-international-conference-on-multimedia-retrieval/SKILL.md		multimedia;icmr;retrieval;video audio;cross-modal search;indexing;image video;search representation;representation learning;ranking metrics;conference;media-search;metrics realistic;retrieval-centered;sigir general;isbi miccai;baselines;artifact;international;anonymity;biomedical;media;query;venue-specific;acquisition segmentation;assumptions failure;audio modalities;audio real;based contri;calibration image;collection realism;core image;failure image;general cvpr;icmr-specific routing;imaging distinguishes;include ranking;ipmi task;medical-imaging routing;modalities current
acm-international-conference-on-tangible-embedded-and-embodied-interaction	ACM International Conference on Tangible, Embedded, and Embodied Interaction	breadth	conference	cs-ai	international	empirical	field		Computer-Science-Conference-Skills	Computer-Science-Conference-Skills/skills/acm-international-conference-on-tangible-embedded-and-embodied-interaction/SKILL.md		tangible;embodied interaction;embedded embodied;experiential;fabrication materials;interaction fabrication;interfaces embodied;materials sensors;ubicomp;conference;interaction inseparable;physical artifact;tangible-interaction;artifact interaction;pervasive;accessibility;technical system;venue-specific;ethics;contribution type;acm-international-conference-on-mobile- human-computer-interaction;acm-international-joint-conference- on-pervasive-and-ubiquitous-computing;acm-symposium-on-virtual-reality-software-and-technology vrst;artifact construction;artifacts prototype;assets acm-symposium-on-virtual-reality-software-and-technology;constraints user-study;construction interaction;context-aware deployments;contribution tei-specific;contributions even;could reduced;disability-centered access;embodied interface;embodied material;even involve;everyday sensing;experience part;human-computer-interaction mobilehci;include artifact
acm-international-joint-conference-on-pervasive-and-ubiquitous-computing	ACM International Joint Conference on Pervasive and Ubiquitous Computing	breadth	conference	cs-ai	international	empirical	field		Computer-Science-Conference-Skills	Computer-Science-Conference-Skills/skills/acm-international-joint-conference-on-pervasive-and-ubiquitous-computing/SKILL.md		ubicomp;pervasive;ubiquitous;computing;sensing;context awareness;mobile wearable;joint conference;awareness real-world;international joint;real-world deployments;wearable systems;systems context;interaction;field-valid;ubiquitous-computing deployed;mobilehci;tangible;technical system;artifact;venue-specific;contribution type;accessibility-specific route;acm-conference-on-computer- supported-cooperative-work-and-social-computing;acm-conference-on-intelligent- user-interfaces;acm-international-conference-on-tangible-embedded-and-embodied-interaction break;artifacts accessibility-first;assets accessibility-specific;awareness mobile;context realism;context-aware systems;core ubicomp-specific;cscw acm-conference-on-intelligent-;deployment duration;deployments best;deployments distinctive;deployments longitudinal;deployments rewards;duration sensor;everyday settings
acm-international-symposium-on-high-performance-parallel-and-distributed-computing	ACM International Symposium on High-Performance Parallel and Distributed Computing	breadth	conference	cs-ai	international	empirical	field		Computer-Science-Conference-Skills	Computer-Science-Conference-Skills/skills/acm-international-symposium-on-high-performance-parallel-and-distributed-computing/SKILL.md		hpdc;distributed computing;parallel distributed;high-performance;scheduling workflows;data-intensive;computing cloud;international symposium;distributed settings;cloud systems;systems scheduling;ppopp;distributed performance;realistic distributed;performance realistic;artifact;resource management;workload;sigmetrics;conference;anonymity;venue-specific;runtime;architecture osdi;behavior scale;broad network;calibration parallel;claim distributed;cloud resource;cloud scheduling;communities main;compare flagship;computing distributed;computing real;current-cycle parallel;distributed execution;distributed runtimes;distributed-computing systems;execution scheduling;gains build
acm-mobicom	ACM MobiCom	breadth	conference	cs-ai	international	empirical	field		Computer-Science-Conference-Skills	Computer-Science-Conference-Skills/skills/acm-mobicom/SKILL.md		mobile;mobicom;wireless;networking;sigmobile;networks edge;mobisys;sensing;computing;edge systems;infrastructure;constraints convincing;convincing deployment;edge connectivity;network performance;nsdi broader;radio behavior;artifact;wisec security;systems real;sigcomm nsdi;conference;end-to-end;security privacy;deployment constraints;mobility;spectrum;anonymity;platform;venue-specific;workload;behavior matters;broader networked-systems;central like;channel deployment;claims wisec;compare sigcomm;connectivity measurement;design edge;flagship radio
acm-mobisys	ACM MobiSys	breadth	conference	cs-ai	international	empirical	field		Computer-Science-Conference-Skills	Computer-Science-Conference-Skills/skills/acm-mobisys/SKILL.md		mobisys;mobile;systems sensing;sensing wearables;edge computing;wearables edge;mobicom;embedded;sigmobile;real-device constraints;mobile-systems;ubiquitous;artifact;measurements survive;survive real-device;applications;wireless;deployment;conference;ubicomp;abstractions;services;energy;anonymity;venue-specific;nsdi;networking;workload;application behavior;application system;behavior matter;constraints operating;decisive novelty;depends real-device;design mobility;edge application;edge computation;experience longitudinal;human context-rich;imwut user
acm-sigaccess-conference-on-computers-and-accessibility	ACM SIGACCESS Conference on Computers and Accessibility	breadth	conference	cs-ai	international	empirical	field		Computer-Science-Conference-Skills	Computer-Science-Conference-Skills/skills/acm-sigaccess-conference-on-computers-and-accessibility/SKILL.md		accessibility;assistive technology;sigaccess;accessible computing;conference computers;inclusive design;computing assistive;design user-centered;disability inclusive;technology disability;user-centered evaluation;assets;ubicomp;community-grounded;designed evaluation;ethically designed;framing ethically;pervasive sensing;tangible;technical system;ethics;artifact;anonymity;user;venue-specific;users;interaction;contribution type;access barriers;access participant;accessibility-centered regardless;accommodation context;acm-international-conference-on- mobile-human-computer-interaction;acm-international-conference-on-tangible- embedded-and-embodied-interaction;acm-symposium-on-virtual-reality-software-and- technology;artifacts pervasive;barriers object;bring accessibility-centered;calibration accessible;computing people
acm-sigcomm	ACM SIGCOMM	breadth	conference	cs-ai	international	empirical	field		Computer-Science-Conference-Skills	Computer-Science-Conference-Skills/skills/acm-sigcomm/SKILL.md		sigcomm;networking;congestion control;internet;centers congestion;protocols centers;networked;computer networks;measurement protocols;conext;infocom;control routing;credible scale;framing measurement;implementation credible;measurement implementation;network systems;sharp problem;artifact;architecture protocols;problem framing;protocols measurement;conferences;conference;comparison mature;deployment constraints;anonymity;venue-specific;nsdi;workload;baselines explicit;behavior measurement;calibration networks;design congestion;field-defining sigcomm-specific;focused experimental;generic distributed-systems;home emerging;larger performance;make network-scale
acm-siggraph	ACM SIGGRAPH	breadth	conference	cs-ai	international	empirical	field		Computer-Science-Conference-Skills	Computer-Science-Conference-Skills/skills/acm-siggraph/SKILL.md		siggraph;graphics;animation;visual;rendering;geometry interaction;simulation geometry;computer;asia;north;advance plus;production-aware;clear technical;mathematical system;simulation imaging;computing;asian;technical advance;conference;eurographics;artifact;venue-specific;summer;transactions;acm-international-conference-on- multimedia;acm-international-conference-on-multimedia-retrieval icmr;america track;audience around;broader mixes;choose region;cities choose;community late-year;counterpart runs;craft emerging;culture broader;cycle strategically;eccv recognition;evaluation visible;feel like;gathering technical
acm-siggraph-asia	ACM SIGGRAPH Asia	breadth	conference	cs-ai	international	empirical	field		Computer-Science-Conference-Skills	Computer-Science-Conference-Skills/skills/acm-siggraph-asia/SKILL.md		siggraph;asia;graphics;animation rendering;asia-pacific;visual;rendering geometry;geometry simulation;computing;eurographics;north;flagship-level novelty;novelty reproducible;production ecosystem;program rhythm;late-year;conference;pacific;regional;artifact;computer;anonymity;venue-specific;fallback;summer;cycle;acm-international-conference-on- multimedia-retrieval;advance package;america family;american event;asia-specific routing;asian cities;become special;cities november;communities rather;community vision;cycle-specific plan;different hemisphere;ecosystem program;ecosystem route
acm-siggraph-eurographics-symposium-on-computer-animation	ACM SIGGRAPH/Eurographics Symposium on Computer Animation	breadth	conference	cs-ai	international	empirical	field		Computer-Science-Conference-Skills	Computer-Science-Conference-Skills/skills/acm-siggraph-eurographics-symposium-on-computer-animation/SKILL.md		animation;motion;siggraph;computeranimation;control crowds;crowds deformable;eurographics symposium;physics-based;simulation control;computer;character;contribution demonstrated;quality technical;technical mechanism;perceptual;conference;artifact;anonymity;venue-specific;whose contribution;aaai-conference-on-human- computation-and-crowdsourcing;animated examples;artist user;asia show;baselines clone-audit;clinical route;coling lrec-coling;collapse generic;computation-and-crowdsourcing hcomp;conference-on-virtual-reality-and- d-user-interfaces;contact handling;control contact;control performance;controllability physical;crowd behavior;deformable best;deformable distinctive;deformable rewards;deformation crowd;even system
acm-siggraph-symposium-on-interactive-3d-graphics-and-games	ACM SIGGRAPH Symposium on Interactive 3D Graphics and Games	breadth	conference	cs-ai	international	empirical	field		Computer-Science-Conference-Skills	Computer-Science-Conference-Skills/skills/acm-siggraph-symposium-on-interactive-3d-graphics-and-games/SKILL.md		interactive;graphics;real-time;siggraph;games;rendering;visual;dsymposium;systems algorithms;symposium;quality matter;simulation;asia;conference;ieee;artifact;latency;anonymity;game;venue-specific;perception;comparisons relevant;cycle show;d-specific routing;details comparisons;displays real-time-rendering;european-conference-on-computer-vision winter;full flagship;interactivity compare;ismar immersive;knowledge distinguishes;matter include;matter treat;presence immersive-experience;quality scene;real-time-rendering graphics-systems-centered;route full;route user-interface;scene complexity;scenes systems
acm-sigir-conference-on-human-information-interaction-and-retrieval	ACM SIGIR Conference on Human Information Interaction and Retrieval	breadth	conference	cs-ai	international	empirical	field		Computer-Science-Conference-Skills	Computer-Science-Conference-Skills/skills/acm-sigir-conference-on-human-information-interaction-and-retrieval/SKILL.md		chiir;human information;information interaction;retrieval;interactive;conference human;sigir;interaction search;search behavior;user-centered;exploratory search;design part;behavior interaction;user;interaction design;artifact;anonymity;venue-specific;acm-ieee-joint-conference-on-digital-libraries jcdl;behavior evaluation;behavior exploratory;beyond offline;calibration human;chiir-specific routing;clef break;coling ieee-international-conference-on-acoustics-speech-and-;collaboration cscw;computational-linguistics coling;core human;cscw core;data-mining ecml;human-centered implications;human-information chiir-specific;icassp acm-ieee-joint-conference-on-digital-libraries;icdm social;ieee-international-conference-on-acoustics-speech-and- signal-processing;information seeking;interaction secondary;interaction side;international-conference-on- computational-linguistics
acm-sigir-conference-on-research-and-development-in-information-retrieval	ACM SIGIR Conference on Research and Development in Information Retrieval	breadth	conference	cs-ai	international	empirical	field		Computer-Science-Conference-Skills	Computer-Science-Conference-Skills/skills/acm-sigir-conference-on-research-and-development-in-information-retrieval/SKILL.md		sigir;information retrieval;ranking;recommendation evaluation;evaluation conversational;conference development;development information;retrieval search;retrieval-augmented;conversational search;retrieval flagship;test collections;trec;ecir;chiir;cikm;baselines test;collections measurement;measurement validity;artifact;prompt;anonymity;annotation;venue-specific;examples;interactive;reliability;behavior retrieval;blends databases;campaign nist;collections shared;conference cite;evaluation recommendation-adjacent;flagship information;language-method contributions;management language-method;nist test;recommendation-adjacent retrieval;retrieval recommendation;retrieval systems
acm-sigmetrics	ACM SIGMETRICS	breadth	conference	cs-ai	international	empirical	field		Computer-Science-Conference-Skills	Computer-Science-Conference-Skills/skills/acm-sigmetrics/SKILL.md		sigmetrics;queueing;performance evaluation;measurement modeling;performance measurement;modeling networks;stochastic;networks systems;workload;design analytical;hotnets;artifact;networking;contribution treat;hpdc;analytical contribution;measurement design;conference;anonymity;venue-specific;characterization;acm-conference-on-security-and-privacy-in-wireless-and-mobile- networks;acm-sigplan-symposium-on- principles-and-practice-of-parallel-programming;acm-workshop-on-hot-topics-in- networks;behave observed;belongs performance;calibration performance;current-cycle performance;evaluation center;explains systems;genuinely performance;itself reusable;lens validated;measured speedups;measurement build;measurement explains;mechanisms sigcomm;modeling measurement;naturally performance;novelty performance-measurement
acm-sigmod-international-conference-on-management-of-data	ACM SIGMOD International Conference on Management of Data	breadth	conference	cs-ai	international	empirical	field		Computer-Science-Conference-Skills	Computer-Science-Conference-Skills/skills/acm-sigmod-international-conference-on-management-of-data/SKILL.md		sigmod;database;query processing;management transactions;processing management;systems query;transactions lakes;data-management;conference management;vldb;lakes systems;contribution realistic;systems algorithmic;realistic workloads;transactions storage;algorithmic contribution;strong systems;international conference;processing transactions;pvldb;implementation details;workload realism;icdm;icde;artifact;anonymity;venue-specific;mining;cycle;acm-symposium-on-theory-of-computing ieee-symposium-on-foundations-of-computer-science;architecture clear;audit connect;baselines theory;capability creates;claim formatting;clear dense;compare international-conference-on-very-large-data-bases;conference-cycle deadline;consistency properties;correctness consistency
acm-sigplan-international-conference-on-functional-programming	ACM SIGPLAN International Conference on Functional Programming	breadth	conference	cs-ai	international	empirical	field		Computer-Science-Conference-Skills	Computer-Science-Conference-Skills/skills/acm-sigplan-international-conference-on-functional-programming/SKILL.md		functional programming;icfp;conference functional;semantics compilers;systems semantics;type systems;sigplan international;language design;compilers theorem;programming type;proving language;theorem proving;functional-programming;icfpconference;languages type;popl;pldi;oopsla;international conference;clear language-community;language-community relevance;compilers program;depth clear;artifact;implementation;lics;programming languages;programs benchmarks;real programs;developer;technical depth;anonymity;venue-specific;examples;principles;abstraction changes;abstractions verified;applications centered;applications formal;broader design
acm-symposium-on-virtual-reality-software-and-technology	ACM Symposium on Virtual Reality Software and Technology	breadth	conference	cs-ai	international	empirical	field		Computer-Science-Conference-Skills	Computer-Science-Conference-Skills/skills/acm-symposium-on-virtual-reality-software-and-technology/SKILL.md		vrst;virtual;software;techniques rendering;immersive;interaction techniques;rendering systems;systems interaction;environments;reality;developer;contribution immersive-performance;symposium;artifact;technology;programs benchmarks;real programs;conference;software-engineering;contribution type;anonymity;venue-specific;acm-international-conference-on- tangible-embedded-and-embodied-interaction;acm-sigaccess-conference-on-computers- and-accessibility;and-accessibility assets;architecture interaction;embodied real-time;esem center;experience esem;graphics interaction-design;gravity empirical;immersive-performance include;immersive-performance treat;immersive-system contribution;interaction-design depth;ismar uist;perceptual graphics;performance virtual-environment;projects compare;real-time experience
acm-workshop-on-hot-topics-in-networks	ACM Workshop on Hot Topics in Networks	breadth	conference	cs-ai	international	empirical	field		Computer-Science-Conference-Skills	Computer-Science-Conference-Skills/skills/acm-workshop-on-hot-topics-in-networks/SKILL.md		hotnets;networking;workshop;concise position;directions concise;ideas provocative;network directions;topics networks;early-stage;conferences sigcomm;full-system;provocative systems;systems network;credible early;crisp thesis;early make;early rather;idea crisp;thesis credible;artifact;hpdc;sigmetrics;conference;anonymity;venue-specific;maturity;workload;contribution type;acm-conference-on-security-and-privacy-in-wireless-and-mobile-networks wisec;compact provocative;credible full;deliberately early;direction credible;enough early;full sigcomm;hotnets-specific routing;ideas conference-fit;implications missing;make direction;modeling move
annual-computer-security-applications-conference	Annual Computer Security Applications Conference	breadth	conference	cs-ai	international	empirical	field		Computer-Science-Conference-Skills	Computer-Science-Conference-Skills/skills/annual-computer-security-applications-conference/SKILL.md		acsac;security;annual computer;applications conference;applied computer;assurance usable;operational defenses;esorics;systems operational;pets;lessons;applied-security;careful risk;ndss;attacks;applied operational;risk framing;deployable;artifact;anonymity;venue-specific;ethics;acm-asia-conference-on-computer-and- communications-security;acsa applied;acsac-specific routing;administrative context;adversaries usability;applied deployment-oriented;applied measurement;asiaccs break;assumptions deployment;broadly ieee;calibration applied;communications-security asiaccs;compare ieee-symposium-on-security;conference acsa;conference applied;constraints realistic;cryptocurrency broad;current-cycle applied
artificial-intelligence-and-statistics	International Conference on Artificial Intelligence and Statistics	breadth	conference	cs-ai	international	empirical	field		Computer-Science-Conference-Skills	Computer-Science-Conference-Skills/skills/artificial-intelligence-and-statistics/SKILL.md		aistats;statistical machine;probabilistic modeling;theory-backed;causal statistical;intelligence statistics;modeling causal;learning probabilistic;conference artificial;statistically grounded;artificial intelligence;machine learning;inference;grounded stronger;uncertainty theory;systems novelty;pure systems;international conference;identifiability;theory pure;colt;artifact;anonymity;venue-specific;aaai international-joint-conference-on-artificial-intelligence;aaai-conference-on-artificial- intelligence;aistats-specific routing;application spectacle;assumptions probabilistic;broad scale;clarity application;conference statistical;contribution statistically;contribution statistics;core statistical;current-cycle statistics;decision-making uncertainty;depth dominates;dominates icml;emphasize assumptions
asian-conference-on-computer-vision	Asian Conference on Computer Vision	breadth	conference	cs-ai	international	empirical	field		Computer-Science-Conference-Skills	Computer-Science-Conference-Skills/skills/asian-conference-on-computer-vision/SKILL.md		accv;vision;computer;asian;asia-pacific community;applications strong;community visibility;regional flagship;strong asia-pacific;accv-conf;wacv;eccv;conference;rigorous focused;seeking rigorous;focused international;anonymity;cvpr iccv;artifact;venue-specific;ablations;accv-specific routing;anchored asia-pacific;application-forward winter-cycle;applications-forward held;baselines protocol;biennial anchored;bmvc international-conference-on-;british- machine-vision-conference;cases clear;clear current;complement fallback;d-vision break;domain validation;especially recognition;fallback prestige;flagship global;flagships global;general-vision cvpr;held winter
asian-conference-on-machine-learning	Asian Conference on Machine Learning	breadth	conference	cs-ai	international	empirical	field		Computer-Science-Conference-Skills	Computer-Science-Conference-Skills/skills/asian-conference-on-machine-learning/SKILL.md		acml;machine learning;regional flagship;acml-conf;conference machine;applications strong;asian conference;community visibility;strong asia-pacific;asia-pacific community;theory applications;learning theory;contribution seeking;seeking focused;focused international;rigorous contribution;wsdm;data-mining;artifact;anonymity;venue-specific;inference procedure;contribution type;acm-international-conference- on-web-search-and-data-mining;advances learnable;ai-application parking;application reusable;automl collas;class inference;collas recommending;compare mlhc;construction lifelong-learning;current-cycle regional;discovery search;european-conference-on-machine-learning-and-principles-and-practice-of- knowledge-discovery;generalization benchmark;generic ai-application;genuinely regional;health deployment;insight primarily
british-machine-vision-conference	British Machine Vision Conference	breadth	conference	cs-ai	international	empirical	field		Computer-Science-Conference-Skills	Computer-Science-Conference-Skills/skills/british-machine-vision-conference/SKILL.md		bmvc;vision;bmva;british machine;learning visual;recognition learning;community focus;visual computing;pattern recognition;accv;conference;wacv;clear specialist;sound contribution;computer;isbi;multimodal;multimedia;iccv eccv;technically sound;contribution clear;cvpr iccv;artifact;anonymity;venue-specific;ablations;maturity;audience geometry;bmvc-specific routing;bring vision-centric;claim recognition;clean baselines;computer-vision pattern-recognition;conference-on- d-vision;contribution bmvc-specific;d-only audience;d-vision ieee-international-symposium-on-biomedical-imaging;eccv tier;especially d-only;focused largely
conference-and-labs-of-the-evaluation-forum	Conference and Labs of the Evaluation Forum	breadth	conference	cs-ai	international	empirical	field		Computer-Science-Conference-Skills	Computer-Science-Conference-Skills/skills/conference-and-labs-of-the-evaluation-forum/SKILL.md		clef;evaluation forum;conference labs;evaluation campaigns;labs evaluation;campaigns shared;clef-initiative;multilingual retrieval;tasks multilingual;retrieval benchmark;shared tasks;comes benchmark;design shared-task;shared-task rigorous;value comes;benchmark design;rigorous evaluation;artifact;anonymity;whose value;contribution type;prompt;annotation;venue-specific;examples;reliability;acm-conference-on-designing-interactive-systems acm-;acm-ieee-joint-conference-on-digital- libraries;acm-sigir-conference-on-human- information-interaction-and-retrieval;ai-use artifa;benchmark best;benchmark distinctive;benchmark rewards;campaigns conference-fit;chiir acm-ieee-joint-conference-on-digital-;contribution forum;current-cycle evaluation;forum conference;forum explains;genuinely evaluation
conference-on-computational-natural-language-learning	Conference on Computational Natural Language Learning	breadth	conference	cs-ai	international	empirical	field		Computer-Science-Conference-Skills	Computer-Science-Conference-Skills/skills/conference-on-computational-natural-language-learning/SKILL.md		conll;learning;computational natural;structured prediction;multilingual modeling;prediction shared;semantics multilingual;tasks semantics;natural language;language structured;shared tasks;conference computational;machine;careful comparison;comparison strong;novelty careful;artifact;linguistic;prompt;anonymity;annotation;venue-specific;examples;generalization;baselines;reliability;contribution type;conference-on-robot-learning corl;conll-specific routing;corl ieee-international-conference-on-software-;emnlp resources;icsme break;ieee-international-conference-on-software- maintenance-and-evolution;interspeech language-learning;language conference-fit;language-learning central;lrec-coling speech;maintenance-and-evolution icsme;miccai conference-on-robot-learning;phenomenon datasets
conference-on-health-inference-and-learning	Conference on Health, Inference, and Learning	breadth	conference	cs-ai	international	empirical	field		Computer-Science-Conference-Skills	Computer-Science-Conference-Skills/skills/conference-on-health-inference-and-learning/SKILL.md		chil;health;chilconference;fairness robustness;robustness deployment;clinical inference;inference learning;systems fairness;machine learning;deployment constraints;conference;claims context;clear claims;grounding validation;validation discipline;clinical grounding;discipline clear;artifact;anonymity;venue-specific;acm-sigkdd-conference-on-knowledge- discovery-and-data-mining;allocation constraint;changes validation;chil-specific routing;clinical setting;clinical shift;collas international-conference-on-automated-machine-learning;conference-on-lifelong-learning- agents;constraint modeling;constraints best;constraints distinctive;constraints rewards;contribution solver;cpaior icaps;delivery health-system;deployment fairness;design resource;discovery-and-data-mining break;examples central;failure route
conference-on-lifelong-learning-agents	Conference on Lifelong Learning Agents	breadth	conference	cs-ai	international	empirical	field		Computer-Science-Conference-Skills	Computer-Science-Conference-Skills/skills/conference-on-lifelong-learning-agents/SKILL.md		continual;collas;lifelong;learning;agents;adaptation transfer;nonstationary;lifelong-ml;transfer memory;automl;conference;retention;agent-learning;distribution shift;evaluated time;rather static;static benchmark;tasks distribution;time tasks;mlsys;artifact;icml iclr;anonymity;venue-specific;neurips icml;adaptation tradeoff;agent lifetime;automation-of-ml neurips;benchmark include;benchmark treat;broad neurips;chil break;collas-specific routing;colt conference-on-machine-learning-and-systems;community target;continual-learning automation-of-ml;distributions memory;evaluation stress-tests;forgetting adaptation;impossible miss
eurographics	Eurographics Annual Conference	breadth	conference	cs-ai	international	empirical	field		Computer-Science-Conference-Skills	Computer-Science-Conference-Skills/skills/eurographics/SKILL.md		eurographics;graphics;visualization simulation;siggraph;processing visualization;simulation interaction;rendering;european;annual conference;geometry processing;pacific;asia;visual;computer;contribution polished;cgf-track;specialist contribution;strong specialist;asia-pacific;visuals;demonstrations;artifact;anonymity;venue-specific;cycle;acm-siggraph- symposium-on-interactive-;archival appear;avoid writing;careful geometric;cgf-style contribution;clear recent;community directly;computing route;conference route;d-graphics-and-games break;emphasize specialist;eurographics-specific routing;explain contribution;flagship eurographics-specific;generic siggraph-lite
european-conference-on-information-retrieval	European Conference on Information Retrieval	breadth	conference	cs-ai	international	empirical	field		Computer-Science-Conference-Skills	Computer-Science-Conference-Skills/skills/european-conference-on-information-retrieval/SKILL.md		ecir;retrieval;european conference;conference information;evaluation search;interaction recommender;search interaction;recommender systems;chiir;cikm;community rigorous;suited european;sigir;rigorous evaluation;trec;evaluation culture;applications;european community;artifact;prompt;anonymity;annotation;venue-specific;examples;interactive;cycle;reliability;contribution type;best compare;campaign task-appropriate;conference community;counterpart field;culture include;culture treat;emnlp modeling;european known;field route;global flagship;irsg-backed springer;known strong
european-conference-on-machine-learning-and-principles-and-practice-of-knowledge-discovery	European Conference on Machine Learning and Principles and Practice of Knowledge Discovery in Databases	breadth	conference	cs-ai	international	empirical	field		Computer-Science-Conference-Skills	Computer-Science-Conference-Skills/skills/european-conference-on-machine-learning-and-principles-and-practice-of-knowledge-discovery/SKILL.md		ecml;pkdd;knowledge-discovery;european;mining;knowledge discovery;discovery databases;applications data-centric;ecmlpkdd;learning principles;practice knowledge;conference machine;principles practice;data-mining;ecml-pkdd;machine learning;positioned broad;icml neurips;artifact;anonymity;venue-specific;acml the-web-conference;algorithmic applied;applied discovery-process;asian- conference-on-machine-learning;assumptions discovery;baselines practical;chiir collaboration;collaboration social;conference-on-machine-learning acml;cscw top-general;data-centric best;data-centric distinctive;data-centric rewards;databases springer;databases target;discovery task;discovery-process novelty;external-link supp;flagship icml
european-symposium-on-research-in-computer-security	European Symposium on Research in Computer Security	breadth	conference	cs-ai	international	empirical	field		Computer-Science-Conference-Skills	Computer-Science-Conference-Skills/skills/european-symposium-on-research-in-computer-security/SKILL.md		esorics;security;european;cryptography applications;symposium computer;acsac;privacy;systems cryptography;pets;attacks;suited broad;computer-security;artifact;conference;threat;anonymity;venue-specific;ethics;acm-asia- conference-on-computer-and-communications-security;asiaccs iacr-conference-on-;big-four flagships;ches break;communities natural;conference-on-computer-and-communications-security asiaccs;contributions remember;crypto formal;cryptographic-hardware-and-embedded-systems ches;esorics-specific routing;flagships ieee;full route;iacr-conference-on- cryptographic-hardware-and-embedded-systems;ndss esorics-specific;popets route;present rigorous;privacy-enhancing-technologies- symposium;privacy-enhancing-technology general;privacy-first protocol;privacy-specific publishes;publishes popets;remember big-four
eurovis	EuroVis	breadth	conference	cs-ai	international	empirical	field		Computer-Science-Conference-Skills	Computer-Science-Conference-Skills/skills/eurovis/SKILL.md		visualization;eurovis;visual analytics;analytics scientific;european;ieee;eurographics;analytic value;clear analytic;specialist novelty;novelty clear;conference;information;technical system;interaction;uist;artifact;anonymity;venue-specific;graphics;ethics;domain;abstraction visual;assumptions insight;body pipeline;claims fits;clear match;community treat;design perception;different organizing;eurovis-specific routing;fits visual-interface;flagship umbrella;interface hardware;larger flagship;pipeline eurovis-specific;prestige scientific;route interface;social-computing claims;systems visual
iacr-conference-on-cryptographic-hardware-and-embedded-systems	IACR Conference on Cryptographic Hardware and Embedded Systems	breadth	conference	cs-ai	international	empirical	field		Computer-Science-Conference-Skills	Computer-Science-Conference-Skills/skills/iacr-conference-on-cryptographic-hardware-and-embedded-systems/SKILL.md		ches;cryptographic hardware;iacr;conference cryptographic;embedded;attacks;countermeasures;hardware side;security implementation;crypto hardware;side channels;crypto-implementation;leakage reproducible;precise leakage;reproducible hardware;artifact;venue-specific;anonymity;ethics;contribution type;acm-asia-conference-on-computer-and-communications-security asiaccs;asiaccs financial-cryptography-and-data-security;calibration cryptographic;computer-security esorics;conference jour;contribution crypto;core cryptographic;current-cycle crypto;esorics acm-asia-conference-on-computer-and-communications-security;european-symposium-on-research-in- computer-security;financial-cryptography-and-data-security break;genuinely crypto;hardware conference-fit;hardware explains;hardware include;hardware treat;hardware whose;naturally cryptographic;risks crypto;routing european-symposium-on-research-in-
ieee-automatic-speech-recognition-and-understanding-workshop	IEEE Automatic Speech Recognition and Understanding Workshop	breadth	conference	cs-ai	international	empirical	field		Computer-Science-Conference-Skills	Computer-Science-Conference-Skills/skills/ieee-automatic-speech-recognition-and-understanding-workshop/SKILL.md		speech;asru;automatic;recognition;understanding workshop;spoken language;low-resource;language understanding;foundation;ieee;interspeech;careful decoding;decoding robustness;speech-recognition careful;spoken-language;conference;artifact;prompt;anonymity;annotation;venue-specific;examples;reliability;contribution type;asr-focused workshop;biennial workshop;contribution distinguishes;downstream tasks;focused recognition-and-understanding-centered;icassp signal;isca general;language technologies;rewards speech-recognition;robustness include;robustness treat;signature speech-recognition;smaller asr-focused;technologies downstream;technology emnlp;understanding focused
ieee-conference-on-virtual-reality-and-3d-user-interfaces	IEEE Conference on Virtual Reality and 3D User Interfaces	breadth	conference	cs-ai	international	empirical	field		Computer-Science-Conference-Skills	Computer-Science-Conference-Skills/skills/ieee-conference-on-virtual-reality-and-3d-user-interfaces/SKILL.md		virtual;ieee;reality;immersive;user interfaces;analytics perception;haptics;interaction;ieeevr;siggraph;conference;graphics;connects technical;augmented;interfaces perception;novelty measured;technical novelty;user experience;real-time;uist;artifact;anonymity;venue-specific;embodied;agents distinguishes;claims route;compare ismar;considerations immersive-task;context user-study;device context;experience include;experience treat;headset device;immersion presence;immersive-task realism;include headset;latency sickness;measures latency;perception system;presence user
ieee-infocom	IEEE INFOCOM	breadth	conference	cs-ai	international	empirical	field		Computer-Science-Conference-Skills	Computer-Science-Conference-Skills/skills/ieee-infocom/SKILL.md		infocom;networking;network algorithms;distributed network;conext;communications networks;protocols performance;wireless distributed;networks protocols;performance wireless;computer communications;sigcomm;info;ieee;eurosys;protocols wireless;solid analytical;empirical performance;artifact;analytical empirical;conference;anonymity;venue-specific;workload;algorithmic communications-oriented;algorithms best;algorithms distinctive;algorithms often;algorithms protocols;algorithms rewards;analytical performance;assumptions protocol;bring analytical;broad coverage;communication-network performance;communications conference-fit;computer-communications protocols;contribution infocom-specific;coverage including;deployment assumptions
ieee-international-conference-on-automation-science-and-engineering	IEEE International Conference on Automation Science and Engineering	breadth	conference	cs-ai	international	empirical	field		Computer-Science-Conference-Skills	Computer-Science-Conference-Skills/skills/ieee-international-conference-on-automation-science-and-engineering/SKILL.md		automation;manufacturing;cyber-physical;scheduling industrial;industrial robotics;case;logistics;science engineering;ieee-ras;ro-man;systems scheduling;ieee international;conference;algorithmic design;combines algorithmic;operations;automation-systems;task distribution;icra iros;robot;artifact;anonymity;venue-specific;workflow;reliability;acm-ieee-international-conference- on-human-robot-interaction;algorithms operational;allocation deployment;applied-engineering contributions;case-specific routing;cognitive different;connect algorithms;constraints throughput;contributions case-specific;dual-submission exte;engineering target;envelopes resource;general manipulation;ieee-international-conference-on-robot-and-human- interactive-communication;international-symposium-on-robotics-research isrr
ieee-international-conference-on-software-analysis-evolution-and-reengineering	IEEE International Conference on Software Analysis, Evolution and Reengineering	breadth	conference	cs-ai	international	empirical	field		Computer-Science-Conference-Skills	Computer-Science-Conference-Skills/skills/ieee-international-conference-on-software-analysis-evolution-and-reengineering/SKILL.md		saner;reengineering;evolution;software;reverse engineering;code intelligence;icsme;icse;conference;ieee international;developer;conf researchr;practical tool;software-analysis;tool clear;maintenance;program comprehension;artifact;leaning;issta;programs benchmarks;real programs;validity;automation;threats;anonymity;venue-specific;broad automated;compare international-c;comprehension refactoring;comprehension route;context artifacts;contributions saner-specific;debt migration;explain existing;expose software-history;flagships mining-repositories;fuzzing bug-finding;histories compare;mainly testing
ieee-international-requirements-engineering-conference	IEEE International Requirements Engineering Conference	breadth	conference	cs-ai	international	empirical	field		Computer-Science-Conference-Skills	Computer-Science-Conference-Skills/skills/ieee-international-requirements-engineering-conference/SKILL.md		requirements engineering;engineering conference;international requirements;traceability validation;elicitation;modeling traceability;stakeholder-centered;stakeholder;ieee international;conf researchr;validation requirements;software;artifact;process modeling;programs benchmarks;real programs;developer;icse;anonymity;venue-specific;automated;specification;contribution type;absorb requirements;acm-ieee-international-conference-on-model-driven-engineering-languages-and- systems;acm-interactive-surfaces-and- spaces;audience re-specific;bring requirements-specific;broadly bring;calibration requirements;changes requirements;compliance validation;conference requirements;current-cycle requirements;engineering broadly;flagships absorb;genuinely requirements;international-symposium-on-research-in-attacks-intrusions-and-defenses raid;lifecycle position;modeling include
ieee-international-symposium-on-biomedical-imaging	IEEE International Symposium on Biomedical Imaging	breadth	conference	cs-ai	international	empirical	field		Computer-Science-Conference-Skills	Computer-Science-Conference-Skills/skills/ieee-international-symposium-on-biomedical-imaging/SKILL.md		biomedical imaging;isbi;imaging algorithms;symposium biomedical;reconstruction segmentation;algorithms microscopy;imaging reconstruction;microscopy medical;segmentation quantitative;medical imaging;quantitative imaging;international symposium;biomedicalimaging;ieee international;biomedical relevance;miccai;design biomedical;image-based;imaging-methods;vision;acquisition reconstruction;strong experimental;iccv eccv;conference;cvpr iccv;experimental design;artifact;anonymity;venue-specific;clinical;algorithms conference-fit;annotation ground-truth;beyond generic;biological image;calibration biomedical;computing intervention;constraints validation;core biomedical;current-cycle biomedical;eccv isbi-specific
ieee-international-symposium-on-mixed-and-augmented-reality	IEEE International Symposium on Mixed and Augmented Reality	breadth	conference	cs-ai	international	empirical	field		Computer-Science-Conference-Skills	Computer-Science-Conference-Skills/skills/ieee-international-symposium-on-mixed-and-augmented-reality/SKILL.md		ismar;augmented;reality;mixed;displays immersive;immersive computing;tracking perception;interaction displays;perception interaction;systems tracking;international symposium;ieee international;perceptual validation;user perceptual;validation deployment;system user;conference;artifact;deployment constraints;anonymity;venue-specific;contribution type;acm-siggraph-eurographics-symposium-on-computer-animation ieee-conference-on-virtual-reality-and-;appear system;benchmark compare;calibration tracking;cameras displays;coling break;constraints embodied;cvpr isbi;diagnosis static;display latency;displays appear;environments registration;error spatial;icpr acm-siggraph-eurographics-symposium-on-computer-animation;ieee international-conference-on-computational-linguistics;ieee-conference-on-virtual-reality-and- d-user-interfaces;image benchmark;immersive workflow
ieee-pacific-visualization-symposium	IEEE Pacific Visualization Symposium	breadth	conference	cs-ai	international	empirical	field		Computer-Science-Conference-Skills	Computer-Science-Conference-Skills/skills/ieee-pacific-visualization-symposium/SKILL.md		visualization;pacificvis;visual analytics;analytics asia-pacific;ieee pacific;community focus;asia-pacific community;visual design;symposium;design targeted;targeted evaluation;strong visual;interaction;artifact;technical system;conference;uist;contribution type;interface;anonymity;user;venue-specific;ethics;knowledge;accessibility;domain;analytics workflow;community focused;compare assets;cvpr match;eurovis broader;evaluation visual;fits pacific;ieee eurovis;image-recognition multimedia;insight produced;novelty clone-audit;object encoding;retrieval system;scale ieee
ieee-ras-international-conference-on-humanoid-robots	IEEE-RAS International Conference on Humanoid Robots	breadth	conference	cs-ai	international	empirical	field		Computer-Science-Conference-Skills	Computer-Science-Conference-Skills/skills/ieee-ras-international-conference-on-humanoid-robots/SKILL.md		humanoid;humanoids;robots;ieee-ras;whole-body;human-like;robotics;locomotion manipulation;robocup;control locomotion;manipulation perception;conference;hardware;bipedal;perception integration;leagues;control perception;dars;interaction;task;icra iros;robot;artifact;anonymity;venue-specific;distribution;reliability;archival humanoid-science;balance control;behavior balance;benchmark icra;breadth fits;competition-anchored event;competitions benchmark;contributions competition;embodiment report;experimental-robotics iser;factor contribution;failures tied;fits ieee
ieee-spoken-language-technology-workshop	IEEE Spoken Language Technology Workshop	breadth	conference	cs-ai	international	empirical	field		Computer-Science-Conference-Skills	Computer-Science-Conference-Skills/skills/ieee-spoken-language-technology-workshop/SKILL.md		spoken;language technology;speech;technology workshop;language understanding;spoken-language;audio-language;translation synthesis;understanding dialogue;interspeech;asru;ieee;choices speech-specific;interaction deployment;modeling choices;speech-specific interaction;ties modeling;conference;artifact;prompt;anonymity;annotation;venue-specific;examples;generation;reliability;acl-family specify;acm-sigir-conference-on- research-and-development-in-information-retrieval;acoustic language;centered understanding;conditions evaluation;coverage robustness;dialogue understanding;ecir break;european-conference-on- information-retrieval;evaluation metrics;information-retrieval ecir;input task-appropriate;isca broad;language conditions
ieee-visualization-conference	IEEE Visualization Conference	breadth	conference	cs-ai	international	empirical	field		Computer-Science-Conference-Skills	Computer-Science-Conference-Skills/skills/ieee-visualization-conference/SKILL.md		visualization;ieee;visual;eurovis;analytics;systems evaluation;scientific;encoding;ieeevis;conference;appropriate contribution;precise task;rationale evaluation;evaluation appropriate;graphics;tvcg;information;community cycle;contribution flagship;technical system;artifact;contribution type;anonymity;venue-specific;ethics;interaction;abstraction task;acm-symposium-on-user-interface-software-and-technology acm-conference-;algorithms siggraph;audience pipeline;claim generic;connect abstraction;counterpart publishing;differentiate organizing;geometry distinguishes;interface techniques;organizing community;publishing differentiate;rationale match;siggraph eurographics-family
international-conference-for-high-performance-computing-networking-storage-and-analysis	International Conference for High Performance Computing, Networking, Storage and Analysis	breadth	conference	cs-ai	international	empirical	field		Computer-Science-Conference-Skills	Computer-Science-Conference-Skills/skills/international-conference-for-high-performance-computing-networking-storage-and-analysis/SKILL.md		supercomputing;high-performance computing;networking storage;performance computing;storage networks;computing networking;conference performance;computing storage;parallel systems;performance portability;scientific;scale performance;systems impact;international conference;artifact;workload;hpdc;hpca;anonymity;venue-specific;workloads;contribution type;acm-international-symposium-on-high-performance-parallel-and- distributed-computing;acm-sigplan-symposium-on-principles-and-practice-of-parallel- programming;architecture mechanisms;architecture-only isca;asplos distributed;calibration high-performance;computing scale;conference high-performance;configuration application;contribution high-performance;core high-performance;cross-layer architecture;distributed cloud;efficiency reproducibility;engineering networking;experiment build;flagship anchor;flagship primary
international-conference-on-3d-vision	International Conference on 3D Vision	breadth	conference	cs-ai	international	empirical	field		Computer-Science-Conference-Skills	Computer-Science-Conference-Skills/skills/international-conference-on-3d-vision/SKILL.md		vision;embodied perception;neural rendering;rendering scene;dvconf;geometry depth;reconstruction geometry;understanding embodied;depth neural;scene understanding;conference;geometry representation;evaluation central;representation evaluation;bmvc;visual;artifact;anonymity;venue-specific;recognition;github;contribution type;accv british-machine-vision-conference;acm-international-conference-on-multimedia break;breadth ismar;calibration reconstruction;camera pose;center compare;component detail;control primary;core geometric;datasets embodied;depth estimation;depth robotics;detail rather;dv-specific routing;embodied policy;estimation neural;fidelity camera;geometric reconstruction
international-conference-on-advanced-visual-interfaces	International Conference on Advanced Visual Interfaces	breadth	conference	cs-ai	international	empirical	field		Computer-Science-Conference-Skills	Computer-Science-Conference-Skills/skills/international-conference-on-advanced-visual-interfaces/SKILL.md		visual;interfaces;conference advanced;visualization;interface;interaction information;multimodal;design tools;avi-conference;user task;interactive;international conference;concrete user;eurovis ieee;novelty concrete;visual-interface;interaction technique;technical system;uist;artifact;contribution type;anonymity;venue-specific;graphics;ethics;alone compare;avi-specific routing;center connect;claim avi-specific;communication constraints;constraints match;contribution advanced;display user-facing;implementation user;information display;interaction route;novelty center;systems intelligent;task include;task treat
international-conference-on-automated-machine-learning	International Conference on Automated Machine Learning	breadth	conference	cs-ai	international	empirical	field		Computer-Science-Conference-Skills	Computer-Science-Conference-Skills/skills/international-conference-on-automated-machine-learning/SKILL.md		automl;architecture search;neural architecture;meta-learning;automated;hyperparameter optimization;search hyperparameter;conference;collas;improves search;machine learning;benchmarking;automation improves;final leaderboard;leaderboard number;process final;search process;mlsys;artifact;anonymity;venue-specific;benchmark system;agents bring;automates decisions;automation central;automl-specific routing;benchmarks central;budget tradeoffs;calibration neural;central automl-specific;chil machine-learning-for-health;community benchmarks;compute budget;conference-on-health- inference-and-learning;conference-on-machine-learning-and- systems;contributions neurips;decisions route;final score;flagships automation;flagships cover
international-conference-on-automated-planning-and-scheduling	International Conference on Automated Planning and Scheduling	breadth	conference	cs-ai	international	empirical	field		Computer-Science-Conference-Skills	Computer-Science-Conference-Skills/skills/international-conference-on-automated-planning-and-scheduling/SKILL.md		planning scheduling;icaps;automated planning;scheduling search;temporal;conference automated;reasoning decision;decision processes;planner;icaps-conference;planning formal;formal problem;problem structure;structure empirical;international-;international conference;aamas;artifact;empirical theoretical;anonymity;venue-specific;benchmark;accuracy discovery;broader compare;conference icaps-specific;constraints planners;constraints schedules;contribution part;cpaior hybrid;current icaps-;current-cycle planning;decision-process formulation;depth aaai;discovery data-mining;domain decision-process;domains central;evaluated operational;formulation shows;generic algorithmic;generic predictive
international-conference-on-autonomous-agents-and-multiagent-systems	International Conference on Autonomous Agents and Multiagent Systems	breadth	conference	cs-ai	international	empirical	field		Computer-Science-Conference-Skills	Computer-Science-Conference-Skills/skills/international-conference-on-autonomous-agents-and-multiagent-systems/SKILL.md		multiagent;aamas;autonomous agents;conference autonomous;aamas-conference;game-theoretic interaction;interaction auctions;learning game-theoretic;negotiation coordination;auctions negotiation;decentralized;agent interaction;main object;decision-making main;interaction incentives;international conference;artifact;workload;anonymity;venue-specific;aamas-specific routing;agents conference-fit;automated-planning-and-scheduling icaps;behavior equilibrium;calibration autonomous;compilers serving;coordination best;coordination distinctive;coordination incentives;coordination rewards;coordination structure;core autonomous;cpaior break;current-cycle agents;decision-making route;equilibrium coordination;expose strategic;hardware-aware training;icaps international-conference-on-principles-of-;incentives negotiation
international-conference-on-computational-linguistics	International Conference on Computational Linguistics	breadth	conference	cs-ai	international	empirical	field		Computer-Science-Conference-Skills	Computer-Science-Conference-Skills/skills/international-conference-on-computational-linguistics/SKILL.md		coling;computational linguistics;multilingual;conference computational;syntax resources;resources language;semantics syntax;language technology;computational-linguistics linguistic;grounding broad;linguistic grounding;relevance visible;international conference;broad relevance;artifact;anonymity;venue-specific;acm-sigir-conference-on-human-information-interaction-and-retrieval chiir;animation graphics;behavior compare;calibration computational;chiir break;claimed error;coling-specific routing;communities primary;core computational;coverage claimed;d-user- interfaces;error tied;evaluation linguistically;graphics speech;icassp acm-sigir-conference-on-human-information-interaction-and-retrieval;ieee ieee-international-conference-on-acoustics-speech-and-signal-;ieee-conference-on-virtual-reality-and- d-user-;ieee-international-conference-on-acoustics-speech-and-signal- processing;ieee-international-symposium-on- mixed-and-augmented-reality;include linguistic;informed route;international-conference-on-machine-learning international-conferenc;interspeech broad
international-conference-on-discovery-science	International Conference on Discovery Science	breadth	conference	cs-ai	international	empirical	field		Computer-Science-Conference-Skills	Computer-Science-Conference-Skills/skills/international-conference-on-discovery-science/SKILL.md		discovery science;automated discovery;conference discovery;data-driven scientific;discovery data-driven;explainable patterns;inference explainable;patterns knowledge;science discovery;scientific inference;knowledge discovery;discovery workflows;inesc-id;scientific discovery;international conference;another predictive;discovery process;process another;science international;science conference;k-cap;data-mining;artifact;capture;anonymity;venue-specific;science rather;algorithmic discovery;algorithmic learning;algorithmic-discovery compare;belongs discovery;center semantic-web;co-located algorithmic;conference algorithmic;current-cycle discovery;discovery conference-fit;discovery knowledge;discovery scientific;discovery support;discovery-and-learning-theory-flavored iswc
international-conference-on-knowledge-capture	International Conference on Knowledge Capture	breadth	conference	cs-ai	international	empirical	field		Computer-Science-Conference-Skills	Computer-Science-Conference-Skills/skills/international-conference-on-knowledge-capture/SKILL.md		k-cap;knowledge;capture;acquisition;engineering human-ai;workflows structured;iswc;semantic-web;conference;acquiring;maintaining operationalizing;curation;graph;artifact;international;anonymity;venue-specific;reasoning;building capturing;capture-focused formal;centers building;converting expertise;data-system execution;elicitation representation;engineering human-in-the-loop;engines icde;execution engines;expert user;expertise reusable;generic pattern-recognition;human support;infrastructure formal;interoperability linked-data;k-cap-specific routing;knowledge-graph flagship;knowledge-source provenance;linked-data claims;modeling converting;modeling workflow;ontology engineering
international-conference-on-pattern-recognition	International Conference on Pattern Recognition	breadth	conference	cs-ai	international	empirical	field		Computer-Science-Conference-Skills	Computer-Science-Conference-Skills/skills/international-conference-on-pattern-recognition/SKILL.md		icpr;pattern recognition;biometrics;conference pattern;vision;recognition document;signal patterns;pattern-recognition;learning signal;iapr;recognition tasks;international conference;machine learning;iccv eccv;relevance careful;cvpr iccv;careful empirical;empirical validation;broad relevance;artifact;computer;anonymity;venue-specific;mining;alone icml;broad pattern;calibration pattern;community icpr-specific;computer-vision benchmark;core pattern;current-cycle pattern;data-engineering infrastructure;database data-engineering;datasets evaluation;design datasets;eccv community;eccv those;emphasize recognition;error patterns;families compare
international-conference-on-principles-and-practice-of-constraint-programming	International Conference on Principles and Practice of Constraint Programming	breadth	conference	cs-ai	international	empirical	field		Computer-Science-Conference-Skills	Computer-Science-Conference-Skills/skills/international-conference-on-principles-and-practice-of-constraint-programming/SKILL.md		constraint programming;propagation search;practice constraint;conference principles;principles practice;combinatorial optimization;optimization propagation;programming combinatorial;search modeling;modeling languages;cp-conference;representation reasoning;algorithmic clarity;benchmarked modeling;clarity benchmarked;constraint-solving;modeling advantages;modeling propagation;programming modeling;contribution constraint;satisfiability;international conference;operations-research;cpaior;solving;solver;artifact;anonymity;venue-specific;constraints;advantages include;advantages treat;algorithms planning;application optimization;behavior benchmark;benchmark families;boolean-satisfiability specific;central technical;comparisons modeling;constraint paradigm
international-conference-on-principles-of-knowledge-representation-and-reasoning	International Conference on Principles of Knowledge Representation and Reasoning	breadth	conference	cs-ai	international	empirical	field		Computer-Science-Conference-Skills	Computer-Science-Conference-Skills/skills/international-conference-on-principles-of-knowledge-representation-and-reasoning/SKILL.md		reasoning;knowledge representation;nonmonotonic;ontologies;argumentation;principles knowledge;conference principles;explainable;symbolic;formal semantics;logics;solving;commitments formal;representational commitments;semantics central;logic;satisfiability;international conference;formalisms;semantic-web;aaai ijcai;iswc;solver;artifact;anonymity;venue-specific;audience kr-specific;belief change;choose formal-reasoning;compare neural-information-proce;complexity examples;defenses security;engineering aaai;explicit compare;formal-reasoning community;generalist flagships;ijcai generalist;knowledge-capture systems;kr-specific routing;make formal
international-conference-on-theory-and-applications-of-satisfiability-testing	International Conference on Theory and Applications of Satisfiability Testing	breadth	conference	cs-ai	international	empirical	field		Computer-Science-Conference-Skills	Computer-Science-Conference-Skills/skills/international-conference-on-theory-and-applications-of-satisfiability-testing/SKILL.md		satisfiability;solver;encodings;solving;conference theory;proof complexity;interfaces proof;maxsat;theory applications;broader constraint;constraint programming;encoding;behavior proof;design central;benchmarks applications;knowledge-representation;engineering;testing;international conference;formalisms;artifact;anonymity;venue-specific;applications route;benchmark diversity;center include;central compare;comparisons benchmark;competitions broader;correctness handling;diversity proof;handling technique;helps compare;international-conference-on-learning-representations aaai-conference-on-artificial-inte;logic central;paradigm boolean-satisfiability-specific;programming formal;programming paradigm;programming verification;proof logging
international-natural-language-generation-conference	International Natural Language Generation Conference	breadth	conference	cs-ai	international	empirical	field		Computer-Science-Conference-Skills	Computer-Science-Conference-Skills/skills/international-natural-language-generation-conference/SKILL.md		generation;inlg;natural language;data-to-text;international natural;controllability;inlgmeeting;conference;dialogue;evaluation;human automatic;rigorous human;task framing;meaning representation;realization;prompt;reliability;acl-family;artifact;annotation;venue-specific;examples;semantics;github;and-evaluation lrec-coling;assessment generated;association-for-computational-linguistics naacl;audience inlg-specific;calibration natural;connection explicit;contribution producing;controls example-to-metric;core natural;eacl sigdial-conference-on-discourse-and-dialogue;entailment main;european-chapter-of-the-association- for-computational-linguistics;example-to-metric connection;explicit task-appropriate;factuality human;for-computational-linguistics eacl
international-symposium-on-distributed-autonomous-robotic-systems	International Symposium on Distributed Autonomous Robotic Systems	breadth	conference	cs-ai	international	empirical	field		Computer-Science-Conference-Skills	Computer-Science-Conference-Skills/skills/international-symposium-on-distributed-autonomous-robotic-systems/SKILL.md		dars;multi-robot;distributed;autonomy;autonomous robotic;decentralized control;coordination;robotic systems;robots;kuralab;robotics decentralized;swarm;international symposium;robocup;humanoids;task distribution;scalable;conference;artifact;anonymity;assumptions;venue-specific;contribution type;communication collective;competition-league robotics;control field;dars-specific routing;ieee-ras- international-conference-on-humanoid-robots;include team;modes scalability;route humanoid;scalability real;size communication;swarms decentralized;team size;teams communication;page limits;conference-on-robot-learning re-route;field teams;humanoid embodiment
international-symposium-on-empirical-software-engineering-and-measurement	International Symposium on Empirical Software Engineering and Measurement	breadth	conference	cs-ai	international	empirical	field		Computer-Science-Conference-Skills	Computer-Science-Conference-Skills/skills/international-symposium-on-empirical-software-engineering-and-measurement/SKILL.md		esem;empirical software;software engineering;engineering measurement;qualitative surveys;surveys synthesis;symposium empirical;measurement experiments;empirical measurement;experiments qualitative;international symposium;conf researchr;developer;measurement main;design validity;saner;validity measurement;vrst;artifact;programs benchmarks;real programs;conference;software-engineering;empirical design;anonymity;venue-specific;contribution type;acm-international-conference-on-the-foundations-of-software-engineering ieee-acm-internati;acm-sigplan-international-conference-on-functional-programming icfp;behavior software-process;benchmark construction;build systems;calibration empirical;coding survey;compare repository-mining;current-cycle empirical;detail real;developers build;emphasis tosem;empirical conference-fit
international-symposium-on-experimental-robotics	International Symposium on Experimental Robotics	breadth	conference	cs-ai	international	empirical	field		Computer-Science-Conference-Skills	Computer-Science-Conference-Skills/skills/international-symposium-on-experimental-robotics/SKILL.md		iser;experimental robotics;symposium experimental;isrr;international symposium;embodied learning;field robots;learning real-world;manipulation navigation;navigation embodied;real-world validation;robotics field;robots manipulation;robot;iser-robotics;task distribution;icra iros;experimental real-world;real-world performance;robotics experimental;performance contribution;conference;inspectable;reset;single-track;artifact;anonymity;venue-specific;trials;agenda-setting robotics;behavior controlled;broader robotics;calibration experimental;claims ro-man;comparison robotic;conditions confuse;constraints repeatability;contribution experimentally;controlled experimental;current-cycle experimental
international-symposium-on-research-in-attacks-intrusions-and-defenses	International Symposium on Research in Attacks, Intrusions and Defenses	breadth	conference	cs-ai	international	empirical	field		Computer-Science-Conference-Skills	Computer-Science-Conference-Skills/skills/international-symposium-on-research-in-attacks-intrusions-and-defenses/SKILL.md		raid;attacks;defenses;intrusions;malware;intrusion;security;detection;cybercrime;international symposium;raid-symposium;operations;operational;defense realistic;realistic evaluation;usenix ndss;attack defense;measurement;conference;artifact;anonymity;venue-specific;domain;adversary deployment;defense compare;deployment provenance;evasion ethical;formal knowledge-representation;incident deployed;include adversary;monitoring route;ndss those;pets threat;raid-specific routing;reasoning broad;rewards attack;signature attack;specialized raid-specific;wisec pets;page limits
international-symposium-on-robotics-research	International Symposium on Robotics Research	breadth	conference	cs-ai	international	empirical	field		Computer-Science-Conference-Skills	Computer-Science-Conference-Skills/skills/international-symposium-on-robotics-research/SKILL.md		isrr;robotics;algorithms embodied;embodied intelligence;foundational robot;intelligence emerging;robot algorithms;emerging directions;international symposium;iser;isrr-robotics;symposium-level;icra iros;agenda value;clear agenda;depth clear;task distribution;single-track;conference;artifact;compare;anonymity;venue-specific;agenda durable;agenda-setting deeply;architectures long-horizon;benchmark one-off;conceptual agenda;contribution principles;corl broad;deeply integrated;depth conceptual;directions best;directions distinctive;emphasis isrr-specific;emphasizes experiment-validated;experiment value;experiment-heavy validation;foundational visionary;hardware trial
joint-international-conference-on-computational-linguistics-language-resources-and-evaluation	Joint International Conference on Computational Linguistics, Language Resources and Evaluation	breadth	conference	cs-ai	international	empirical	field		Computer-Science-Conference-Skills	Computer-Science-Conference-Skills/skills/joint-international-conference-on-computational-linguistics-language-resources-and-evaluation/SKILL.md		language resources;lrec-coling;resources evaluation;computational linguistics;annotation;evaluation corpora;linguistics language;infrastructure computational;joint international;linguistic infrastructure;conference computational;resource evaluation;licensing;reliability;evaluation documentation;reuse value;international conference;inlg;interspeech;artifact;prompt;anonymity;venue-specific;examples;intended;annual-meeting-of-the-association-for-computational-linguistics conference-on-empirical-methods-in-natural-language-process;conference joint;corpora multilingual;coverage evaluation;evaluation focus;evaluation target;focus central;grounded route;icfp generation-specific;include provenance;linguistic coverage;linguistically grounded;linguistics best;linguistics distinctive;linguistics rewards
machine-learning-for-health	Machine Learning for Health	breadth	conference	cs-ai	international	empirical	field		Computer-Science-Conference-Skills	Computer-Science-Conference-Skills/skills/machine-learning-for-health/SKILL.md		machine learning;healthcare machine;learning health;biomedical deployment;deployment responsible;learning clinical;mlforhc;prediction biomedical;responsible evaluation;clinical prediction;confounding deployment;deployment risks;health-focused;leakage confounding;medical leakage;respects medical;whose respects;conference;artifact;anonymity;contribution type;venue-specific;acm-sigkdd-conference-on-knowledge-discovery-and-data-mining ieee-international-conference-on-data-mining;calibration healthcare;chil acm-sigkdd-conference-on-knowledge-discovery-and-data-mining;core healthcare;health computer-science;health contribution;health machine;health primary;health target;icdm break;ieee-international-conference-on-data-mining icdm;naturally healthcare;risks include;risks treat;target healthcare;treat health;page limits;automated-machine-learning automl
medical-image-computing-and-computer-assisted-intervention	International Conference on Medical Image Computing and Computer Assisted Intervention	breadth	conference	cs-ai	international	empirical	field		Computer-Science-Conference-Skills	Computer-Science-Conference-Skills/skills/medical-image-computing-and-computer-assisted-intervention/SKILL.md		miccai;medical image;conference medical;medical imaging;assisted intervention;computer assisted;computing computer;image computing;anatomy clinical;computational anatomy;image image-guided;intervention computational;image-guided intervention;clinical validation;international conference;claims utility;clinical-task;grounding robust;robust validation;validation careful;careful claims;artifact;contribution type;anonymity;venue-specific;accountability-and-transparency facct;acm-conference-on-fairness- accountability-and-transparency;calibration medical;conference-on- robot-learning;conference-on-computational-natural-language-learning conll;conll conference-on-;contribution imaging;core medical;corl break;current-cycle medical;ecai conference-on-computational-natural-language-learning;facct european-conference-on-artificial-intelligence;genuinely medical;image conference-fit;imaging international
mining-software-repositories	Mining Software Repositories	breadth	conference	cs-ai	international	empirical	field		Computer-Science-Conference-Skills	Computer-Science-Conference-Skills/skills/mining-software-repositories/SKILL.md		mining;software;developer;msrconf;empirical datasets;behavior empirical;analytics;repositories;saner;validity threats;icse;construction validity;threats reproducible;careful construction;tools;artifact;icsme;conference;issta;programs benchmarks;real programs;repository;maintenance;anonymity;venue-specific;workflow;contribution type;acm-sigsoft-international-symposium-on-software- testing-and-analysis;behavior repository-derived;centers repository-data;cleaning construct;commits issues;contribution mines;data-mining-of-software-artifacts often;datasets route;empirical msr-specific;empirical version-control;engineering-and-measurement esem;esem break;evolution claims
neural-information-processing-systems	Conference on Neural Information Processing Systems	breadth	conference	cs-ai	international	empirical	field		Computer-Science-Conference-Skills	Computer-Science-Conference-Skills/skills/neural-information-processing-systems/SKILL.md		neurips;broad machine;neural information;processing systems;conference neural;information processing;generative optimization;learning generative;optimization statistics;statistics interdisciplinary;machine learning;benchmark family;beyond benchmark;broad high-novelty;high-novelty matters;artifact;venue-specific;anonymity;international-conference-on-learning-representations;matters beyond;strong baselines;current-year;contribution type;aaai-conference-on-artificial-intelligence international-joint-conference-on-artificial-intelligence;breadth matter;compare international-conference-on-machine-learning;core broad;cross-area specialists;family include;guide whether;iclr break;interdisciplinary best;interdisciplinary distinctive;interdisciplinary rewards;international-conference-on- machine-learning;international-joint-conference-on-artificial-intelligence re-route;lens cross-area;machine-learning icml;matter outside;naturally broad
pacific-graphics	Pacific Graphics	breadth	conference	cs-ai	international	empirical	field		Computer-Science-Conference-Skills	Computer-Science-Conference-Skills/skills/pacific-graphics/SKILL.md		graphics;pacific;asia-pacific;visual computing;computing rendering;geometric computing;nccu;visualization geometric;animation;eurographics;siggraph asia;comparative demonstrations;visual-computing;computer;clear comparative;computing specialist;technique comparative;specialist novelty;conference;novelty clear;visuals;artifact;anonymity;venue-specific;cycle;acm-siggraph-asia siggraph;acm-siggraph-symposium-on-interactive- d-graphics-and-games;asia publishes;broad multimedia;community siggraph;computing good;contribution cgf-style;d-graphics-and-games international-conference-on-advanced-visual-interfaces;demonstrations regional;fallback current;geometry visualization;good foregrounds;graphics-specific routing;international-conference-on-advanced-visual-interfaces break;larger cgf-track
privacy-enhancing-technologies-symposium	Privacy Enhancing Technologies Symposium	breadth	conference	cs-ai	international	empirical	field		Computer-Science-Conference-Skills	Computer-Science-Conference-Skills/skills/privacy-enhancing-technologies-symposium/SKILL.md		privacy;pets;technologies;enhancing;anonymity differential;measurement policy-aware;petsymposium;acsac;esorics;policy-aware systems;security;symposium;clear adversary;matched clear;attacks;formal empirical;claims matched;threat attacker;artifact;conference;ndss;ethics;venue-specific;acm-conference-on-computer-and- communications-security;adversary include;adversary treat;anonymous communication;attacker knowledge;bring privacy-technology;communications-security network-and-distributed-system-security-symposium;contribution anonymous;contributions general;differential measurement;european-symposium-on-research- in-computer-security;knowledge leakage;leakage measurement;limits protection;lncs bring;main domain;measurement differential
robocup	RoboCup Symposium	breadth	conference	cs-ai	international	empirical	field		Computer-Science-Conference-Skills	Computer-Science-Conference-Skills/skills/robocup/SKILL.md		robocup;competitions;soccer;robotics;robot;rescue service;service robots;benchmarking multiagent;embodied benchmarking;league;humanoids;leagues;symposium;benchmarked systems;competitive tasks;grounded competitive;systems reproducible;tasks benchmarked;competition;dars;international-symposium-on-;conference;task distribution;icra iros;artifact;anonymity;venue-specific;archival humanoid-robotics;benchmark challenges;benchmark scenario;benchmark-through-competition culture;best evidenced;beyond event;bring competition-grounded;competition-grounded league-benchmark;event report;evidenced standardized;flagships reserve;fundamental humanoid;home benchmark-through-competition
siam-international-conference-on-data-mining	SIAM International Conference on Data Mining	breadth	conference	cs-ai	international	empirical	field		Computer-Science-Conference-Skills	Computer-Science-Conference-Skills/skills/siam-international-conference-on-data-mining/SKILL.md		mining;siam;statistical optimization;mathematical statistical;optimization graph;graph scientific-computing;scientific-computing depth;data-mining;icdm;conference;analytics framing;benefits siam-style;product-style;siam-style rigor;rigor rather;principled;algorithmic;discovery;artifact;anonymity;venue-specific;applied;applied-math framing;clarity compare;compare impact;conferences-events current;contribution emphasizes;data-science audience;database-system icde;depth best;depth distinctive;depth rewards;emphasizes mathematical;experiments clarity;fallback compare;flagships include;general algorithms;heavily differentiate;include formal;industrial routing
sigdial-conference-on-discourse-and-dialogue	SIGDIAL Conference on Discourse and Dialogue	breadth	conference	cs-ai	international	empirical	field		Computer-Science-Conference-Skills	Computer-Science-Conference-Skills/skills/sigdial-conference-on-discourse-and-dialogue/SKILL.md		sigdial;dialogue;discourse;conversational;spoken written;agents interaction;evaluation spoken;interaction evaluation;written communication;conference;interaction-aware;isolated text-generation;text-generation examples;evaluation rather;rather isolated;inlg;artifact;acl-family;anonymity;venue-specific;workload;reliability;agent behavior;association-for-computational-linguistics eacl;communication best;communication distinctive;communication rewards;conversation-level behavior;eacl international-natural-language-;european-chapter-of-the- association-for-computational-linguistics;evaluate conversation-level;evaluation user-facing;examples include;examples treat;family ieee;family sigdial-specific;general family;generic generation;human simulated-user;interaction breakdowns
starsem-conference-on-computational-semantics	StarSem Conference on Computational Semantics	breadth	conference	cs-ai	international	empirical	field		Computer-Science-Conference-Skills	Computer-Science-Conference-Skills/skills/starsem-conference-on-computational-semantics/SKILL.md		semantics;starsem;meaning representation;parsing;semantic;evaluation meaning;inference evaluation;conference computational;linguistic validity;lexical;inlg;representation linguistic;validity core;entailment;annotation;generation;interspeech;acl-family;emnlp;artifact;prompt;anonymity;venue-specific;examples;reliability;and-dialogue sigdial;asru break;assumptions error;audience sem-specific;benchmark slice;categories cross-dataset;computational-semantics community;contribution meaning;contributions text-production;core include;core treat;cross-dataset cross-linguistic;design meaning-theoretic;error categories;foreground linguistic
text-retrieval-conference	Text REtrieval Conference	breadth	conference	cs-ai	international	empirical	field		Computer-Science-Conference-Skills	Computer-Science-Conference-Skills/skills/text-retrieval-conference/SKILL.md		trec;retrieval;test collections;evaluation tracks;tracks test;nist;collections search;nist-style;search tasks;conference;ecir;benchmarking;contributes learns;learns shared;shared evaluation;test collection;sigir;evaluation campaign;cikm;artifact;prompt;anonymity;annotation;venue-specific;examples;reliability;acm-sigir-conference-on-research- and-development-in-information-retrieval;acm-sigplan-conference-on-programming-language-design-and- implementation;acm-sigplan-symposium-on-principles-of-programming-languages popl;benchmarks tracks;beyond leaderboard;building shared;campaign building;campaign track;campaign-style text;chiir campaign-style;collection metrics;collection shared;collections include;collections running
usenix-annual-technical-conference	USENIX Annual Technical Conference	breadth	conference	cs-ai	international	empirical	field		Computer-Science-Conference-Skills	Computer-Science-Conference-Skills/skills/usenix-annual-technical-conference/SKILL.md		usenix;annual technical;technical conference;cloud practical;practical infrastructure;security cloud;networking security;storage networking;systems operating;artifact;operating systems;systems storage;evaluation reusable;practical systems;reusable lessons;systems built;clean evaluation;venue-specific;anonymity;eurosys;contribution type;workload;architectural- support-for-programming-languages-and-operating-systems;asplos break;byname current;calibration operating;conferences byname;current-cycle systems;fast architectural-;genuinely systems;lessons include;lessons treat;operating storage;rewards practical;risks systems;routing ieee-infocom;signature practical;support-for-programming-languages-and-operating-systems asplos;usenix-conference-on-file-and-storage-technologies fast;page limits
acta-automatica-sinica	Acta Automatica Sinica	depth	journal	cs-ai (CN journal)	international	empirical	field		Acta-Automatica-Sinica-Skills		Acta-Automatica-Sinica-Skills/resources/official-source-map.md	自动化;automatica sinica;acta automatica;控制;动化学;化学报;sinica acta;模式识别;智能;计算;当你在为;双盲;时调用;能系统;机器人;作者承诺;识别方向;算机;帮助;仿真;长文;综述;实验;本刊;式识别方;盲三审制;实物;向的中文;退修;强化学习;软件;稳定性;英文双语;理论;贡献;化学习控;文传统;技能;制与自动;无新意
acta-electronica-sinica	Acta Electronica Sinica	depth	journal	cs-ai (CN journal)	international	empirical	field	CSCD;中文核心;SCI/SCIE	Acta-Electronica-Sinica-Skills		Acta-Electronica-Sinica-Skills/resources/official-source-map.md	电子;子学报;acta electronica;electronica sinica;通信;信号处理;创新点;文姊妹刊;英文姊妹;电路;本刊;原创论文;信息;学科;时使用;选题;层次;帮助;稿件;阶段;双盲;一级学报;多级审理;子学会;方向作者;计算机;当你;chinese electronics;号处理方;处理方向;复现;助作者;sinica acta;集成电;实验;国电;达一级学;电磁;兄弟刊;投稿
chinese-journal-of-computers	Chinese Journal of Computers	depth	journal	cs-ai (CN journal)	international	empirical	field	CCF A	Chinese-Journal-of-Computers-Skills		Chinese-Journal-of-Computers-Skills/resources/official-source-map.md	计算机;长文;算机学;机学报;机全学科;算机全学;chinese computers;软件;如何;原创;时调用;新增;工作;三审;契合;扩展版;实验;学科中文;稿件类型;computers chinese;综合定位;适用;会议;创研究;增量;自动化;综合性;电子;动化学报;覆盖;机学科;系统;件学报;投向;科中文原;英文;修回;退修;议扩展;创新
computer-science-journal	Computer Science Journal	depth	journal	cs-ai (CN journal)	international	empirical	field	CCF A;CSCD;中文核心	Computer-Science-Journal-Skills		Computer-Science-Journal-Skills/resources/official-source-map.md	计算机;算机科学;专题;jsjkx;机全学科;算机全学;文综合月;长文;科中文综;综合月刊;computer science;综述;本刊;刊是计算;栏目;学科中文;技能;单盲审稿;时调用;会刊;算机学报;选题;覆盖;兄弟刊;述活跃;契合;研究长;ccf-a;场景;鼓励综;相关工作;修回;适用;专栏;时效;数据;软件;盖面广;英文;实验
journal-of-cad-and-computer-graphics	Journal of CAD and Computer Graphics	depth	journal	cs-ai (CN journal)	international	empirical	field	CCF A	Journal-of-CAD-and-Computer-Graphics-Skills		Journal-of-CAD-and-Computer-Graphics-Skills/resources/official-source-map.md	图形;几何;算机辅助;计算机辅;形学;机辅助设;辅助设计;设计与图;可视化;jcad;图像视频;design computer;渲染;computer-aided;computer graphics;学报;用户研究;时调用;形证据;交互;演示视频;学学;可视分析;何误差;本刊;场景;生成;三维图;像视频处;化有效性;视化有效;视频处理;软件;适用;增量;工作;论文;技能;何证据;栏目
journal-of-computer-research-and-development	Journal of Computer Research and Development	depth	journal	cs-ai (CN journal)	international	empirical	field	CCF A	Journal-of-Computer-Research-and-Development-Skills		Journal-of-Computer-Research-and-Development-Skills/resources/official-source-map.md	专题;计算机;jcrd;算机研究;研究与发;究与发展;常规栏目;computer development;算机学;双盲;用于把一;时调用;机学科;投常规栏;软件;稿件;姊妹刊;当期专;盲评审;口专;截稿;学报;一份;修回;综述;契合;文稿;客座编辑;研究热点;工作;适用;可用性;场景;录用;电子;自动化;覆盖;原创;多轮;文成稿
journal-of-software	Journal of Software	depth	journal	cs-ai (CN journal)	international	empirical	field	CCF A	Journal-of-Software-Skills		Journal-of-Software-Skills/resources/official-source-map.md	软件;件学;专刊;学报;software software;计算机;帮助你;学科;当你要;时使用;算机学;件工程;chinasoft;修回;大模型;测试;系统软;英文;兄弟刊;自动化;论文;截稿;投向;稿件;云原生数;你要为投;原生数据;可复现材;型可替换;式化方法;形式化方;模型可替;生数据库;责任编委;评审;覆盖;研究论;多轮;录用;分类
journal-on-communications	Journal on Communications	depth	journal	cs-ai (CN journal)	international	empirical	field		Journal-on-Communications-Skills		Journal-on-Communications-Skills/resources/official-source-map.md	通信;信学;信息安全;信号处理;学报;communications communications;三审制;网络;信道;号处理方;处理方向;长文;本刊;时调用;学科;电子学;无线;帮助;信理论;刊三审;计算机;承重墙;向的中文;修回;仿真;文长;创新性;稿件;软件;信息科学;兄弟;指导;助把一;复现;全与密码;安全与密;实证充分;络与交换;jonc-experiments;移动
pattern-recognition-and-artificial-intelligence	Pattern Recognition and Artificial Intelligence	depth	journal	cs-ai (CN journal)	international	empirical	field		Pattern-Recognition-and-Artificial-Intelligence-Skills		Pattern-Recognition-and-Artificial-Intelligence-Skills/resources/official-source-map.md	模式识别;人工智能;别与人工;识别与人;recognition artificial;机器学习;pattern recognition;artificial intelligence;时调用;长文;计算机;细分方向;如何;契合;视觉;专题;软件;同行评审;接近工作;本刊;intelligence pattern;智能系统;技能;自动化;学报;初审;然语言处;自然语言;语言处理;增量;修回;兄弟;主编终审;稿件类型;化学;录用;用于把一;退稿风险;投稿;以官网当
scientia-sinica-informationis	Scientia Sinica Informationis	depth	journal	cs-ai (CN journal)	international	empirical	field		Scientia-Sinica-Informationis-Skills		Scientia-Sinica-Informationis-Skills/resources/official-source-map.md	信息科学;创新高度;信息学科;大信息学;评述;文姊妹刊;英文姊妹;科学价值;informationis;scientia;息学科综;国科学;sinica;scis;china information;information sciences;science china;国家级大;家级大信;择一;级大信息;综合旗舰;兄弟刊;学科综合;时调用;栏目;计算机;子学科;科综合旗;重大原创;当需要;快报;微电子;为国家级;价值与创;作为国家;值与创新;双语摘要;换核检验;三审三校
aaai	AAAI	depth	conference	cs-ai (conference)	international	empirical	field		AAAI-Skills		AAAI-Skills/resources/official-source-map.md	aaai;social impact;alignment;stakeholder;ai-assisted;phase-;two-phase;aaai-;ijcai;main technical;vision robotics;reproducibility checklist;technical track;neurips icml;icml iclr;phase;aistats;multimedia;ai-system;broad-ai;compute cost;final decisions;material limits;must-have;no-url;policy-sensitive;problem names;reproducibility-checklist;statistics vision;icra;anonymity page;checklist supplementary;code zips;emphasis prefer;policy-aware;reasoning learning;strong answer;specialist;discussion final;legible non-specialist
aamas	AAMAS	depth	conference	cs-ai (conference)	international	empirical	field		AAMAS-Skills		AAMAS-Skills/resources/official-source-map.md	aamas;multiagent;jaamas;aaai;agents;ifaamas;single-agent;interaction;ijcai;track;coordination;solution concept;marl;negotiation;neurips icml;game;game-theory;blue;double-blind rebuttal;primitive solution;concept mechanism;opponent;openreview;main-track;equilibrium;auction theory;cooperating;demo competitions;exists multiple;experiments probe;game-theoretic reasoning;game-theory-plus-experiments;ideas demo;multiple self-interested;population sets;readiness page-plus-references;self-play;simulation social;teamwork;agent-based simulation
acl	ACL	depth	conference	cs-ai (conference)	international	empirical	field		ACL-Skills		ACL-Skills/resources/official-source-map.md	theme;responsible checklist;rolling;commitment;linguistics;anthology;covering;resubmission;theme-track;resource evaluation;colm;mandatory limitations;linguistic;chairs;cycles;award;page page;meta-review;windows;budgets mandatory;declarations dual-submission;later cycle;emnlp;computational;anthology-published;naacl eacl;tested languages;theory position;computational-linguistics;conference whose;limitations responsible;llm-era;page budgets;senior area;annual meeting;tacl;dual-submission rules;language;project;main-conference
acm-ccs	ACM CCS	depth	conference	cs-ai (conference)	international	empirical	field		ACM-CCS-Skills		ACM-CCS-Skills/resources/official-source-map.md	security;sigsac;attack;adversarial;ndss;defense;crypto;attacker;sigconf;pets;artifacts;overhead;program committee;hotcrp;ethics considerations;cycle cycle;usenix;threat;artifact-availability posture;measurement tool;ethics disclosure;artifact evaluation;attacks;defenses;full-paper;adaptive-attack;protocol measurement;threat-model;popets;big-four;body;cryptographic;eurocrypt;reusable reproduced;two-cycle;anonymized;exploit;library proceedings;drifts;ieee
acm-mm	ACM MM	depth	conference	cs-ai (conference)	international	empirical	field		ACM-MM-Skills		ACM-MM-Skills/resources/official-source-map.md	multimedia;cross-modal;media;fusion;open source;single-modality;audio;thematic;mmsys;track;cvpr;icmr;brave;systems transport;thematic-area;tomm;anonymous rebuttal;sigconf;area;vision;delivery;iccv;language sensor;render;source software;speech;april;media-systems;subjective;modality;sigmm;main-track;multimodal;seam;emotion;openreview;acmmm;foundation search;pure language;references-only overflow
aistats	AISTATS	depth	conference	cs-ai (conference)	international	empirical	field		AISTATS-Skills		AISTATS-Skills/resources/official-source-map.md	aistats;pmlr;author-reviewer discussion;statistics;colt;ai-statistics;simulation scripts;theory-plus-experiments;iclr;seeds;text-only;statistical;icml;jmlr;neurips;openreview;uncertainty;random;hyperparameters;learning;artifact release;appendices proof;archives simulation;compute handling;details code;material reproducibility;proofs datasets;release author-reviewer;reviews discussion;simulations baselines;probabilistic;clarity;code proofs;discussion decision;logs anonymous;post-acceptance artifacts;presentation artifact;proof details;anonymized artifacts;anonymous supplementary
ase	ASE	depth	conference	cs-ai (conference)	international	empirical	field		ASE-Skills		ASE-Skills/resources/official-source-map.md	automated software;software engineering;ieee automated;automation;issta;technique tool;icse;automates;mandatory availability;early-rejection;criteria-bound;engineering covering;xplore digital;task;broad empirical;double-anonymous;ieee xplore;pacmse;tools datasets;model-swap;track;runnable;comprehension;real subjects;dual;digital library;acmart;conf;heart;evaluated real;sponsorship;acm-dl;ase-shaped;automated mechanism;automated-se;engineering research-track;full technique;kbse;software-engineering tasks;stage rebuttal
asplos	ASPLOS	depth	conference	cs-ai (conference)	international	empirical	field	JCR/CAS Q1-tier	ASPLOS-Skills		ASPLOS-Skills/resources/official-source-map.md	asplos;intersection;hardware;single-community;silicon;rapid-review;deletion test;fpga;isca micro;sosp osdi;september;accelerator;round;april;pldi;micro hpca;software;major;osdi eurosys;sigarch;operating systems;two-page;pages;half;cross-layer;programming languages;layer;compiler;popl;two-deadline;architecture;simulator;core disciplines;counts record;explicitly prioritizes;full remains;full-name;languages computer;sigplan sigops;systems programming
atc	ATC	depth	conference	cs-ai (conference)	international	empirical	field		ATC-Skills		ATC-Skills/resources/official-source-map.md	sigops;annual technical;technical conference;conference formerly;formerly usenix;osdi sosp;nsdi;eurosys fast;deployed systems;broad practical;experience lane;solid useful;two-page extended;hotos;extended-abstract;usenix systems;hong;kong;deployed-systems;measured systems;years usenix;november;workshop;storage;networked-systems;shepherding;open access;shepherd;breadth-vs-selectivity;community broad;early-june;embedded devices;engineering honest;fifty;implementations experimental;novel osdi;round-one;scales embedded;selective osdi;sosp flagships
cav	CAV	depth	conference	cs-ai (conference)	international	empirical	field		CAV-Skills		CAV-Skills/resources/official-source-map.md	aided;verification;lncs;tacas;regular;application industrial;fmcad;tool application;computer;industrial experience;vmcai;category;soundness;experience case;pages anonymized;proof witnesses;two-stage;categories;springer;fmsd tocl;hwmcc;non-conditional;smt-comp;verification-tool;vnn-comp;technique;computer-aided;resource limits;sv-comp;popl pldi;artifact;usable;double-anonymity;covering;open-access camera-ready;solvers;guarantee;anonymized tool;case pages;early-reject filter
chi	CHI	depth	conference	cs-ai (conference)	international	empirical	field		CHI-Skills		CHI-Skills/resources/official-source-map.md	subcommittee;assisted desk-reject;video;tochi;september;insufficient contextualization;rubric-based;designate;uist;cscw;sigchi;words;imwut;taps;accessibility;adr-method;deadline anonymized;determines pool;five-week;instruments codebooks;screening;subcommittees;publication-ready;jury;contribution types;primary type;pages;revise-and-resubmit;interaction;computing;upload;two-round;differently;contribution type;interface;user;typical;working;scrutiny;accepts
cikm	CIKM	depth	conference	cs-ai (conference)	international	empirical	field		CIKM-Skills		CIKM-Skills/resources/official-source-map.md	cikm;sigir;retrieval;mining;launch;knowledge-management;tri-community;knowledge;rome;wsdm;november;genai;management databases;lanes;five tracks;sigweb;enterprise;august;applied;easychair;sigmod vldb;pages;information;appendices;pool;calendar gates;demonstration tracks;genai-disclosure;resource demo;resource demonstration;usage disclosure;blended;fields full;italy;single-community;internals;knowledge-graph;next stop;page budgets;query
colm	COLM	depth	conference	cs-ai (conference)	international	empirical	field		COLM-Skills		COLM-Skills/resources/official-source-map.md	colm;october;award lineage;training;outstanding;july;iclr neurips;late-march;openreview;march;emnlp;august camera-ready;task;evaluation;language;page main;prompts;project;api-model;artifact inference;awkwardly;colm-camera-ready;colm-review-process;colm-shaped;colm-topic-selection;five eight;francisco;may-june;object-of-study;three-edition-old;contamination;factuality;cycle year;interpretability;reciprocal-reviewing;strict page;late;safety;checkpoints;lanes
colt	COLT	depth	conference	cs-ai (conference)	international	empirical	field	JCR/CAS Q1-tier	COLT-Skills		COLT-Skills/resources/official-source-map.md	colt;conference learning;learning theory;pmlr;open-problem;theorem-first;bound;open problem;page pmlr-format;parallel-submission;quantifier;aistats;proof;unlimited;jmlr;single deadline;separation;stoc focs;regret;assembly;neurips icml;citable;bandits;body single-pdf;body splitting;colt-shaped;constant hygiene;double-anonymous formatting;experiments requirement;inclusive view;lemma ordering;light empirical;over-parameterization;pieces proceedings;pmlr-format body;proof-verification;techniques fail;theorem restatement;vehicle;statistics
conext	CoNEXT	depth	conference	cs-ai (conference)	international	empirical	field		CoNEXT-Skills		CoNEXT-Skills/resources/official-source-map.md	conext;pacmnet;networking;sigcomm;nsdi;real target;one-shot major;sigmetrics;badge opt-in;december june;testbed;june cycles;evaluated real;hotnets;reproducibility badge;mobicom;double-anonymous;measurement;honest deadline;re-read;argument little;artifact description;choice december;conext-experiments;cycles mandatory;little evaluation;minimum necessary;ml-for-networking;non-networking;one-page artifact;optional reproducibility;platform-realism;real platform;reproducibility committee;systems-networking;two-cycles-per-year;cycle;journal-style;conference emerging;experiments technologies
corl	CoRL	depth	conference	cs-ai (conference)	international	empirical	field		CoRL-Skills		CoRL-Skills/resources/official-source-map.md	corl;pmlr;robot;learning;icra;robotics;iclr icml;robot-learning;iros;neurips;video;sim-to-real;claim embodiment;learned component;austin;hardware;one-page;august;first-round;embodied;axis;counted;project;conferences undervalued;configs demonstration;days reviews;exchange becomes;historically late;imitation;miss belong;mountain view;training configs;passed;discussion window;public reviews;two-axis;year-site;ra-l;score;october
cscw	CSCW	depth	conference	cs-ai (conference)	international	empirical	field		CSCW-Skills		CSCW-Skills/resources/official-source-map.md	cscw;pacmhci;cooperative;rolling;group;journal-model;scrutiny band;codebooks;trace;platform;community organization;cscw-shaped;current pathway;last fixed;mid-transition;organizational concept;real communities;revise external;revise-and-resubmit rounds;surveys deployments;tochi social-science;technology;instruments;human-computer;icwsm;lasting impact;sigchi;revise resubmit;individuals;practice;social;unit;collaborative;collective;interview;participant;governance;interaction;runs;awareness
cvpr	CVPR	depth	conference	cs-ai (conference)	international	empirical	field		CVPR-Skills		CVPR-Skills/resources/official-source-map.md	cvpr;vision;reporting form;compute reporting;cvpr-shaped;visual;covering;iccv eccv;wacv;poster;reviewer-duty;neurips;openreview;june;largest;ablatable;audience walking;cifar;dataset-release-by-camera-ready;form hardware;imagenet;january rebuttal;november triple;rebuttal sprint;separate cfps;submissions acceptances;triple deadline;walking past;icml;one-page;program;oral highlight;reviewed submissions;thecvf;duties;supplement deadline;computer;skeptical;geometry;bigger
dac	DAC	depth	conference	cs-ai (conference)	international	empirical	field		DAC-Skills		DAC-Skills/resources/official-source-map.md	design automation;automation conference;ieee design;engineering track;asp-dac;iccad;double-blind archival;industry-facing;softconf;date;conference covering;ml-for-eda;archival track;computer-architecture;references-only;micro hpca;isca micro;two-stage;chips;circuitnet;conference research-manuscript;epfl;iscas;ispd;placement routing;single-shot;page double-column;flows;lesson;abstract-then-manuscript;asia south;automation chip;back-end design;ceda;chip system;chip-design;circuits often;conference premier;dac-specific;design embedded
eacl	EACL	depth	conference	cs-ai (conference)	international	empirical	field		EACL-Skills		EACL-Skills/resources/official-source-map.md	eacl;multilingual;anthology;responsible checklist;cycle fallback;eacl-shaped;rolling;single cycle;european;aacl;irregular cadence;viable cycle;lrec-coling;naacl;timing;covering;colm;commitment;page content;tacl;computational linguistics;page page;meta-review;accept-findings;choose pages;data-contamination;lower-resourced-language;member portal;neighbouring-region;emnlp;chapter;content budget;edition;aclrollingreview;athens;mandatory limitations;conference;calculus;asia-pacific;autumn
ecai	ECAI	depth	conference	cs-ai (conference)	international	empirical	field		ECAI-Skills		ECAI-Skills/resources/official-source-map.md	ecai;pais;ijcai-ecai;ijcai;faia;joint;eurai;general-ai;aamas;standalone;multi-agent;aaai;track;symbolic;broad pool;pure-ml;co-located;page body;applications;ecai-shaped;planning search;summary-reject phase;model-swap test;artificial;proof theory;tight page;round;regime;intelligence;calendar;edition;general audience;lesson;two-deadline;best-matched;bremen;flow tight;reasoning planning;standalone-ecai;technique guarantee
eccv	ECCV	depth	conference	cs-ai (conference)	international	empirical	field		ECCV-Skills		ECCV-Skills/resources/official-source-map.md	eccv;ecva;lncs;march;cvpr;even-year;iccv;june;slip;vision;deadline;springer;september;eccv-shaped;malm;trailing;two-year;durability;single-column;wacv;retargeting;biennial;substrate;calendar;coco;june-to-september;koenderink;matched-substrate;one-page two-column;springerlink;years;even year;references counted;reviewer-duty;february;bmvc;runway;vision-language;november;triangle
edbt	EDBT	depth	conference	cs-ai (conference)	international	empirical	field		EDBT-Skills		EDBT-Skills/resources/official-source-map.md	edbt;openproceedings;icdt;sigmod;database-systems;icde;pvldb;vldb;experiments-;in-cycle revise-and-resubmit;regular;cycle;database;vision;rolling;co-located;cc-by-nc-nd;multiple-cycle;per-shape;applied management;author-feedback;workloads;open access;shape;microsoft;data-management;covering;conference extending;cycle-to-conference;db-systems;isbn;license copyright;paywalled;phase revise;query-language;roll;scalable algorithm;technology european;technology systems;tods tkde
emnlp	EMNLP	depth	conference	cs-ai (conference)	international	empirical	field		EMNLP-Skills		EMNLP-Skills/resources/official-source-map.md	emnlp;anthology;rolling;responsible checklist;main conference;annotation;project;deadline;anthology-indexed;budapest;checklist desk-reject;emnlp-shaped;historically guaranteed;languages domains;publication historically;pitch;language;commitment step;naacl eacl;test sets;industry;conll;eacl aacl;excitement;page caps;senior area;retrieval;anonymity period;desk-reject enforcement;mandatory limitations;tacl;cycle;claims scoped;committed;uncounted;date;june;calendar;lrec-coling;area chairs
eurosys	EuroSys	depth	conference	cs-ai (conference)	international	empirical	field		EuroSys-Skills		EuroSys-Skills/resources/official-source-map.md	eurosys;jury;sysartifacts;sosp osdi;april;spring fall;award;osdi nsdi;acmart sigplan;technical pages;chapter;european;sigops;artifact;transferable;workloads;asplos;one-shot;anonymization violations;anonymous template;built thing;eurosys-ready;eurosys-topic-selection;free references;gate spring;gilles;muller;pages free;project maturity;references acmart;template text;text block;violations reviewed;warning formatting;round;formatting anonymization;hotcrp instances;insight sentence;post-notification;rabat
facct	FAccT	depth	conference	cs-ai (conference)	international	empirical	field		FAccT-Skills		FAccT-Skills/resources/official-source-map.md	facct;accountability;fairness;endmatter;transparency;cards;legal;datasheets;responsible-ai;harm;participatory;pure-ml;interdisciplinary;mixed;doctrinal;revise;focus areas;framing native;qualitative;acmart;audit;pool;first-class contribution;mutually-anonymous;statements;aies;revise-and-resubmit round;critical;sociotechnical;reflexivity;affected;adverse-impacts;ai-ethics;computer scientist;craft track;delete-the-equity;facct-shaped;factual-correction;impact-assessment;lawyer
fast	FAST	depth	conference	cs-ai (conference)	international	empirical	field		FAST-Skills		FAST-Skills/resources/official-source-map.md	fast;storage;usenix;osdi;endurance;hotstorage;general-systems;crash;msst;write amplification;eurosys;amplification tail;storage-specialized;tail latency;spring fall;nsdi;reliability;core lesson;key-value;storage-systems;consistency;wear;file;general systems;double-blind;covering;cache;open-access camera-ready;calendar;two-column;devices;one-shot;two-deadline;crash-consistency;dedup;device-state;disk;media-conscious;object store;provocative measurement
focs	FOCS	depth	conference	cs-ai (conference)	international	empirical	field		FOCS-Skills		FOCS-Skills/resources/official-source-map.md	focs;foundations computer;symposium foundations;ieee symposium;computer science;stoc;april;sigact;tcmf;eccc full;autumn;committee;arxiv eccc;constants;ieee xplore;full version;summer;public arxiv;itcs;beat;soda;deadline;cycle;april-anchored;belief revised;broaden-the-reach;foundations-level;supplement channel;york;seat;crypto;attempt;prior simultaneous-publication;separate supplement;simultaneous-publication policy;double-blind-safe;pages carry;post-submission;iacr;certificates
fse	FSE	depth	conference	cs-ai (conference)	international	empirical	field		FSE-Skills		FSE-Skills/resources/official-source-map.md	esec;pacmse;icse;issta;software-engineering;journal-style;double-anonymous;sigsoft;emse;software engineering;major;general-se flagship;page budget;primary template;covering;tosem;mining;acm-template page;conference foundations;empirical human-factors;foundations software;sibling general-se;empirical-se;letter stay;testing depth;calendar;open-science;heavy;pages;real subjects;artifact;maintained;deadline;icsme;mixed-methods;journal-first;round;evaluated;model-swap;badging
hpca	HPCA	depth	conference	cs-ai (conference)	international	empirical	field		HPCA-Skills		HPCA-Skills/resources/official-source-map.md	hpca;hpca-conf;machine;buildable;july;industry track;ieee;isca;rebuttal window;architecture;main track;cost;winter;micro asplos;single rebuttal;february march;tcca;instrument;measured;badging;mechanism measurement;simulator;behavior shown;ieee-published;march talk;cycle-level;ieeetcca;registration gate;shown credible;single combined;co-design;gate hotcrp;reproducibility badges;every reference;pure algorithm;window notification;sampled;deadline;microarchitecture;blinding
hri	HRI	depth	conference	cs-ai (conference)	international	empirical	field		HRI-Skills		HRI-Skills/resources/official-source-map.md	robot;ro-man;interaction;full-paper;ieee;embodiment;icra iros;human-robot;corl;thri;video;human-in-the-loop;embodied;late-breaking reports;psychology design;robotics psychology;student design;wizard-of-oz;human-subjects;subcommittee;five;tracks;track;qualitative rigor;human;people;design theory;autonomy control;complete defensible;gating tests;human-participants;jhri;physical virtual;robot-embodiment;survive probably;technical design;user technical;within-subjects;effect sizes;abstract-then-paper two-step
icalp	ICALP	depth	conference	cs-ai (conference)	international	empirical	field		ICALP-Skills		ICALP-Skills/resources/official-source-map.md	icalp;eatcs;track;lipics;complexity;automata;soda;stoc focs;lightweight;full version;lics;logic semantics;bound;programming;games;february;algorithms;semantics theory;clearly labelled;computer science;socg;theorem;proofs full;theoretical computer;european;computation;double-blind;committees;association theoretical;asymmetric interaction;faster algorithm;flagship theoretical-computer-science;holloway;hotcrp servers;international colloquium;labelled full;theoretical-computer-science conference;languages;approximation ratio;best known
icassp	ICASSP	depth	conference	cs-ai (conference)	international	empirical	field		ICASSP-Skills		ICASSP-Skills/resources/official-source-map.md	icassp;speech;signal-processing;interspeech;signal processing;ieee;single-blind;four pages;icip;processing society;eusipco;waspaa;audio;primitive;image video;recently;added rebuttal;cmsworkshops;communications radar;edics;ojsp-icassp;xplore;reference page;task-matched;taslp;four-page;september;metric;isca;journal-length;arrays estimation;compliance-with-ethical-standards;detection theory;estimator transform;filter detector;generic signal;icassp-vs-interspeech;image-specific;learning signals;math-forward
iccv	ICCV	depth	conference	cs-ai (conference)	international	empirical	field		ICCV-Skills		ICCV-Skills/resources/official-source-map.md	iccv;cvpr;eccv;marr;deadline;two-year;early-march;prize;vision;covering;march;biennial;october;autumn;wacv;cycle;week;answer looks;completed edition;do-not-cite-your-repo;every reviews;every-author-reviews;fallback ladder;late winter;option-cost;orals;paper-plus-supplement;same-day;strong late;submissions highlights;valid submissions;one-page;years;even year;honolulu;odd-year;trailing;recent completed;time;international flagship
icde	ICDE	depth	conference	cs-ai (conference)	international	empirical	field		ICDE-Skills		ICDE-Skills/resources/official-source-map.md	icde;ieee;round;tkde;sigmod;single-blind;primitive;rounds;data-engineering;edbt;pvldb;builder-heavy;xplore;vldb;revise resubmit;edition;generators;june november;triangle;monthly;database;industry;calendar;concurrency;workload;quarterly;ecopyright pdf-express;material whose;reconstructable;two-round-per-edition;week window;whose availability;seat;two-round;supplemental material;data-management-primitive;committee;exemplar;production;pacmmod
icdm	ICDM	depth	conference	cs-ai (conference)	international	empirical	field		ICDM-Skills		ICDM-Skills/resources/official-source-map.md	icdm;mining;triple-blind;ieee;track;discovery-validity;data-mining;international conference;edition;all-inclusive;blue;wsdm;cikm;applied;anomaly;single page;icde;deployed;single-blind;short-paper;deadline;june;accept-as-short;anonymity regime;broad deep-learning;ccc-sponsored;co-chairs;following spring;graph pattern;ieee-sponsored;mechanism baselines;shenyang china;triple-blind-safe;counts inside;database-systems;mechanic;baselines scale;over-length;route flagship;routing calendar
icdt	ICDT	depth	conference	cs-ai (conference)	international	empirical	field		ICDT-Skills		ICDT-Skills/resources/official-source-map.md	icdt;database theory;conference database;edbt;pods;lipics;database-theory;international conference;lipics-v;co-located;data-management;first-cycle;drops;complexity;dagstuhl;systems track;calendar;pacmmod;complete-proofs;pure-tcs;two-submission-cycle;finite;lics;full version;tods lmcs;databasetheory;consequence;theorem-proof;icalp;query;theorem;anonymous;cycle;clearly-marked;european foundations-of-data-management;event sites;experimental evaluation;field expects;foundations-of-data-management held;icdt-shaped
iclr	ICLR	depth	conference	cs-ai (conference)	international	empirical	field		ICLR-Skills		ICLR-Skills/resources/official-source-map.md	iclr;openreview;discussion-period;permanent;representation-learning;learning insight;public;poster;learning-representation;aistats;iclr-shaped;discussion;comments;project;ablations scaling;contribution clarity;cvpr robotics;dataset-only;disclosure dual-submission;domain workshop;final recommendations;little learning;private links;questions whether;replies notes;reviewer-verifiable;theory disconnected;anonymity page;application little;benchmark bump;bump mechanism;privately;readiness double-blind;representation;record;limitations ethics;llm-use;reciprocal;checkpoints;video
icml	ICML	depth	conference	cs-ai (conference)	international	empirical	field		ICML-Skills		ICML-Skills/resources/official-source-map.md	icml;originality significance;soundness originality;position track;main-track;pmlr;openreview;significance clarity;tmlr jmlr;public;iclr aistats;llm-review;supplementary code;reciprocal;impact statement;colt;ablations seed;close literature;impact-statement;little novelty;one-round;post-conference;reviewer-author;submissions recent;track another;artifacts;body anonymity;double-blind constraints;response camera-ready;reviewing behavior;discussion replies;weak domain;evaluation systems;position argument;compute disclosure;neurips iclr;machine-learning;page body;seed variance;mlsys
icra	ICRA	depth	conference	cs-ai (conference)	international	empirical	field	JCR/CAS Q1-tier	ICRA-Skills		ICRA-Skills/resources/official-source-map.md	icra;ra-l;robotics;robot;paperplaza;ieee;conference;iros;t-ro;automation;pages;video;september;rebuttal classic;corl;embodiment;direct;attachment;double-anonymous;workshop;ijrr;deadline;real-robot;xplore;including references;windows;factory;hardware trials;icra-shaped;january decision;podium;roads;transferred;video-attachment;task;algorithmic idea;late-breaking;strategic decision;trial counts;pipeline
icse	ICSE	depth	conference	cs-ai (conference)	international	empirical	field		ICSE-Skills		ICSE-Skills/resources/official-source-map.md	icse;research-track;nier;journal-first;covering;emse;tosem;verifiability;software engineering;june;seip;four posted;posted criteria;rung;track;double-anonymous;open-science;conference software;threats-to-validity;ieee;issta;major;pages;answer names;engineering flagship;future plans;icse-topic-selection;non-sharing;rigor relevance;seis;single-cycle calendar;co-located;september response;single cycle;subject programs;technique evaluated;purpose-built;real subject;sprint;november
icsme	ICSME	depth	conference	cs-ai (conference)	international	empirical	field		ICSME-Skills		ICSME-Skills/resources/official-source-map.md	icsme;maintenance;evolution;ieee;refactoring;scam;comprehension;icse;saner;early-decision;rene;mining;debt;ieeetran;track;icpc;emse;software;journal-first;reverse engineering;double-anonymous;easychair;engineering program;icsm;rose-festival;xplore;two-column;lifecycle;technique;covering;author-response rebuttal;evolving;budget;registered reports;machinery;aging;change impact;field dedicated;greenfield;icsme-shaped
ieee-sp	IEEE SP	depth	conference	cs-ai (conference)	international	empirical	field		IEEE-SP-Skills		IEEE-SP-Skills/resources/official-source-map.md	oakland;ieee;security;revise;embargo;compsoc;one-year;adversary;threat-model;attack;including;resubmission;symposium;freeze;privacy;date;adversarial rigor;binding registration;closes loop;considerations field;draft meta-review;ethics committee;expectations summary;hills;ieee-security;mature version;rebuttal second-round;ndss;usenix;attacks;cycle;crypto;four flagships;june november;measurement sampling;overlap;checkbox;ethics considerations;systematization;three-way
ijcai	IJCAI	depth	conference	cs-ai (conference)	international	empirical	field		IJCAI-Skills		IJCAI-Skills/resources/official-source-map.md	ijcai;ijcai-ecai;track;llm-use;prior versions;main-track;chairing;clearer audience;resubmission information;two-phase;survey;reproducibility;algorithms datasets;author-information deadlines;compression self-contained;convincing credible;established expertise;files resubmission;information limits;jair;page-body compression;readiness author-information;self-contained exposition;shortened prior;significance page-body;specialist clearer;tool readiness;unethical-review;special;code proofs;compact format;computational experiments;datasets computational;format size;mature areas;response notification;theory algorithms;conflict-of-interest policy;size anonymity;theory representation
imc	IMC	depth	conference	cs-ai (conference)	international	empirical	field		IMC-Skills		IMC-Skills/resources/official-source-map.md	sigcomm;measurement;internet;vantage points;one-shot-revision;nsdi;artifact-availability;contribution award;measurement-first;community contribution;covering;conext;action points;imc-shaped;mandatory ethics;system protocol;vantage-point;two-deadline;next deadline;ethics gate;calendar;security;longitudinal;acmart;replicability;declaration;shepherding;bounded action;champion re-judged;ethics-gate;imc-ready;points datasets;provenance vantage;re-judged next;safety disclosure;technique reveals;touches human;platform;network;active
infocom	INFOCOM	depth	conference	cs-ai (conference)	international	empirical	field		INFOCOM-Skills		INFOCOM-Skills/resources/official-source-map.md	infocom;ieee;networking;sigcomm nsdi;edas;ieeetran;early-reject;comsoc;icnp;mobicom;jsac;wireless;automated assignment;modeling-vs-building;xplore;analytical;released;page budget;covering;queueing;two-column page;built system;optimization;measurement;simulator;abstract-then-paper registration;learning-for-networking;nine;double-blind;broad pool;separate supplementary;supplementary channel;flagship broad;deployment story;computer communications;traditionally;absence;track;axis;scheduling
international-semantic-web-conference	International Semantic Web Conference	breadth	conference	cs-ai (conference)	international	empirical	field		Computer-Science-Conference-Skills	Computer-Science-Conference-Skills/skills/international-semantic-web-conference/SKILL.md		semantic;iswc;knowledge graphs;ontologies;web-scale;linked reasoning;interoperability;k-cap;knowledge infrastructure;ontology;conference;cikm;applications compare;formal reasoning;knowledge capture;knowledge-graph;semantic-web;artifact;international;anonymity;centers;venue-specific;database;assumptions reasoning;behavior reuse;capture formal;engine contributions;extraction icpr;graph quality;graphs linked;icde pure;icpr acl-family;infrastructure linked;iswc-specific routing;knowledge-acquisition workflows;pure recognition;query behavior;real include;real treat;reasoning query
interspeech	INTERSPEECH	depth	conference	cs-ai (conference)	international	empirical	field		INTERSPEECH-Skills		INTERSPEECH-Skills/resources/official-source-map.md	interspeech;speech;isca;audio;pages;odyssey;icassp;modality test;prosody;asru;corpora;spoken;paper-update;speakers;speech-native;speaker;archive;phonetics;sydney;track;acl-family;reroute;area claim;computer-architecture symposium;fails modality;generation-side;hearing;human-side;interspeech-topic-selection;language recognition;mixed science;phoneticians;scientific areas;transcript-only;voice conversion;workshop;acronym;communication association;page regular;pesq
ipsn	IPSN	depth	conference	cs-ai (conference)	international	empirical	field		IPSN-Skills		IPSN-Skills/resources/official-source-map.md	ipsn;sensys;spots;cps-iot;ipsn-lineage;sensing;track;week;platforms tools;merged;sensor;information processing;tools design;embedded;successor;information-processing;sensor-systems;mobicom;infocom;deployment;ieee;platform;signal-processing;hardware;ip-track;rtas;standalone;localization;on-device tinyml;best artifact;mobisys;covering;estimator;lineage;firmware;energy;board files;estimation-theoretic;hscc;iccps
iros	IROS	depth	conference	cs-ai (conference)	international	empirical	field		IROS-Skills		IROS-Skills/resources/official-source-map.md	iros;ra-l;icra;corl;video;t-ro;ieee;robotics;paperplaza;double-anonymous;embodied-systems;embodiment constraint;compute power;hardware;attachment;real-robot;budget supplementary;single foundational;xplore;power latency;robot;sim-to-real;spring;fall;claim wants;integrated-system;iros-shaped;mega-venue;mis-sized;notification july;real trials;society japan;summer silence;transfer present;transfer window;trials resets;integrated;science-first;traditional no-rebuttal;trial counts
isca	ISCA	depth	conference	cs-ai (conference)	international	empirical	field		ISCA-Skills		ISCA-Skills/resources/official-source-map.md	isca;november;hpca;june;asplos;architecture;sigarch;mid-november;seat;edition;micro spring;window;february;gate;memory;interconnect;simulator;december;architectural;industry;organization;track;accelerator;fidelity;hardware;artifact links;datapath;isca-experiments;iscaconf;known idea;machine itself;mechanism software;multiple gates;publisher workflow;two-round;ieee-cs;seats;deadline;unlimited;alternating
issta	ISSTA	depth	conference	cs-ai (conference)	international	empirical	field		ISSTA-Skills		ISSTA-Skills/resources/official-source-map.md	issta;testing;icse;major-revision;pldi;icst;defects;technique;bug-finding;real subjects;evaluation;repair;popl;covering;fuzzing;double-anonymous;software;behaviour;developer;evaluated real;sigconf;characterize reason;dynamic fault;execution static;fault localization;find characterize;non-parametric;program-repair;research-paper deadline;sanitizers;subjects fair;test generation;broad process;subject programs;january;artifact;static dynamic;symbolic;project;analyzes
itcs	ITCS	depth	conference	cs-ai (conference)	international	empirical	field		ITCS-Skills		ITCS-Skills/resources/official-source-map.md	itcs;stoc;focs;lipics;soda;innovations;connection;deepest;lightweight double-blind;computer science;definition;conceptual-novelty;theorem year;worth asking;complete proofs;analogue;checkable;conceptual novelty;theoretical computer;arxiv eccc;surprising;full version;innovation;complexity;bold;alive;bocconi;discrete-algorithms;early-september;field thought;itcs-conf;itcs-related-work;itcs-shaped;main takeaway;merits window;notion;reward conceptual;thought take;idea;depth-first
kdd	KDD	depth	conference	cs-ai (conference)	international	empirical	field		KDD-Skills		KDD-Skills/resources/official-source-map.md	sigkdd;post-launch;track;mining;datasets benchmarks;cycle;resubmit;content pages;kdd-shaped;kdd-workflow;wsdm;vldb sigmod;applied science;change summary;proceedings budget;scale;e-rights taps;cfps;icdm;sigconf;benchmarks sciences;budget content;jeju;measurement window;no-hyperlink;repository cited;graph;regime;cross-cycle;dual-cycle;korea;mechanism ablations;page proceedings;projected;measurable;deployment;knowledge discovery;lead times;query;openreview
micro	MICRO	depth	conference	cs-ai (conference)	international	empirical	field	JCR/CAS Q1-tier	MICRO-Skills		MICRO-Skills/resources/official-source-map.md	micro;microarchitecture;asplos;cost line;isca;hardware;cache;hpca;all-author;evaluation stack;accelerator;industry track;april;software;test time;pages;configs;workload;simulator;abstracts march;appendix-free;area storage;artifact repository;cacti;four-venue architecture;inaugural;inside machine;mechanism truly;microarch;october november;prefetch;professional-conduct;sigmicro;storage power;structure cost;time record;truly lives;ieee;compiler runtime;cycle-level
mlsys	MLSys	depth	conference	cs-ai (conference)	international	empirical	field		MLSys-Skills		MLSys-Skills/resources/official-source-map.md	mlsys;industrial track;co-design;hardware;training;workload;latency;availability functional;blank;osdi sosp;nsdi asplos;workloads;functional reproducible;ml-systems;sosp nsdi;company;tails;evaluation;cost;memory;property;compressed;eurosys;scheduling;agent systems;choosing industrial;compound agent;industrial tracks;llm-driven;mlsys-shaped;mlsys-topic-selection;novelty explicitly;publication proceedings;remain visible;reporting throughput;systems constrain;systems metric;two-column body;identity;argument page
mobicom	MobiCom	depth	conference	cs-ai (conference)	international	empirical	field		MobiCom-Skills		MobiCom-Skills/resources/official-source-map.md	mobicom;mobile;wireless;sigmobile;over-the-air;mobility;round;networking;mobisys;double-column;one-shot;channel;radios;rolling;edition;two-round;testbed;sigcomm;sensing;imwut;nsdi;simulation-only;measurement;phy-mac technique;routing scheduling;technique routing;two-deadlines-per-year;deployment trace;hotmobile;wireless-networking;mobile-networking;hardware;rebuttal window;interference;retained;platform;early;sensys;pages;early-reject
mobisys	MobiSys	depth	conference	cs-ai (conference)	international	empirical	field		MobiSys-Skills		MobiSys-Skills/resources/official-source-map.md	mobisys;mobile;on-device;sensys;mobicom;device;sigmobile;sensing;phone;service;offload;wireless;latency;osdi;thermal;mobile-systems;runtime;december;distributed-systems;compute energy;systems-and-services;embedded;memory;hotmobile;sensor-network;two-round;page double-column;real-device;services;june;imwut;early-reject;scheduler;nsdi;simulation-only;ubicomp;embedded-sensing;inference engine;radio underneath;system application
naacl	NAACL	depth	conference	cs-ai (conference)	international	empirical	field		NAACL-Skills		NAACL-Skills/resources/official-source-map.md	naacl;americas;edition;theme;timing;anthology;americasnlp;chapter;commitment window;multicultural;nations;unannounced;languages;skipped;identity;lrec-coling;community-owned;decision tree;emnlp eacl;guaran;leverage current;naacl-bound;resource-first;skipped-year;workshop;hemisphere;latin america;mexico;committee;city;convenes;eacl aacl;renaming;vote;room;dates;indigenous;north american;responsible checklist;tacl
ndss	NDSS	depth	conference	cs-ai (conference)	international	empirical	field		NDSS-Skills		NDSS-Skills/resources/official-source-map.md	ndss;security;internet;minor major;adversary;seoul;networked;distributed;attack;interactive discussion;summer;ethics story;fall;ethics board;two-round;cycle;envelope;symposium;capability-bounded;deployment-realism;major overlap;mis-routed;off-path;page artifact;rebuttal interactive;return major;story tellable;wire;defense;adversaries;cannot return;round- reviews;edition;ethics considerations;vantage;diego;major decision;deadline;dblp;acsac
neurips	NeurIPS	depth	conference	cs-ai (conference)	international	empirical	field		NeurIPS-Skills		NeurIPS-Skills/resources/official-source-map.md	neurips;track;mlrc;tmlr;main-track;use-inspired;openreview;contribution-type;datasets benchmarks;discussion-period replies;final checklist;neurips-style;rebuttals discussion-period;response decision;code demos;mandatory checklist;text appendices;checklist code;de-anonymization final;belongs main;contemporaneous;handbook;decision camera-ready;rerouting;release;current-cycle;alignment;whether belongs;artifacts;decide whether;preprints;artifact;reproducibility;contribution type;ablations baselines;ablations splits;accepted-paper de-anonymization;advice reopen;agent policy;aligning checklist
nsdi	NSDI	depth	conference	cs-ai (conference)	international	empirical	field		NSDI-Skills		NSDI-Skills/resources/official-source-map.md	nsdi;one-shot;spring;community award;fall;frontiers;osdi;usenix;networked;distributed;september;sigcomm;implementation practical;practical evaluation;per-deadline;realistic traffic;operational;deadline;sosp;testbed;gates;tail;edition;kernel;networked-systems;single-deadline;contracts;design implementation;anonymization relaxed;appendices outside;badge evaluation;beamforming modulation;change memo;company names;relaxed system;system company;references appendices;deployed;tracks;track
oopsla	OOPSLA	depth	conference	cs-ai (conference)	international	empirical	field		OOPSLA-Skills		OOPSLA-Skills/resources/official-source-map.md	oopsla;pacmpl;splash;sigplan;round;popl;onward;pldi;center mass;ecoop;icfp;minor major;issue;october;volume;programming;acmsmall;double-anonymous;doors year;four-way;oopsla-shaped;implementation;two-round;languages;track;data-availability statement;artifact claims;multi-stage;round-hopping;pages;talk;corpus;march;rounds;acceptances;earning;yearly;layers;precedent;speedup
osdi	OSDI	depth	conference	cs-ai (conference)	international	empirical	field		OSDI-Skills		OSDI-Skills/resources/official-source-map.md	osdi;usenix;december;operational systems;sosp;nsdi;page reviewed;operating systems;reviewed body;built-and-measured;seattle;design implementation;sysartifacts;track;author-response period;deadline;systems design;tracks;artifact;july;shepherding;eurosys;pages;conditional heavyweight;fitting page;idea survives;network object;networking relates;no-appendix;relates operating;renamed-system;systems cloud;hotcrp;months;cadence;storage;since;machine-learning systems;available badge;systems project
percom	PerCom	depth	conference	cs-ai (conference)	international	empirical	field		PerCom-Skills		PerCom-Skills/resources/official-source-map.md	percom;ubicomp;ieee;imwut;sensys;sensing;ipsn;cross-subject;pervasive-computing;human-centric;xplore;mobicom;smart;bounded rebuttal;human-centricity;ieeetran;activity;revise cycle;human-subjects;early-rejection;pervasive;mobile;recognition;mobisys;ubiquitous;covering;single-round;wearables;rolling;deadline;wearable;answers explicit;computing communications;context modeling;context-awareness;free-living;gated;networked-sensor;networked-sensor-systems;real human
pldi	PLDI	depth	conference	cs-ai (conference)	international	empirical	field		PLDI-Skills		PLDI-Skills/resources/official-source-map.md	pldi;pacmpl;sigplan;popl;oopsla;icfp;november;verb;acmsmall;language design;implementation;compilers;february;reusable available;empirical evaluation;icse;zenodo;artifact evaluation;reviewing;post-acceptance artifact;asplos;functional reusable;june;home theorem;implementation-and-benchmarks;pldi-shaped;programming language;available badges;benchmark suites;warmup;window march;single-column;earning functional;march notification;summary-rejection;verification tooling;toolchains;hotcrp;deadline;runtimes
podc	PODC	depth	conference	cs-ai (conference)	international	empirical	field		PODC-Skills		PODC-Skills/resources/official-source-map.md	podc;distributed;disc;spaa;full version;lightweight double-blind;distributed-theory;bound;pods;stoc;sequential;proof;soda;computing;focs;symposium principles;complexity;jacm;brief announcement;budget unbounded;cost measure;shared-memory;unbounded full;version proofs;guarantee;regular;faults;algorithm;database;impossibility;concurrency;merits;pages;badge track;de-distribute;distributed-computing-theory;icdcs;measurements analyzed;naming trap;opodis
pods	PODS	depth	conference	cs-ai (conference)	international	empirical	field		PODS-Skills		PODS-Skills/resources/official-source-map.md	pods;icdt;sigmod;vldb;at-submission;symposium;lics;dichotomy;acmsmall;pacmmod;shepherded;icde;pacmmod-track;provably optimal;data-management;double-anonymous;database-theory;tods;bound;easychair;jacm;lightweight;optimal algorithm;result-swap;systems-db;bounds;hour;sister theory;federation;matching upper;lmcs;theorem;edbt;cycles year;query;calendar;full version;semantics;complexity;claims practicality
popl	POPL	depth	conference	cs-ai (conference)	international	empirical	field		POPL-Skills		POPL-Skills/resources/official-source-map.md	popl;pacmpl;full double-blind;july;sigplan;mechanization;proof;january;hotcrp deadline;oopsla;conditional-acceptance;pldi;languages;icfp;october;lics;semantics;starts;theorem;building informal-to-formal;esop;informal-to-formal ramp;principles programming;toplas;mechanized;program logic;satisfactory;signs;pages;issue;acmsmall;performance numbers;conditionally;theorems;decisive;artifact;symposium;compiler;truth;motivating
ppopp	PPoPP	depth	conference	cs-ai (conference)	international	empirical	field		PPoPP-Skills		PPoPP-Skills/resources/official-source-map.md	ppopp;parallel;pldi;concurrency;asplos;parallelism;sigplan;popl;hpca;parallel-programming;numa;compiler;concurrency-correctness;scalability;two-column acmart;author-response rebuttal;runtimes;cgo-shared;lock-free wait-free;accelerator;speedup;covering;twin;co-located;programming;spaa;real workloads;compilers;microarchitecture;synchronization;scaling;sweeps;thread;concurrent structures;contention;correctness measured;extended committee;external extended;linearizability;memory-model
recsys	RecSys	depth	conference	cs-ai (conference)	international	empirical	field		RecSys-Skills		RecSys-Skills/resources/official-source-map.md	recsys;recommender;off-policy;ranking;wsdm thewebconf;reproducibility track;sigir wsdm;recommendation;leakage-aware;industry;anonymous in-paper;equal-budget baseline;offline-versus-online;offline;tuning;splits;production constraints;recommender-systems;user item;evaluation;two-column;exposure;doubly;field reproducibility;full-ranking;in-paper repository;main reproducibility;merely applicable;objective user;past-present-future;re-scoping;recommendation-first;repeating;sampled metrics;single-domain;snips;untuned;deployed;digital library;anonymous repository
rss	RSS	depth	conference	cs-ai (conference)	international	empirical	field		RSS-Skills		RSS-Skills/resources/official-source-map.md	science systems;robotics science;single-track;icra;robot;corl;claim robotics;roboticsproceedings;iros;ceiling;one-page rebuttal;chair;invited one-page;rss-shaped;scientific claim;wafr;free open-access;t-ro ijrr;probe;falsifiable claim;open-access proceedings;january;foundation;pages;every presented;field hear;paper-type;primarily area;proceedings culture;property proved;rewards brevity;roboticsconference;conference week;planners;benchmark-driven;footage;ledgers;robotics conference;stated reason;system name
sensys	SenSys	depth	conference	cs-ai (conference)	international	empirical	field		SenSys-Skills		SenSys-Skills/resources/official-source-map.md	sensys;embedded;sensing;energy;ipsn;iotdi;on-device;merged;latency;low-power;mobicom;merger;deployment;post-merger;hardware;memory;measured;sensor ground;firmware;offline;double-column;testbed;long-term;two-deadline;community joined;concern specific;deadline substantive;duty cycle;embodies contribution;first-deadline;honest sensor;on-device-ai;resubmission-with-revision;return deadline;specific change;substantive response;mobisys;networked;compute power;headline numbers
sigcomm	SIGCOMM	depth	conference	cs-ai (conference)	international	empirical	field		SIGCOMM-Skills		SIGCOMM-Skills/resources/official-source-map.md	sigcomm;testbed;networking;shepherd-run;nsdi;experience track;trace;conext;traffic;sigmetrics;tail;one-shot;mobicom;deployment;deadline;early-reject;taps;shepherd;appendix-necessity;lessons real;networks communication;real operation;single yearly;hotcrp;networking-stack;topologies;track experience;communication systems;dblp digital;measurement mechanism;february;data-center;fabric;fall;required-changes;sigmobile;year;discussion phase;mechanism sentence;main-track
siggraph	SIGGRAPH	depth	conference	cs-ai (conference)	international	empirical	field		SIGGRAPH-Skills		SIGGRAPH-Skills/resources/official-source-map.md	siggraph;graphics;asia;dual-track;journal-only;technical committee;egsr;second-stage;conference;video;replicability;track;committee meeting;direct-to-tog;form-then-upload;head-to-head comparisons;siggraph-shaped;cvpr;deadline;covering;stamp;vision;strongest prior;eurographics;two-step;geometry;assigns;capability-axis;comparisons strongest;computer-graphics;conference-track;contribution shown;graphics-shaped;lighter-validation;linklings;method-vs-application;naturally revised;rebuttal technical;representative image;reusable technique
sigir	SIGIR	depth	conference	cs-ai (conference)	international	empirical	field		SIGIR-Skills		SIGIR-Skills/resources/official-source-map.md	sigir;retrieval;trec;cross-track;track;collections;significance testing;single-anonymous;collection;per-track;resource environments;resources reproducibility;ranking;cycle;perspectives;duty;efficiency;e-rights;ecir;refs;july;chiir;inside;taps;ablation;sigconf;wsdm;cikm;openreview;campaign participation;contribution plumbing;discipline paired;double-submission;ictir;january-pattern;melbourne;metric-cutoff;naarm;paired significance;pc-member
sigmetrics	SIGMETRICS	depth	conference	cs-ai (conference)	international	empirical	field		SIGMETRICS-Skills		SIGMETRICS-Skills/resources/official-source-map.md	sigmetrics;pomacs;nsdi osdi;measurement;performance;performance-evaluation;one-shot;operational systems;acmsmall;fall winter;track;rolling;learning;sigcomm;summer fall;principled;queueing;double-anonymous;conference-journal;evaluation questa;page single-column;proven bound;applied modeling;neurips;covering;guarantees;built system;learning-theory systems;osdi pure;proof validated;pure network;regenerate match;artifact;month resubmission;open-ended;resubmitted subsequent;stochastic;computer-systems;deadlines summer;modeling assumptions
sigmod	SIGMOD	depth	conference	cs-ai (conference)	international	empirical	field		SIGMOD-Skills		SIGMOD-Skills/resources/official-source-map.md	sigmod;pacmmod;pvldb;round;data-management;industrial track;pods;feedback;covering;tods;four-page letter;highlighting;month embargo;per-reviewer;icde;artifacts;rolling;accepts monthly;availability reproducibility;direct object;embargo-aware;major minor-revision;mid-round;minor-revision verdict;notebooks shared;port;reproducibility initiative;storage query;acm-template;cidr;non-academic;artifact award;best artifact;code scripts;fraud;scripts notebooks;primitive;database;evaluated reproduced;pre-deadline
socc	SoCC	depth	conference	cs-ai (conference)	international	empirical	field		SoCC-Skills		SoCC-Skills/resources/official-source-map.md	socc;cloud;sigmod;dual-anonymous;osdi;nsdi;vldb;systems-and-data;eurosys;sigops;cloud-systems;tail-latency cost;round;experience;serverless;joint;acmart;fabric;measurement;intersection;multi-tenancy;kernel;sponsorship;real realistic;rounds year;ml-systems;sosp;testbed;traces;covering;datacenter;sigconf;model-swap;acmsocc;clean-slate;cloud-economics;computing conference;conference jointly;cost first-class;infrastructure edge
soda	SODA	depth	conference	cs-ai (conference)	international	empirical	field		SODA-Skills		SODA-Skills/resources/official-source-map.md	soda;discrete;acm-siam;algorithms;siam;sosa;alenex;symposium;focs;lightweight double-blind;stoc;september;simplicity;bounds;soda-shaped;bound;deciding question;itcs;july;full version;mathematics;october;january;co-located;icalp;full-version;ratio;stuck;complexity;barrier;double-blind rules;back matter;concrete problem;epubs;final-version;list size;philadelphia;running time;seat theory;soda-topic-selection
sosp	SOSP	depth	conference	cs-ai (conference)	international	empirical	field		SOSP-Skills		SOSP-Skills/resources/official-source-map.md	sosp;principle;sigops;osdi;sosp-shaped;hotos;hardest claim;pre-pc-meeting;shape test;extractable;sysartifacts;storage;shepherded;evaluation;conflicts;embodiment;eurosys;timing;back-scheduling;chair-audited;deployment computer;expanding page;expertise room;references uncounted;single-track meeting;annual since;budget shape;call project;different system;fast;circuit;artifacts evaluated;systems software;charter;computer systems;tails;deadline;extracted;factual errors;retargeting
stoc	STOC	depth	conference	cs-ai (conference)	international	empirical	field		STOC-Skills		STOC-Skills/resources/official-source-map.md	stoc;symposium theory;theory computing;sigact;focs;arxiv eccc;jacm sicomp;computation;stoc-workflow;theoryfest;two-beat;full version;november;committee;quantum;breadth tests;certified proof;complexity cryptography;corridor test;ditto;eccc camera-ready;experiments axis;flagship-general;labeled illustration;stoc-related-work;algorithms;eccc full;public arxiv;refuse;specialized theory;theory groups;deadline;bound;guaranteed;proceedings entry;twelve pages;mean;itcs;socg;topics list
tacas	TACAS	depth	conference	cs-ai (conference)	international	empirical	field		TACAS-Skills		TACAS-Skills/resources/official-source-map.md	tacas;etaps;case-study;sv-comp;lncs;artifact;fmcad;tool-demonstration;category;regular tool;tool-demo;vmcai;tool-paper;voluntary;per-category;verification;four categories;blind;mandatory;single-blind;spin;soundness;springer;llncs;sttt;tools algorithms;competition;covering;easychair;evaluation;double-blind;analyse;annual round;category-appropriate;cpachecker;gold-open-access;honest benchmark;mature tool;nusmv;storm
the-web-conference	The Web Conference	depth	conference	cs-ai (conference)	international	empirical	field		The-Web-Conference-Skills		The-Web-Conference-Skills/resources/official-source-map.md	track;web-native;tracks;conference;edition;pool;search retrieval-augmented;mining;icwsm;inside;platform;harms;wsdm;pages;companion proceedings;dubai;graph algorithms;infrastructure mobile;networks social;postponed;primed;re-cut;research-tracks;short-paper good;systems infrastructure;web-nativeness;websci;editions;sigir;june july;separate supplementary;sibling circuit;social media;available badge;link structure;main proceedings;supplementary upload;user modeling;retrieval;responsible
uai	UAI	depth	conference	cs-ai (conference)	international	empirical	field		UAI-Skills		UAI-Skills/resources/official-source-map.md	pmlr;aistats;probabilistic;main part;uncertainty;bayesian;auai;icml;colt;page main;graphical;causality;correctness novelty;winter deadline;neurips;regret;posterior;spotlight;reasoning;identifiability;decision making;february;inference;guarantee;coverage;openreview;poster;anything remain;appendices file;backing clarity;optional supplementary;part unlimited;phases june;probabilistic-inference;reviewer-and-area-chair;technical correctness;uai-topic-selection;uai-workflow;leans;volumes
uist	UIST	depth	conference	cs-ai (conference)	international	empirical	field		UIST-Skills		UIST-Skills/resources/official-source-map.md	uist;video;authoring;toolkit;enabling;demo;hardware;adjunct;uist-topic-selection;interface;lasting impact;cscw;sigchi;nothing;interactive;technical depth;artifact;planned;demo-culture;diamondtouch;empirical insight;garments;shark;fabrication;impact lineage;late-march;novel technique;published system;subtraction;toolkits;survives;conditional;people;classroom;tochi;pages;two-column;reuse;implementation;deadline
usenix-security	USENIX Security	depth	conference	cs-ai (conference)	international	empirical	field		USENIX-Security-Skills		USENIX-Security-Skills/resources/official-source-map.md	usenix security;security symposium;open science;ethical considerations;phase-;mandatory;artifacts;big-four;artifact measurement;considerations open;finals;two-phase artifact;cycle;pets;shepherd;building threat-model-faithful;flagship summer;per-cycle hotcrp;readiness gate;removing adversary;rewards usenix;science appendices;soups;summer event;woot;four flagships;routing usenix;subtraction;deadline;human-subjects;usenix flagship;usenix open-access;security contribution;security measurement;systems measurement;page body;cycles year;attack defense;early-reject;calendar
vis	VIS	depth	conference	cs-ai (conference)	international	empirical	field		VIS-Skills		VIS-Skills/resources/official-source-map.md	tvcg;visualization;ieee;vgtc;graphics;replicability stamp;rendering;eurovis;areas;two-phase;encoding;interaction;pacificvis;area;conditional-accept;supplemental;core still;open practices;visual-representation-and-task;perceptual;second-round;siggraph;page budget;full-paper;covering;heart;visual;analytics decisions;author-optional;community since;data-analysis task;design-study;domain problem;journal-integrated;open-materials;pacific cycle;perceptually;remove-the-visualization;secondary external;since single
vldb	VLDB	depth	conference	cs-ai (conference)	international	empirical	field		VLDB-Skills		VLDB-Skills/resources/official-source-map.md	vldb;pvldb;volume;three-month;category;monthly;cidr;covering;month;primitive;sigmod;pods;data-management;rolling;single-blind;one-shot;cutoff;icde;month-picking;reproducibility evaluation;research-track call;reviews verdict;scalable science;vision;change document;endowment;extended technical;page-budget;regular;required-changes list;suit;edbt;conference;neighborhood;pacific;page budget;plot;revise;rhythm;deadline
wacv	WACV	depth	conference	cs-ai (conference)	international	empirical	field		WACV-Skills		WACV-Skills/resources/official-source-map.md	wacv;round;cvpr;two-round;winter;iccv eccv;track;vision;applications;algorithms;covering;applications-first;optional one-page;revise-and-resubmit;calendar;computer;ieee xplore;no-rebuttal;comparative assessment;constraint-aware;deadline reported;foundation four-venue;latency power;matched-baseline;page-including-figures;systems-level innovation;real constraints;invited revise;anonymized supplement;icml aistats;scarcity;thecvf;power robustness;sync;double-blind;revise resubmit;rounds;area-chair;single-deadline;openreview
wsdm	WSDM	depth	conference	cs-ai (conference)	international	empirical	field		WSDM-Skills		WSDM-Skills/resources/official-source-map.md	wsdm;mining;sigir;single-track;principled;gate;ethical-considerations;ranking;search recommendation;icwsm;sigweb;references ethics;social;august;recsys;uncounted;easychair;edition;no-rebuttal;short-paper;selectivity;cikm;detection;foundation;associate-chair;benchmarks fails;bias-aware;boise;hannover;metadata visibility;one-in-six;practical-yet-principled;preemptive;pronounced wisdom;selective traditionally;sigkdd sigmod;editions;winter;agentic;llm-based
demography	Demography	depth	journal	demography	international	empirical	field		Demography-Skills		Demography-Skills/resources/official-source-map.md	demography;demographic;population;duke university;demographers;mortality;fertility;migration;university press;general interest;decomposition;population-science;trend;population-change;aging;life;cross-component;deputy;populations change;components;age-period-cohort;note commentary;narrow applied;health;redistribution;estimate;composition;component;contested;sociology;words;measurement;association america;causes consequences;demog-literature-positioning;expectancy;microsimulation;multistate;science populations;subscribe
population-and-development-review	Population and Development Review	depth	journal	demography	international	empirical	field		Population-and-Development-Review-Skills		Population-and-Development-Review-Skills/resources/official-source-map.md	population;population-and-development;development;council;demography;demographic;fertility;ageing;wiley;synthetic;economic environmental;mortality;environmental change;notes commentary;prior frameworks;migration;estimate;social economic;double-anonymized;decomposition;broad interest;environment climate;change policy;dividend;meaning;relationships;debate;essay;linkage;trend;methods-forward;connect;broad demography-and-development;change provides;economist environmental;environmental scholar;fields economist;frameworks revises;interest fields;off-fit toward
world-development	World Development	depth	journal	development-studies	international	empirical	field	top-5	World-Development-Skills		World-Development-Skills/resources/official-source-map.md	world development;invent citations;rung;multidisciplinary;worlddev-literature-positioning;worlddev-topic-selection;worlddev-workflow;decentralization;development economics;world bank;local;qualitative;institutions;marginal claim;problem world;wber edcc;worlddev-identification;cultural change;development cultural;development development;grey;bank economic;contribution development;economic development;poverty;mixed-methods;claim sentence;double-anonymized;practitioner;sibling boundary;answer development;change world;connects identification;context transfer;development connects;development elsevier;development perspectives;development problem;development scholar;development sociologist
earth-and-planetary-science-letters	Earth and Planetary Science Letters	depth	journal	earth-science	international	empirical	field		Earth-and-Planetary-Science-Letters-Skills		Earth-and-Planetary-Science-Letters-Skills/resources/official-source-map.md	epsl;planetary;science letters;earth;process-level;geochronology;geochemistry;chemical mechanical;earthchem;iris;basin;planets;frontier;sub-fields;region;regional;physical chemical;locality;concise high-significance;decay constants;geodynamicist;magic;mantle;mechanical processes;geodynamics;near word;planet;geophysics;letters format;pangaea;letter;process;analytical-uncertainty;anyone studying;chemical geology;constants reference;cosmochemistry;decisiveness;detrital;earthscope
nature-geoscience	Nature Geoscience	depth	journal	earth-science	international	empirical	field		Nature-Geoscience-Skills		Nature-Geoscience-Skills/resources/official-source-map.md	nature geoscience;earth-science;earth;geosci;earth-system advance;model-only;uncertainty;headline;proxy;retarget;climate;broad-interest;gate;communications;online;quantified;regional;process mechanism;cross-disciplinary;supplementary information;claim grounded;data-validated;geoscience strong;https nature;mechanism constraint;observational anchor;prose nature;field remote-sensing;grounded quantitative;interest named;non-specialists;out-of-subfield;volcanology;in-house;planetary science;grounding;cryosphere;prior belief;partitioning;local
econometric-theory	Econometric Theory	depth	journal	econometrics/methods	international	theory	field		Econometric-Theory-Skills		Econometric-Theory-Skills/resources/official-source-map.md	econometric theory;miscellanea;limit theory;assumptions;theorem;previously unproven;themed;asymptotics;special;corollary;generality delta;phillips;author-date;econometrics;dimension;single-anonymous;theorem-proof;fclt;high-dimensional non-standard;non-standard environments;limiting;applied estimate;proved;asymptotic;regularity conditions;proof;applied-method;econometric-theory;ectheory-identification-strategy;fixed growing;partial identification;reader econometric;stationary;theory causal;lattice;known;weaken;nonstationary;illustration;pass
econometrica	Econometrica	depth	journal	econometrics/methods	international	empirical	top-5 econ	top-5	Econometrica-Skills		Econometrica-Skills/resources/official-source-map.md	econometrica;theorem;assumption;finite-sample;carlo;monte;econometricsociety;ecta-robustness;ecta-theory-model;uniqueness;econometric;axioms;estimator;generality;direct antecedents;ecta-identification;ecta-literature-positioning;general setting;nest;availability policy;fixed-point;limiting distribution;example;asymptotics;constructive;elegance;proof;identification;asymptotic;formal;co-editor;structural empirical;contemporaneous;decision theory;simulations;audits;weaken;off-the-shelf;assumptions;special case
journal-of-applied-econometrics	Journal of Applied Econometrics	depth	journal	econometrics/methods	international	empirical	field		Journal-of-Applied-Econometrics-Skills		Journal-of-Applied-Econometrics-Skills/resources/official-source-map.md	applied econometrics;archive;replicable;econometric;free format;replication;archived;application;real-data;deposit;applied-econometrics;regeneratable;inference;confirm qualify;strata;word summary;pure-theory;applied real;qualify overturn;estimator;lesson;depositable;techniques real;replicability;refs;precedent;track;bootstrap;pass-through;editor-in-chief;asymptotics;applies develops;archive-ready;ascii;citation-free;citation-style-agnostic;code paths;documentable;four citation;plain-ascii
journal-of-business-and-economic-statistics	Journal of Business and Economic Statistics	depth	journal	econometrics/methods	international	empirical	field		Journal-of-Business-and-Economic-Statistics-Skills		Journal-of-Business-and-Economic-Statistics-Skills/resources/official-source-map.md	jbes;business economic;economic statistics;empirical relevance;application;econometrics;methodological;off-scope;substantive;econometric;carlo;monte;incumbents;clear empirical;empirical motivation;data-science;rates;adaptation;valid;deliverables;delta;estimator;strand;american statistical;anchor hedged;business finance;conjunction;empirical consequence;pure-statistics;setting prior;statistics side;test algorithm;venue-specific fixes;incumbent;dimension;micro macro;statistical association;off-the-shelf;asymptotics;empirical payoff
journal-of-econometrics	Journal of Econometrics	depth	journal	econometrics/methods	international	empirical	field		Journal-of-Econometrics-Skills		Journal-of-Econometrics-Skills/resources/official-source-map.md	econometrics;econometric;asymptotic;carlo;monte;illustration;estimator;joe-literature-positioning;themed;assumptions;methodological;elsevier;annals;applied;economic;economics economics-theory;economics-theory neighboring;estimand theorem;express resubmission;guest;joe-review-process;joe-submission;joe-topic-selection;lock estimand;proof-first jbes;reproducibility primary;statistical quantitative;theory proof-first;efficiency;relevance test;simulation empirical;weaker;test identification;single-anonymized;size power;quantitative economics;regular;patch;uniform;sciencedirect
journal-of-quantitative-and-technological-economics	Journal of Quantitative and Technological Economics	depth	journal	econometrics/methods	china	empirical	field	CSSCI;中文核心	Journal-of-Quantitative-and-Technological-Economics-Skills		Journal-of-Quantitative-and-Technological-Economics-Skills/resources/official-source-map.md	数量经济;术经济研;济技术经;经济技术;量经济技;测度;jqte;技术经济;预测;因果;经济研究;方法;分解;法应用;可复现;新意;数字经济;forecasting;可测对象;字经济规;贡献类型;可量化;口径;生产率;指数;果话术;产率效率;实践价值;技术决策;适用条件;量化对象;核心对象;透明;jqte-topic-selection;关联;到可测;数据;选题;本刊;收敛
the-econometrics-journal	The Econometrics Journal	depth	journal	econometrics/methods	international	empirical	field		The-Econometrics-Journal-Skills		The-Econometrics-Journal-Skills/resources/official-source-map.md	ectj;leading-case;econometrics;applied value;leading case;econometric;empirical application;applied-value;carlo;monte;compact;printed-paper;asymptotic;treated;roughly page;compression;one-week;estimator;seam;direct potential;ectj-positive;empirical-application;path-breaking;smallest;printed;failure mode;sharp;advance applied;word summary;replication;placement;identification;inference;frontier;statistics;clusters;exhaustive;express;screen;assumptions
aer-insights	AER Insights	depth	journal	economics	international	empirical	field		AER-Insights-Skills		AER-Insights-Skills/resources/official-source-map.md	insights;american economic;short-format;aer-level;single insight;aeri-identification;aeri-topic-selection;multi-result;single-insight;minus;single headline;defend;words;importance;cannot afford;headline object;surprising;in-text;delta clause;supplemental;exhibit;general-interest;availability policy;identification;idea;paragraphs;compressed;left;general interest;aeaweb aeri;aeri-literature-positioning;aeri-referee-strategy;aeri-writing-style;clause show;clean enough;cleanly identified;fast decisive;fees metadata;heterogeneity split;illustrative fictional
annual-review-of-economics	Annual Review of Economics	depth	journal	economics	international	review	field		Annual-Review-of-Economics-Skills		Annual-Review-of-Economics-Skills/resources/official-source-map.md	annual economics;handbook;arecon;arecon-literature-synthesis;arecon-organizing-framework;arecon-proposal-framing;arecon-submission;arecon-workflow;delivery preflight;animating question;arecon-evidence-standards;arecon-topic-selection;chapter;economists;are-shaped;arecon-revision;economics committee;annual-volume;volume;accessible synthesis;shift policy;economic perspectives;commissioned;gather literature;adjacent;appraise;spine;economist;authoritative accessible;invited;annual-review-of-economics-skills;annualreviews economics;areas economics;chapters academy;clarifies field;disputes next;economics coverage;economics specialists;knows disputes;lines cover
china-economic-quarterly	China Economic Quarterly	depth	journal	economics	china	empirical	field	CSSCI	China-Economic-Quarterly-Skills		China-Economic-Quarterly-Skills/resources/official-source-map.md	economic quarterly;可对话;china economic;可建模;识别;经济;季刊;交错;变异;政策;重塑;机制;问题;济学;可证伪;因果;选题;本土;相关性;一般性;低工资;可推广;可救;异来;错推行;效应;生变;审稿人;农户创业;策评估;宽带;贡献;ceq-identification;话性;渠道;包装;去掉;国际可;制命题;竞争机
china-industrial-economics	China Industrial Economics	depth	journal	economics	china	empirical	field	CSSCI	China-Industrial-Economics-Skills		China-Industrial-Economics-Skills/resources/official-source-map.md	国工业经;工业经济;china industrial;industrial economics;特征事实;边际贡献;政策;准实验;研究;智能制造;干净;识别;管理世界;实证;企业;冲击;别于哪篇;区别于哪;实践立地;理论顶天;选题;新口径;意义;数字化;净的政;新机制;试点;数据;金融;国家很重;家很重视;意见为准;管理案例;能制造试;能落到;本刊;策冲;字化转型;无识;因果效应
economic-perspectives	经济学动态	breadth	journal	economics	china	empirical	field	CSSCI	Chinese-SocialScience-Journal-Skills	Chinese-SocialScience-Journal-Skills/skills/economic-perspectives/SKILL.md		济学动态;经济学动;论经济学;理论;重大问题;国社会科;会科学院;社会科学;学院主管;经济研究;研究所主;究所主办;官方;学前沿综;学术化评;政策热点;术化评述;济学前沿;济重大问;点的学术;热点的学;综述与争;述与争鸣;科学院主;投稿;文献;国经济重;经济重大;研究议程;济学月刊;经济学月;期刊;沿综述;论评论;本刊;参考文;学问题;核验;要求;方法
economic-research-journal	Economic Research Journal	depth	journal	economics	china	empirical	中文经济学顶刊	CSSCI	Economic-Research-Journal-Skills		Economic-Research-Journal-Skills/resources/official-source-map.md	经济研究;economic-research;理论;边际贡献;技能服务;本技能服;国问题;选题;管理世界;维度;经济学;本文;https ajcass;央地财政;提供;论文献;论贡献;年第;答案;economic;主轴;境是否提;情境是否;国情境;识别机会;国版本;已有;深度不够;际贡献四;题深度不;期刊匹配;贡献四句;这个问题;用时机;canonical theory;三问;必须能;高质量发;质量发展;供了海
european-economic-review	European Economic Review	depth	journal	economics	international	empirical	field		European-Economic-Review-Skills		European-Economic-Review-Skills/resources/official-source-map.md	european economic;jeea;eer-literature-positioning;eer-theory-model;general-interest;broad-interest;eer-identification;eer-workflow;elsevier;breadth;cross-field bridge;eer-rebuttal;eer-topic-selection;left open;identification;pass-through;frontier;design theory;informal;marginal contribution;economics;generalist;checkable delta;eer-referee-strategy;eer-replication-package;eer-robustness;eer-submission;eer-tables-figures;eer-writing-style;estimates incidence;field increment;flagship oxford;portability sentence;theory strength;single-anonymized;fields;answer mechanism;exhibits european;overselling;prose european
international-economic-review	International Economic Review	depth	journal	economics	international	empirical	field	top-5	International-Economic-Review-Skills		International-Economic-Review-Skills/resources/official-source-map.md	international economic;ier-workflow;econometrica;generality;ier-literature-positioning;ier-topic-selection;top-;general-interest;frontier;estimator;field-journal;branch;restud;theory structural;setting;ier-identification;ier-robustness;ier-tables-figures;ier-theory-model;test catches;topical importance;reader segment;micro;econometric;delta;assumption;express portal;local;applied;econometrics;argument enough;broad theory-leaning;correct general;distinctive theory;economics argument;economics distinctive;enough intuition;field-local;flat express;general object
international-economic-review-cn	国际经济评论	breadth	journal	economics	china	empirical	field		Chinese-SocialScience-Journal-Skills	Chinese-SocialScience-Journal-Skills/skills/international-economic-review-cn/SKILL.md		国际经济;际经济评;经济评论;政治研究;济与政治;经济与政;世界经济;开放;一个月;投稿;国经济关;大国经济;研究所官;究所官网;经济关系;际经济格;国社会科;贸易;序编码制;放经济;iwep;全球治理;月内未收;用与摘要;经济格局;费用与摘;会科学院;官方;顺序编码;个月内未;知可自行;通知可自;汇率;用稿通知;引力模型;联系方式;社会科学;评论型;作者单位;可自行处
journal-of-economic-literature	Journal of Economic Literature	depth	journal	economics	international	review	field		Journal-of-Economic-Literature-Skills		Journal-of-Economic-Literature-Skills/resources/official-source-map.md	economic literature;survey;jel-organizing-framework;jel-submission;animating question;jel-literature-synthesis;jel-proposal-and-commissioning;jel-workflow;jel-writing-style;codes;jel-classification-system;jel-comprehensiveness-and-balance;jel-revision;jel-topic-selection;proposal;jel-shaped;shift policy;mature important;coverage;non-specialist economist;spine;jel-editor-strategy;jel-tables-figures;payoff non-specialist;reader non-specialist;resources readme;tractable;schools;policy salience;taxonomy;fails;synthesis;maturity importance;passes four;question know;reader payoff;tests maturity;literature economic;non-technical;surveying
journal-of-economic-perspectives	Journal of Economic Perspectives	depth	journal	economics	international	review/expository	field		Journal-of-Economic-Perspectives-Skills		Journal-of-Economic-Perspectives-Skills/resources/official-source-map.md	economic perspectives;jep-evidence-without-equations;jep-narrative-arc;symposium;proposal;jep-exhibits-for-general-readers;jep-proposal-and-symposium;jep-workflow;defer;plain language;core ideas;jep-balance-and-objectivity;jep-revision;jep-submission;jep-topic-selection;policy moment;handles;economist;accessibility;synthesis;body synthesize;framing invited;ideas survive;jep-accessibility-and-translation;jep-editor-strategy;jep-writing-style;length framing;literature maturity;maturity policy;moment diffusion;sentence-level;survive translation;translation plain;balance;pitch;debate literature;four axes;synthesizable;translating technical;non-specialists
journal-of-political-economy	Journal of Political Economy	depth	journal	economics	international	empirical	top-5 econ		Journal-of-Political-Economy-Skills		Journal-of-Political-Economy-Skills/resources/official-source-map.md	political economy;economic;chicago;jpe-identification;jpe-theory-model;author-date;proper;price-theory;jpe-shaped;mechanism-driven;top-five;microeconomics;atheoretical correlation;becker;rooted;economics;macroeconomics;general-equilibrium;lesson;five;canonical theory;conflated;portable;empirics;equilibrium;intro;prediction;identification;black scholes;generalist would;greg;john list;jpe-literature-positioning;jpe-robustness;lead john;predict bear;companion;macro;contribution generalist;crime punishment
journal-of-the-european-economic-association	Journal of the European Economic Association	depth	journal	economics	international	empirical	field	top-5	Journal-of-the-European-Economic-Association-Skills		Journal-of-the-European-Economic-Association-Skills/resources/official-source-map.md	jeea;european economic;economic association;general-interest;lesson;execution;travel test;jeea-identification;jeea-theory-model;top-;identification;dcas;co-editor;jeea-literature-positioning;zenodo community;subfield;frontier;field-agnostic;general interest;design disciplined;delta;micro;credible empirical;development public;faster home;find surprising;jeea-grade;jeea-shaped;jeea-topic-selection;novelty type;path empirical;payoff travel;surprising consequential;membership;close;relative;econometrics applied;finance development;theory-and-empirics;empirical design
modern-economic-research	现代经济探讨	breadth	journal	economics	china	empirical	field		Chinese-SocialScience-Journal-Skills	Chinese-SocialScience-Journal-Skills/skills/modern-economic-research/SKILL.md		代经济探;现代经济;经济探讨;改革;江苏省社;苏省社会;投稿;政策;济理论月;理论月刊;主管主办;省社会科;会科学院;经济理论;官方;匿名审稿;性经济理;有制度逻;绿色转型;社会科学;制度逻辑;济体制改;经济体制;问题;本刊;区域;合性经济;综合性经;核验;官网;可验证;要求;证据;modern economic;不收版面;收版面费;策文件;试点;为准;稿须知
quantitative-economics	Quantitative Economics	depth	journal	economics	international	empirical	field		Quantitative-Economics-Skills		Quantitative-Economics-Skills/resources/official-source-map.md	econometrica;quantitative economics;econometric society;quantity;counterfactual;estimator;structural;estimand;departure;theoretical economics;quantitative answer;estimate;welfare;general-interest;substantive economic;method-first;computational;coverage sets;population assumptions;qe-contribution-framing;qe-identification-strategy;qe-literature-positioning;pure theory;measured fact;parameter;tariff;estimation;economic question;asterisks;lesson;field lacked;raising;number;assumed;reproducible code;redo;margin;feasible;identification;apply quantitative
quarterly-journal-of-economics	Quarterly Journal of Economics	depth	journal	economics	international	empirical	top-5 econ	top-5	Quarterly-Journal-of-Economics-Skills		Quarterly-Journal-of-Economics-Skills/resources/official-source-map.md	quarterly economics;general-interest;broad lesson;econometrica;surprising answer;clean;figure-forward;frontier;credible empirics;filter;source variation;author-date;prior belief;compelling question;english-language economics;exceptional first-order;first-order novelty;five harvard-based;hendren kline;kline saez;mankiw;oldest english-language;one-sentence hook;qje-;qje-literature-positioning;romer;variation broad;weil;idea;field-journal;debate;reconciliation;weeks;broad implications;chetty hendren;exhibits quarterly;extensive online;intergenerational mobility;broad question;coefficient lesson
review-of-economic-studies	Review of Economic Studies	depth	journal	economics	international	empirical	top-5 econ	top-5	Review-of-Economic-Studies-Skills		Review-of-Economic-Studies-Skills/resources/official-source-map.md	restud;economic;general interest;ring;core object;top-;design fact;clause;theory applied;marginal contribution;elegance;empirical fact;original contribution;identification;single closest;canonical;anchors present;applied equally;clean original;could compress;distinguisher;filled core;friendly;inner;inner-ring;job-market-stage;junior economists;known toolkit;legible quickly;meetings showcases;original-contribution;outer;restud-literature-positioning;restud-theory-model;restud-topic-selection;scholars annual;state-of-the-art causal;strategy empirical;tour meetings;young scholars
review-of-political-economy	政治经济学评论	breadth	journal	economics	china	empirical	field	CSSCI	Chinese-SocialScience-Journal-Skills	Chinese-SocialScience-Journal-Skills/skills/review-of-political-economy/SKILL.md		政治经济;治经济学;济学评论;经济学评;人民大学;国人民大;理论;主义政治;义政治经;书报资料;大学书报;学书报资;民大学书;资料中心;crpe;经济学院;投稿;经济学理;克思主义;学院主编;思主义政;料中心主;民大学经;生产关系;经验政策;范畴;马克思主;验政策评;稿指南;会主义政;国特色社;特色社会;社会主义;色社会主;economy cssci;官方;教育部;国式现代;大学经济;学经济学
the-economic-journal	The Economic Journal	depth	journal	economics	international	empirical	field	top-5	The-Economic-Journal-Skills		The-Economic-Journal-Skills/resources/official-source-map.md	economic;ecj-identification;substantial contribution;short-paper;ecj-theory-model;insights-style;full-length;ecj-literature-positioning;ecj-robustness;ecj-workflow;ej-shaped;broad relevance;broad interest;intro;canonical antecedent;ecj-rebuttal;ecj-topic-selection;author-date;framing theory;top-;economics;outsider;grasps;lesson;identification;econometrics;broad portable;ecj-referee-strategy;ecj-replication-package;ecj-submission;ecj-tables-figures;ecj-writing-style;francesco;lippi;objections demanding;broad-interest;contribution broad;applied frontier;interest economists;methodological econometric
rand-journal-of-economics	RAND Journal of Economics	depth	journal	economics/IO	international	empirical	field	top-5	RAND-Journal-of-Economics-Skills		RAND-Journal-of-Economics-Skills/resources/official-source-map.md	rand;market;industrial-organization;competition;regulation;antitrust;welfare;page caps;demand;reduced-form;hard page;firm;merger;economics;structural;conduct;issue numbers;lesson;organizations;entry;vertical;strand;bell;regulated industries;two-sided;page numbers;auctions;dynamic;bargaining;formerly;estimated;object;corporation;mergers;on-scope;unnumbered;estimate;screen;deliberately narrow;markups
china-rural-economy	China Rural Economy	depth	journal	economics/agricultural	china	empirical	field	CSSCI	China-Rural-Economy-Skills		China-Rural-Economy-Skills/resources/official-source-map.md	国农村经;农村经济;三农;rural;技能服务;本技能服;china;农业;农户行为;观察;国农村观;边际贡献;economy;乡村振兴;农村金融;农场;土地制度;粮食安全;理论;意义层;农村政策;展经济学;微观证据;到三;发展经济;经营;加强完善;完善推进;强完善推;政策现实;济学期刊;经济学期;farmer;农村发展;选题;场景;个农村;出务工;深度不够;际贡献四
china-rural-survey	中国农村观察	breadth	journal	economics/agricultural	china	empirical	field		Chinese-SocialScience-Journal-Skills	Chinese-SocialScience-Journal-Skills/skills/china-rural-survey/SKILL.md		农村;国农;村观察;农业;据与程序;数据与程;程序代码;经济;三农;代码公开;村经;土地;村发展研;农户;投稿;多学科;村社会;科学院农;实证稿;发展研究;制度;英文摘要;zgncgc;查与多学;调查与多;双向匿名;国社会科;政策;业技术;本刊;会科学院;官方;编辑部要;辑部要求;乡村治理;按编辑部;度调查;济计量;地制;村庄
rural-economy	农村经济	breadth	journal	economics/agricultural	china	empirical	field		Chinese-SocialScience-Journal-Skills	Chinese-SocialScience-Journal-Skills/skills/rural-economy/SKILL.md		农村;村经济;农业;投稿;四川省社;三农;土地;乡村;顺序编码;川省社会;县域;地制度;alljournal;ncjj;村产业;会科学院;国农;省社会科;社会科学;村治理;农户;本刊;农学术稿;返乡创业;业技术;农民收入;村公共服;版面费口;面费口径;政策;参考文献;顶级三;图分类号;官方;主办;系统;序编码参;码参考文;编码参考;关键词
aej-applied-economics	AEJ Applied Economics	depth	journal	economics/applied	international	empirical	field		AEJ-Applied-Economics-Skills		AEJ-Applied-Economics-Skills/resources/official-source-map.md	economic applied;applied economics;american economic;aeja-identification;economics applied;policy field;closest would;aeja-robustness;aeja-workflow;identification;estimate;empirical-first;honest delta;applied-micro;left open;aeja-literature-positioning;aeja-writing-style;answer design;applied-shaped;reason prior;settled;economic policy;marginal addition;sentence closest;subfields beyond;codes;design setting;applied policy;openicpsr;prior left;headline;spending;credible causal;shift-share;adult earnings;aej-applied-economics-skills;aeja-rebuttal;aeja-submission;aeja-tables-figures;aeja-topic-selection
review-of-economics-and-statistics	Review of Economics and Statistics	depth	journal	economics/applied	international	empirical	field		Review-of-Economics-and-Statistics-Skills		Review-of-Economics-and-Statistics-Skills/resources/official-source-map.md	restat;economics statistics;applied;measurement;restat-literature-positioning;econometrics;estimate;identification;better-measured;restat-workflow;delta;estimator;restat-identification;restat-rebuttal;restat-topic-selection;measure;setting;wage;parameter;stakes;index note;labor-market tightness;less error;local labor-market;restat-referee-strategy;restat-replication-package;restat-robustness;restat-submission;restat-tables-figures;restat-theory-model;restat-writing-style;author-year;reconciliation;empirical-first;upgrade prior;changes right;wider;field-internal;twfe;words exhibits
journal-of-risk-and-uncertainty	Journal of Risk and Uncertainty	depth	journal	economics/decision	international	empirical	field		Journal-of-Risk-and-Uncertainty-Skills		Journal-of-Risk-and-Uncertainty-Skills/resources/official-source-map.md	risk uncertainty;ambiguity;primitive;insurance;invent citations;jru-workflow;experimental economics;decision-theoretic;jru-identification;jru-literature-positioning;jru-theory-model;behavioral;prospect;weighting;jru-topic-selection;utility;estimate;elicitation;jebo;measurement;economic behavior;theory decision;axiomatics;cross-paradigm;jru-robustness;rank-dependent;uncertainty decision;preferences;aversion;contribution risk;representation;parameter;territory;decision theory;sharper;cumulative;conversation joins;object;bottleneck risk;broad-behavioral
journal-of-development-economics	Journal of Development Economics	depth	journal	economics/development	international	empirical	field	top-5	Journal-of-Development-Economics-Skills		Journal-of-Development-Economics-Skills/resources/official-source-map.md	development;economics;first-order;welfare;low-;middle-income;poverty;developing;poor populations;developing-country;savings;external validity;binding;lmic;pass;economies;percent;single-anonymized;margin;identification;applied field-wide;audience jpube;compare world;context judge;field-wide reach;fiscal public-finance;jpube fiscal;mechanisms applied;policy-relevant external;public-finance mechanisms;subliterature;short-paper;broader policy;design policy-relevant;economists expect;implementation context;microfinance;process economic;reach sibling;setting
world-bank-economic-review	World Bank Economic Review	depth	journal	economics/development	international	empirical	field		World-Bank-Economic-Review-Skills		World-Bank-Economic-Review-Skills/resources/official-source-map.md	wber;world bank;bank economic;developing-country;development;observer;development-policy;wber-workflow;bank policy;short-format;wber-literature-positioning;wber-topic-selection;policy-relevant;cultural change;development-economics;poverty;project report;wber-identification;wber-robustness;wber-theory-model;trade;impact evaluation;send;full-length;academic;policy stake;counterfactual;frontier;write prose;setting;actionable interpretation;change applied;clean timely;construction actionable;economics impact;economist policymaker;evaluation institutions;general field;informality;local-to-general step
journal-of-environmental-economics-and-management	Journal of Environmental Economics and Management	depth	journal	economics/environment	international	empirical	field		Journal-of-Environmental-Economics-and-Management-Skills		Journal-of-Environmental-Economics-and-Management-Skills/resources/official-source-map.md	jeem;environmental;economics management;valuation;welfare;climate;aere;jeem-workflow;resource;bias;hedonic;jaere;jeem-identification;jeem-literature-positioning;jeem-topic-selection;travel-cost;damage;estimate;amenity;stated-preference;externality;pollution;ecological economics;economics nature;economic policy;abatement;public-finance;invent citations;mechanism load-bearing;spatial;quantity;variation;regulation;cost;subsidy;leakage;comparative static;sorting;public economics;another
experimental-economics	Experimental Economics	depth	journal	economics/experimental	international	empirical	field		Experimental-Economics-Skills		Experimental-Economics-Skills/resources/official-source-map.md	experimental economics;expecon;treatment;jebo;contrast;expecon-topic-selection;expecon-workflow;behavioral;null;expecon-literature-positioning;experiment;control;deception;draft prose;confound removal;expecon-identification;expecon-theory-model;jesa;no-deception;paradigm;registered report;trust;dictator;method-defined;adjudicates;replication;boundary;incentives;pre-registered;incentive;invent citations;artefactual;beauty;building block;either build;exactly dimension;expecon-rebuttal;experimental-economics-skills;experiments economics;field online
games-and-economic-behavior	Games and Economic Behavior	depth	journal	economics/game-theory	international	interpretive/theory	field		Games-and-Economic-Behavior-Skills		Games-and-Economic-Behavior-Skills/resources/official-source-map.md	economic behavior;games economic;game;game-theory;chief;design behavioral;equilibrium;economics;experiment;theory applications;abstraction theoretical;beyond clever;claim cascade;clever example;compact theory;compare theory;concept comparative;editor-in-charge;experiment-first;geb-contribution-framing;geb-literature-positioning;lock primitives;pass games;statics proof;theorem mechanism;theorists teaches;theory abstraction;biology;conference-version;contribution experimental;teaches beyond;generality;charge;theory mechanism;advisory;cross-field;elsevier;impossibility;mechanism design;comparative statics
journal-of-economic-geography	Journal of Economic Geography	depth	journal	economics/geography	international	empirical	field		Journal-of-Economic-Geography-Skills		Journal-of-Economic-Geography-Skills/resources/official-source-map.md	geography;spatial;economic;regional;geographer;quantitative-spatial;urban economics;relatedness;trade;jegeo-workflow;economist;branching;agglomeration;geographical economics;jegeo-literature-positioning;jegeo-topic-selection;rsue;invent;evolutionary;becomes;fixed effect;jegeo-identification;jegeo-robustness;jegeo-theory-model;space economy;scale;clusters;knowledge;place-based policy;institutional;two-community;frontier;international economics;spillover;distance;resilience;institutions;constitutive;innovation;lens
journal-of-economic-growth	Journal of Economic Growth	depth	journal	economics/growth	international	empirical	field	top-5	Journal-of-Economic-Growth-Skills		Journal-of-Economic-Growth-Skills/resources/official-source-map.md	growth;long-run;springer nature;economic;transition;strand;cross-country;theory empirics;dynamic macroeconomics;specialist springer;income;endogenous;human capital;nature outlet;trade;demographic;historical;fertility;mechanism general;persistence;unified;channel;comparative-development;marginal step;structural transformation;development;dynamic-macro;economic-growth;neoclassical;institutions;reallocation;tension existing;regions;general-interest;identification;debate;touches;magnitude;conley;content incidental
journal-of-health-economics	Journal of Health Economics	depth	journal	economics/health	international	empirical	field	top-5	Journal-of-Health-Economics-Skills		Journal-of-Health-Economics-Skills/resources/official-source-map.md	health economics;health-econ;provider;ajhe;health-system;insurance;jhe-identification;health economist;jhe-workflow;health-economics;jpube;jhe-literature-positioning;jhe-robustness;economics health;internality;jhe-topic-selection;health-policy;public economics;take-up;public-finance;engine;health policy;counterfactual;margin;market;jhe-theory-model;policy health;question health;sin-tax;economic policy;labor;contribution health;delta policy;engage;economics public;human-capital;canon;institutional;incentives;policy lesson
imf-economic-review	IMF Economic Review	depth	journal	economics/international	international	empirical	field		IMF-Economic-Review-Skills		IMF-Economic-Review-Skills/resources/official-source-map.md	imfer;jimf;imfer-identification;jmcb;imfer-robustness;open-economy;economic;academic policy;policy-relevant;dual academic;imf-relevant;imfer-literature-positioning;imfer-submission;imfer-topic-selection;imfer-workflow;debt;international;sovereign;macro;cross-country;contagion;imfer-tables-figures;imfer-theory-model;international-macro;strong core;financial;flows;frontier;staff;identification;spillovers;theme;imfer-rebuttal;imfer-writing-style;primary axis;transparent country;us-macro;country coverage;inheritance;macroeconomics finance
international-economics-and-trade-research	国际经贸探索	breadth	journal	economics/international	china	empirical	field		Chinese-SocialScience-Journal-Skills	Chinese-SocialScience-Journal-Skills/skills/international-economics-and-trade-research/SKILL.md		国际;经贸探索;际经贸探;贸易;开放;经济;广东外语;语外贸大;粤港澳;序编码制;顺序编码;放经;投稿;贸大学;际可比;际贸;跨境电商;口径;官方;稿件要素;汇率;政策;版面费政;本刊;引力模型;万字;以编辑部;为准;文献;企业国;核验;行业口;径国;新通知为;篇幅;部最新通;问题;数据;结合;官网
journal-of-international-economics	Journal of International Economics	depth	journal	economics/international	international	empirical	field	top-5	Journal-of-International-Economics-Skills		Journal-of-International-Economics-Skills/resources/official-source-map.md	trade;international economics;motivation modelling;originality;modelling structure;half;macro;open-economy;international-economics;tariff;macro-finance;firm-level;finance;commercial policy;original motivation;sovereign;pass-through;eaton;customs;axis;exchange rates;exchange-rate;export;gravity;factor mobility;international pricing;mobility spatial;patterns commercial;tariff-war;gate;debt;in-scope;shift-share;margin;china-shock;international-trade;kortum;melitz;open-economy-macro;ppml
journal-of-world-economy	Journal of World Economy	depth	journal	economics/international	china	empirical	field	CSSCI	Journal-of-World-Economy-Skills		Journal-of-World-Economy-Skills/resources/official-source-map.md	世界经济;world economy;开放维度;国工业经;工业经济;open-economy;跨境;处理变量;金融研究;国际;进口;不对口;domestic;trade;成立;全球;纯国;去掉;一句话标;制度性冲;句话标准;度性冲击;国内实证;济学季刊;经济学季;国内产;机制;本刊;经济研究;国内稿;判定;暴露;shift-share;口判;产业政策;不成;classics frontier;customs micro;journal-of-financial-research china-industrial-economics;jwe-topic-international
journal-of-labor-economics	Journal of Labor Economics	depth	journal	economics/labor	international	empirical	field	top-5	Journal-of-Labor-Economics-Skills		Journal-of-Labor-Economics-Skills/resources/official-source-map.md	labor;jole;word economy;economics;lesson;economists;wages;human capital;employment;chicago author-date;general-interest;labor-market;single-blind;labor-economics;margin;sole;discrimination;register;wage;adjacent subfields;jole-identification-strategy;jole-literature-positioning;labor-adjacent;labor-economic;variation magnitude;beyond setting;firm;mechanism population;economist;external relevance;migration;local estimate;registers;design sample;in-text;non-refundable;stake;identifying variation;supply;survey
studies-in-labor-economics	劳动经济研究	breadth	journal	economics/labor	china	empirical	field		Chinese-SocialScience-Journal-Skills	Chinese-SocialScience-Journal-Skills/skills/studies-in-labor-economics/SKILL.md		劳动;动经济研;经济研究;工资;社会保障;企业用工;技能形成;投稿;动经济学;家庭决策;社保;官方;动市场;人口;学机制;本刊;制度;方法;数据;性要;核验;labor economics;动力;要求;迁移;政策;期刊;选择;格式;学研究;变量;证据;调查;核心;专业;差异;读者对象;地区;高频拒稿;新官
aej-macroeconomics	AEJ Macroeconomics	depth	journal	economics/macro	international	empirical	field		AEJ-Macroeconomics-Skills		AEJ-Macroeconomics-Skills/resources/official-source-map.md	macro;economic macroeconomics;american economic;dsge;svar;hank;quantity;broad-interest;quantitative discipline;identification;identified-empirical;projections narrative;quantitative-theory;wedge;local projections;frontier;monetary;aejmac-identification;aejmac-theory-model;narrative high-frequency;proxy-var;tool question;heterogeneous-agent;stacks;structural estimation;hybrid;shock;broad interest;aejmac-literature-positioning;discipline policy;dynamic causal;general macroeconomist;interest quantitative;membership-scaled;quantitative-theoretical;regime sample;weigh breadth;estimation calibration;founded four;four aejs
journal-of-monetary-economics	Journal of Monetary Economics	depth	journal	economics/macro	international	empirical	field	top-5	Journal-of-Monetary-Economics-Skills		Journal-of-Monetary-Economics-Skills/resources/official-source-map.md	monetary;macro;dsge;economics;carnegie-rochester-nyu;gerzensee;shock;intermediation;counterfactual;issue;fiscal;banking business;cycles growth;interactions expectations;transmission;business cycles;money finance;single anonymized;pass;central banking;compare open-economy;emphasis dynamic;finance emphasis;lock main;margin visible;monetary-economics;object identifying;open-economy trade;publication-likelihood;variation policy-relevant;first-order;broadly defined;economists expect;growth financial;policy central;policy margin;spelled;supplementary-materials;visible early;give
review-of-economic-dynamics	Review of Economic Dynamics	depth	journal	economics/macro	international	empirical	field	top-5	Review-of-Economic-Dynamics-Skills		Review-of-Economic-Dynamics-Skills/resources/official-source-map.md	dynamic;economic dynamics;author-year;moment;quantitative;dynamic-economics;moments;generalist;code-first;state variable;transition path;predecessor;friction;delta;macro;single-anonymized;solution;computational;magnitude;static;bewley;calibration moment-matching;elsevier guide;huggett;red-contribution-framing;red-data-analysis;red-literature-positioning;refinancing;second-and-later;estimation;discipline;hank;lineage;resubmissions;economies;force;motion;computation;tradition;shock
aej-microeconomics	AEJ Microeconomics	depth	journal	economics/micro	international	empirical	field		AEJ-Microeconomics-Skills		AEJ-Microeconomics-Skills/resources/official-source-map.md	micro;economic microeconomics;american economic;aejmic-theory-model;theory-grounded;theory-first;empirical applied-micro;empirical experimental;econometrica;applied;characterization;weaker assumption;maximal generality;specialist theory;impossibility;microeconomic;theory information;broad-interest;delta;aeaweb;information economics;solution concept;theoretical economics;broadly interesting;sibling boundaries;experiment;commitment;aejmic-literature-positioning;aejmic-writing-style;anchor clause;assumption environment;clean broadly;coincides;design industrial-organization;explicit limit;general well-motivated;industrial-organization theory;makes tight;prior conjectured;prior special
aej-economic-policy	AEJ Economic Policy	depth	journal	economics/policy	international	empirical	field	top-5	AEJ-Economic-Policy-Skills		AEJ-Economic-Policy-Skills/resources/official-source-map.md	welfare;economic policy;cost-benefit;policy question;incidence;mvpf;distributional;estimate;estimates;policy answer;reading;open policy;public economics;policy-evaluation;natural experiment;policy lever;counterfactual;broad-interest;identification;policy literature;subsidy;quasi-experimental;cost-per-x;applied;decision-maker;policy-relevant;policy-design;credibility;question stated;external validity;american economic;policy lesson;upgrade;employment;jpube;object;aejpol-literature-positioning;aejpol-theory-model;childcare;cost-per-outcome
economic-policy	Economic Policy	depth	journal	economics/policy	international	empirical	field		Economic-Policy-Skills		Economic-Policy-Skills/resources/official-source-map.md	economic policy;discussant;academic;commission;european global;invent citations;ecopol-literature-positioning;discussants;panel;ecopol-topic-selection;ecopol-workflow;debate;policy-debate;ecopol-identification;bank;brookings;policy decision;timeliness;policy audience;cepr cesifo;economic world;ecopol-theory-model;oecd;frontier;global policy;ministry;economics;cross-country;policy lever;sibling boundary;anonymous refereeing;central banks;citations economic;economic-policy-skills;economicpolicy;ecopol-robustness;find worth;limits plainly;personas;post-panel
journal-of-public-economics	Journal of Public Economics	depth	journal	economics/public	international	empirical	field	top-5	Journal-of-Public-Economics-Skills		Journal-of-Public-Economics-Skills/resources/official-source-map.md	jpube;public economics;welfare;mvpf;insurance;bunching;government;elasticity;public-finance;economic role;taxable-income;reform;expenditure;optimal-tax;optimal-ui;taxation;strand;frontier;kink;optimal-policy;public goods;saez;incidence;optimal;international readership;redistribution;fiscal;government-role;kopczuk;sufficient-statistics;sufficient;deadweight;margin;parameter;hendren;externalities;statistic;policy lever;distributional;atkinson
economic-theory-and-business-management	经济理论与经济管理	breadth	journal	economics/theory	china	interpretive/theory	field	CSSCI	Chinese-SocialScience-Journal-Skills	Chinese-SocialScience-Journal-Skills/skills/economic-theory-and-business-management/SKILL.md		经济理论;理论与经;论与经济;经济管理;民大学主;人民大学;国人民大;投稿;教育部主;育部主管;国经济实;经济实践;政策治理;论与中国;官方;经济学;宏观调控;发展战略;济学月刊;大学主办;企业管理;期刊;问题;本刊;产业组织;核验;方法;文献;theory business;科学;官网;business management;稿须知;系统;要求;证据;格式;一般;economic theory;来源期
journal-of-economic-theory	Journal of Economic Theory	depth	journal	economics/theory	international	theory	field	JCR/CAS Q1-tier	Journal-of-Economic-Theory-Skills		Journal-of-Economic-Theory-Skills/resources/official-source-map.md	economic theory;theorem;existence;theorem-proof;finite;grounded theory;matching market;presumption;ambiguity;decision theory;assumption;maxmin;assumptions;lead;characterization;proof;theory-first;original theoretical;weaker;deltas;axiom;jet-literature-positioning;proof-stage;receiver;theory elsevier;theory matching;generality;rigorous original;theoretical contribution;weakens;market design;area;bidders;concavification;empirical computational;firmly grounded;personal;proved;mechanism design;constructive
journal-of-urban-economics	Journal of Urban Economics	depth	journal	economics/urban	international	empirical	field		Journal-of-Urban-Economics-Skills		Journal-of-Urban-Economics-Skills/resources/official-source-map.md	urban;spatial;sorting;agglomeration;economics;capitalization;equilibrium;elasticity;regional science;rsue;insights;housing;jue-identification;jue-robustness;jue-workflow;local public;urban-economics;place-based;jpube;jue-literature-positioning;jue-topic-selection;spatial-equilibrium;neighborhood;city;public finance;strand;geography;spillover;supply;geographic;magnitude;reduced-form;campus;glaeser;gyourko;jue-theory-model;roback;rosen;saiz;transport local
american-educational-research-journal	American Educational Research Journal	depth	journal	education	international	empirical	field		American-Educational-Research-Journal-Skills		American-Educational-Research-Journal-Skills/resources/official-source-map.md	aerj;american educational;aera;field-wide;education;dominant lens;education-research;policy institutional;teaching;learning development;whole field;lens policy;masked;equity;aerj-theory-and-framework;development cross-cutting;literatures;integrated;human development;span whole;broad significance;instruction;subfield;researcher;th-edition;policy practice;niche;stake;engage;aerj-literature-positioning;aerj-specific;cross-subfield link;curriculum;development learning;institutional question;integrated-journal;name dominant;naming dominant;school organization;standards reporting
journal-of-physical-education	体育学刊	breadth	journal	education	china	empirical	field	CSSCI	Chinese-Sport-Science-Journal-Skills	Chinese-Sport-Science-Journal-Skills/skills/journal-of-physical-education/SKILL.md		体育;学校体;育学;教育;教学;社会;健康;体质;人文社;干预;运动;青少年体;群众体;育人文;sport;体教融合;社科;规律;科学;学实验;会学;预稿;育社;翻译成;学经验;理论;工作总结;会科;果翻译;华南师范;南师范大;口号化表;号化表达;学工作总;师范大学;技训练应;报腔与口;未成年人;竞技训练;缺研究问
journal-of-xian-physical-education-university	西安体育学院学报	breadth	journal	education	china	empirical	field	CSSCI	Chinese-Sport-Science-Journal-Skills	Chinese-Sport-Science-Journal-Skills/skills/journal-of-xian-physical-education-university/SKILL.md		体育;育学;运动;人文社;西安体;人体科学;动人体科;学院学报;自然科学;文社科;综合学报;学校体;本体问题;育社会;设计;训练;文社会学;规范;专门;学科;完整性;竞技;sport;健康;育治理;育人文;翻译成;任一子学;学任一子;动训;学本体问;强理论体;文献定位;门刊;体科学实;然科学稿;科学实验;结果翻译;扎实证据;社会科学
review-of-educational-research	Review of Educational Research	depth	journal	education	international	empirical	field		Review-of-Educational-Research-Skills		Review-of-Educational-Research-Skills/resources/official-source-map.md	educational;meta-analysis;revedres-organizing-framework;integrative;risk-of-bias;revedres-comprehensiveness-and-balance;systematic;synthesis;aera;prisma;education;conceptual spine;revedres-literature-synthesis;review-of-educational-research-skills;original empirical;critical;mars;reliable;saturation;advances theory;coding;yours;theory policy;analytic spine;belongs aerj;broadly sub-specialty;club;conflict policy;constructs designs;critical-integrative;dates settings;designs dates;exhibits revedres-tables-figures;growth shift;integrate conceptual;missing frame;organizing advances;population constructs;preflight revedres-submission;real body
acta-materialia	Acta Materialia	breadth	journal	engineering	international	empirical	field		Engineering-Technology-Journal-Skills	Engineering-Technology-Journal-Skills/skills/acta-materialia/SKILL.md		materialia;acta;property;processing;microstructure;alloy;ceramics;metallurgy;structural-materials;micrographs;characterization;functional-materials;plasticity;scripta;explained mechanistically;materials-science mechanism;rapid-communication;physical-metallurgy;quantitative statistically;structural composites;advanced-materials nature-materials;device advance;slightly better;additive-manufacturing;diffraction;representative;microscopy;materials;sampling;urgent;mechanical;rapid;composition;modeling;testing;bars;acta-vs-functional-materials routing;acta-vs-scripta acta-vs-functional-materials;advance advanced-materials;appropriate rigorous
additive-manufacturing	Additive Manufacturing	breadth	journal	engineering	international	empirical	field		Engineering-Technology-Journal-Skills	Engineering-Technology-Journal-Skills/skills/additive-manufacturing/SKILL.md		additive manufacturing;structure property;process structure;am-specific;monitoring;qualification;microstructure;manufacturing guide;metallurgy-first;precision-machining;process parameters;process physics;feedstock;subtractive;porosity;link;advance process;in-situ;machine;defect;composites;am-science;capability process;current additive;design-for-am;energy input;input scan;known part;part commercial;processes process;reported completely;scan strategy;sensor traces;signal-to-defect;signal-to-property;single images;part process;architected;international-journal-of-machine-tools-and-manufacture;mechanism point
aiche-journal	AIChE Journal	breadth	journal	engineering	international	empirical	field		Engineering-Technology-Journal-Skills	Engineering-Technology-Journal-Skills/skills/aiche-journal/SKILL.md		aiche;chemical-engineering;transport;regime;thermodynamics;nomenclature;separations;dimensionless;reaction;interfacial;generalizable;kinetics;phenomena;colloidal;complex-fluid;conditions uncertainties;fewer assumptions;grounded stated;mechanistic basis;operating point;parameter range;physically grounded;prior correlations;process systems;fundamental;generality demonstrated;science incidental;uncertainties reproducibility;engineering;principle;assumptions better;predictive;fitted;fundamentals;chemical-engineering-journal;membrane;stated assumptions;equations;wiley;optimization
applied-energy	Applied Energy	breadth	journal	engineering	international	empirical	field		Engineering-Technology-Journal-Skills	Engineering-Technology-Journal-Skills/skills/applied-energy/SKILL.md		energy;energy-systems;systems-level;economic environmental;system boundary;uncertainty sensitivity;cost emission;decarbonization;systems insight;transparent validated;techno-economic;horizon;applied;fair baseline;quantified;electrode;device;assessment rigor;baseline counterfactual;boundary time;conversion integration;emission factors;environmental assessment;favorable assumption;functional units;generalizable systems;insight black-box;single-material;technologies sectors;validated benchmarked;efficiency;modeling;scenario;single-device;highlights;assumptions;contribution generalizable;environmental impact;optimization;energy-storage-materials
automatica	Automatica	breadth	journal	engineering	international	empirical	field		Engineering-Technology-Journal-Skills	Engineering-Technology-Journal-Skills/skills/automatica/SKILL.md		automatica;control;developed;guarantees;regular brief;assumptions;ieee-transactions-on-automatic-control;optimization;development fuller;form length;fuller single;methodological development;prior weaker;solved instance;discussed;convergence;estimation identification;non-vacuous;precise stated;systems-and-control;type regular;class tighter;formulation mathematically;mathematically precise;guarantee;problem formulation;system class;theorems;signal-processing;proofs;elsevier;breadth;wider;distributed;stability;adaptive optimal;applicability valued;application survey;applied system;archival advance
biomaterials	Biomaterials	breadth	journal	engineering	international	empirical	field		Engineering-Technology-Journal-Skills	Engineering-Technology-Journal-Skills/skills/biomaterials/SKILL.md		biomaterials;biological;materials;in-vivo;material;characterization;biocompatible;bioresponse;material-property-to-biological-outcome;clinical baseline;properties;ethics approval;biology;assay;token;biointerfaces;cell-viability;coatings;dual-rigor;engineering regenerative;implants;proper design;tissue;drug gene;cell;scaffolds;advanced-materials nature-materials;viability;thorough;controls;delivery;loading;nature-biomedical-engineering;benchmarked correct;functional-materials;in-vitro;elsevier;biosafety;degradation;off-the-shelf
cement-and-concrete-research	Cement and Concrete Research	breadth	journal	engineering	international	empirical	field		Engineering-Technology-Journal-Skills	Engineering-Technology-Journal-Skills/skills/cement-and-concrete-research/SKILL.md		cement;microstructure;hydration;durability;curing;cementitious;binder;concrete;characterization;chemistry;transport;mix-design;proportioning;sample preparation;degradation;cementitious-materials;assignments;materials;phase;alternative binders;applied construction-materials;assemblage;cement-based;cement-science;construction-materials structures;correct reference;fractions;performed;single measurements;test protocols;thermodynamic microstructural;admixture;calorimetry;explained mechanistically;mechanical behavior;uncertainty single;degree;property;representative images;benchmarked correct
chemical-engineering-journal	Chemical Engineering Journal	breadth	journal	engineering	international	empirical	field		Engineering-Technology-Journal-Skills	Engineering-Technology-Journal-Skills/skills/chemical-engineering-journal/SKILL.md		chemical engineering;chemical-engineering;catalysis;adsorption;applied advance;engineering guide;operando in-situ;process relevance;performance;stability;kinetic;functional-materials;separation;conversion;transport;benchmarking;credible state-of-the-art;current chemical;materials engineered;morphology-property;process advance;pure-materials;reusability;sorbents;highlights graphical;conditions;aiche;property number;reaction engineering;realistic clearly;benchmarked credible;environmental energy;characterization;material process;processes;statistically representative;regeneration;elsevier;water;functional materials
composites-part-b-engineering	Composites Part B: Engineering	breadth	journal	engineering	international	empirical	field		Engineering-Technology-Journal-Skills	Engineering-Technology-Journal-Skills/skills/composites-part-b-engineering/SKILL.md		composites;composite;manufacturing;laminate;multifunctional;part engineering;composites-science;composites-specific;metallurgy;characterization;damage;advance mechanism;structural;function;bio-based;composite-materials;composite-structures;layup;marginally improved;sustainable claims;test standards;part guide;multiscale;solid-mechanics;property;correct baseline;materials structures;benchmarked correct;validated experiment;claims benchmarked;plasticity;incidental;microstructure;processing;mechanical;quantitatively;material;explained;images;mechanics
energy-storage-materials	Energy Storage Materials	breadth	journal	engineering	international	empirical	field		Engineering-Technology-Journal-Skills	Engineering-Technology-Journal-Skills/skills/energy-storage-materials/SKILL.md		storage;structure property;materials;operando in-situ;electrolyte;property mechanism;energy;electrode;electrochemical;mechanism structure;controlled-variation;morphology performance;performance correlation;characterization;capacity;property performance;device;baseline comparable;computation tied;reported computation;synthesis-plus-capacity;asserted morphology;device-engineering;loading current;materials-level;performance relationships;property number;representative sampling;sampling reported;charge;current density;electrolytes;structural-materials;transferable;composition;statistically representative;supercapacitors;benchmarked correct;comparable conditions;journal-of-power-sources
ieee-transactions-on-antennas-and-propagation	IEEE Transactions on Antennas and Propagation	breadth	journal	engineering	international	empirical	field		Engineering-Technology-Journal-Skills	Engineering-Technology-Journal-Skills/skills/ieee-transactions-on-antennas-and-propagation/SKILL.md		antenna;antennas;propagation;electromagnetic;electromagnetics;ieee;scattering;full-wave;theory formulation;simulation;transactions;communications-system;circuit;simulated;geometry;computational-em;coupling explained;discrepancies;gain efficiency;metamaterial;metasurface;near-field;radiation patterns;s-parameters;standard chain;link-level;resonance;metamaterials metasurfaces;prototype measured;type communication;system algorithm;measurement;diffraction;functionality;bandwidth;communications;optics;wave;solutions;double-column
ieee-transactions-on-automatic-control	IEEE Transactions on Automatic Control	breadth	journal	engineering	international	empirical	field		Engineering-Technology-Journal-Skills	Engineering-Technology-Journal-Skills/skills/ieee-transactions-on-automatic-control/SKILL.md		control;transactions automatic;ieee;technical note;assumptions;general theorem;systems-and-control;optimization;theorems;bound constructive;generalizable theoretical;type technical;non-vacuous;precise stated;estimation;formulation mathematically;mathematically precise;notation standard;filtering;problem formulation;tighter bound;effectively;dynamical systems;convergence;automatica;plant;signal-processing;generality;networked;double-column;simulations;tuning;class;guarantees;hybrid;weaker;distributed;stability;proof;adaptive nonlinear
ieee-transactions-on-biomedical-engineering	IEEE Transactions on Biomedical Engineering	breadth	journal	engineering	international	empirical	field		Engineering-Technology-Journal-Skills	Engineering-Technology-Journal-Skills/skills/ieee-transactions-on-biomedical-engineering/SKILL.md		biomedical;tbme;engineering;subjects;instrumentation;ieee;validation;phantoms;biosignal;transactions;ethics iacuc;ieee-transactions-on-medical-imaging;nature-biomedical-engineering;neural;biomechanics;diagnostic technology;physiological-system;protocol reference;robustness generalization;safety-relevant;single-subject;therapeutic diagnostic;stimulation;animal;biomedical-engineering;recordings;device;assistive;clinical;devices;task-appropriate;wearable;double-column;metrics;conditions;rationale;underpowered;absent baselines;address robustness;advance validated
ieee-transactions-on-industrial-electronics	IEEE Transactions on Industrial Electronics	breadth	journal	engineering	international	empirical	field		Engineering-Technology-Journal-Skills	Engineering-Technology-Journal-Skills/skills/ieee-transactions-on-industrial-electronics/SKILL.md		industrial;electronics;ieee;industrial-application;drives;control;mechatronics;transactions;converter;ieee-transactions-on-power-electronics;fault;machines;hardware;real-time;computational intelligence;condition monitoring;converter-topology;experimental-data;load disturbance;parameter variation;power-electronics applications;power-stage;proportionate application;theory proportionate;variation load;topology;transients;experimental;informatics;motor;ieee-transactions-on-robotics;motion;ieee-transactions-on-automatic-control;industry;loop;baseline;double-column;diagnosis;system-level;pure-theory
ieee-transactions-on-information-theory	IEEE Transactions on Information Theory	breadth	journal	engineering	international	empirical	field		Engineering-Technology-Journal-Skills	Engineering-Technology-Journal-Skills/skills/ieee-transactions-on-information-theory/SKILL.md		converse;information theory;information-theoretic;achievability;transactions information;ieee transactions;coding;bound;scheme;channel source;correspondence;information-theory;asymptotic;optimality;capacity;exponents;precise standard;rate-distortion;shannon;theory channel;bounds;prior limit;communication-system;fundamental-limit;theory information;complete correct;constructions;limit theorem;correct proof;stated honestly;full shorter;characterization;stated precisely;notation;security privacy;simulations;codes;newly;theorems;achievability-and-converse proof
ieee-transactions-on-medical-imaging	IEEE Transactions on Medical Imaging	breadth	journal	engineering	international	empirical	field		Engineering-Technology-Journal-Skills	Engineering-Technology-Journal-Skills/skills/ieee-transactions-on-medical-imaging/SKILL.md		imaging;medical;clinical task;medical-imaging-specific;ieee;imaging-specific;reconstruction;computer-vision;image formation;segmentation;modality;transactions;medical-imaging;physics;broader biomedical;ethics provenance;rigorous protocol;scanner protocol;spect;task generic;ultrasound optical;unrepresentative rigorous;acquisition;clear validation;tiny;validation appropriate;de-identification;relevant clinical;reference standard;specificity;task-appropriate;baselines;double-column;clinically meaningful;metrics;generalization;failure modes;images;machine learning;detection
ieee-transactions-on-power-electronics	IEEE Transactions on Power Electronics	breadth	journal	engineering	international	empirical	field		Engineering-Technology-Journal-Skills	Engineering-Technology-Journal-Skills/skills/ieee-transactions-on-power-electronics/SKILL.md		power electronics;transactions power;converter;power-conversion;tpel;topology;efficiency;converters;ieee transactions;control;topologies;power-electronics;modulation;magnetics;thermal;power-electronic;operating;inverter;hardware;measured;test conditions;benefit;experimental validation;conversion;loss;prototype;reliability;built unit;component ratings;hardware-validation;passive components;permutation;power density;wide-bandgap;drives;electronics information;relevant state-of-the-art;switching frequency;benchmarked;letter length
ieee-transactions-on-power-systems	IEEE Transactions on Power Systems	breadth	journal	engineering	international	empirical	field		Engineering-Technology-Journal-Skills	Engineering-Technology-Journal-Skills/skills/ieee-transactions-on-power-systems/SKILL.md		power systems;power-system;transactions power;test systems;tpwrs;ieee transactions;operation;standard test;scalability;stability;meaningful baselines;power flow;realistic network;systems realistic;system-level;formulations;dynamics electricity;electricity markets;example alone;formulation constraints;generic solver;methodology-plus-case-study;optimal power;optimality feasibility;power-electronics circuit;power-systems;relabeled problem;sampling out-of-sample;systems information;test-system;component-level;generic optimization;market;circuit-level;letter length;out-of-sample evaluation;central generic;contribution validated;converter;ieee-transactions-on-power-electronics
ieee-transactions-on-robotics	IEEE Transactions on Robotics	breadth	journal	engineering	international	empirical	field		Engineering-Technology-Journal-Skills	Engineering-Technology-Journal-Skills/skills/ieee-transactions-on-robotics/SKILL.md		robotics;t-ro;high-fidelity;ieee;robot;real-robot;learning-based;transactions;video;the-international-journal-of-robotics-research;simulation;contribution complete;preliminary;locomotion;manipulation;real robots;planning control;complete formulation;control perception-for-action;longer conceptually;report trials;transfer generalization;trials success;generalization robustness;quantitative evaluation;success rates;conceptually framed;experiments real;reproducibility detail;complete contribution;motion;proof-of-concept;system design;baselines;convincing;archival;double-column;estimation;demonstrated;setup
ieee-transactions-on-signal-processing	IEEE Transactions on Signal Processing	breadth	journal	engineering	international	empirical	field		Engineering-Technology-Journal-Skills	Engineering-Technology-Journal-Skills/skills/ieee-transactions-on-signal-processing/SKILL.md		signal processing;transactions signal;ieee transactions;correct current;signal-processing;sp-theoretic;array;estimation detection;sampling;variance;baselines correct;clearly superior;current competitors;existing pipeline;observation assumptions;processing information;regular correspondence;signal observation;statistical signal;graph;convergence;bound weaker;correspondence items;generic machine-learning;matched conditions;assumptions complexity;filtering;algorithm whose;identifiability;spectral;tighter bound;assumptions explicit;ieee-transactions-on-communications;empirical claims;weaker assumptions;discussed;outdated;reconstruction;recovery;characterized
international-journal-of-machine-tools-and-manufacture	International Journal of Machine Tools and Manufacture	breadth	journal	engineering	international	empirical	field		Engineering-Technology-Journal-Skills	Engineering-Technology-Journal-Skills/skills/international-journal-of-machine-tools-and-manufacture/SKILL.md		ijmtm;manufacturing;machine-tool;forming;metrology;international machine;machine tools;tools manufacture;process;accuracy surface;manufacturing-science;machining;additive-manufacturing;precision;measurement uncertainty;stability;accuracy claims;conditions instrumentation;instrumentation measurement;process-mechanics;surface integrity;uncertainty repeatability;workpiece;curve-fit;experiment explain;stated measurement;measurement capability;mechanics;correct baseline;parameter optimization;traceability;validated experiment;modeling;productivity;materials;mechanistic understanding;processes;state-of-the-art;transferable;dynamics
international-journal-of-plasticity	International Journal of Plasticity	breadth	journal	engineering	international	empirical	field		Engineering-Technology-Journal-Skills	Engineering-Technology-Journal-Skills/skills/international-journal-of-plasticity/SKILL.md		plasticity;constitutive;inelastic;deformation;fitted;loading;finite-deformation;plasticity-centric;coupling;fracture;archival modeling;broad solid-mechanics;constitutive-model;internal variables;kinematic;kinematically;numerical implementation;phase transformation;rate-dependent;rate-independent;texture evolution;yield-surface;equations;formulated;plastic;thermodynamically;behavior;curve;predictive;journal-of-the-mechanics-and-physics-of-solids;crystal;validated;current guide;damage;coupled;off-the-shelf;paths;microstructure;international;formulation
journal-of-membrane-science	Journal of Membrane Science	breadth	journal	engineering	international	empirical	field		Engineering-Technology-Journal-Skills	Engineering-Technology-Journal-Skills/skills/journal-of-membrane-science/SKILL.md		membrane;fouling;transport;separation;membranes;permeability;selectivity;permeation;thickness area;stability;trade-off;performance compared;science guide;conditions;morphology;area driving;chemistry porosity;compared correct;feeds durations;flux-decline;materials formation;mechanism analyzed;number structure;permeance;realistic feeds;reported thickness;structure chemistry;treat feed;driving force;highlights;aiche-journal;water energy;characterization;black-box;chemical-engineering-journal;elsevier;long-term;mechanism central;cross-section;commercial
journal-of-power-sources	Journal of Power Sources	breadth	journal	engineering	international	empirical	field		Engineering-Technology-Journal-Skills	Engineering-Technology-Journal-Skills/skills/journal-of-power-sources/SKILL.md		electrolyte;power sources;degradation;diagnostics;post-mortem;electrode;electrochemistry;device;operando;cell;cell-level;loadings;cell-build;performance;cells;sources guide;device-level;rate;loading current;current density;full-cell;voltage;duration;electrochemical;capacity;aging;areal;battery fuel-cell;current power;details number;device-and-electrochemistry;electrochemical-reporting;fade curve;fuel-cell supercapacitor;single fade;state-of-the-art comparable;claims trivial;context honest;tied measured;cycling
journal-of-the-mechanics-and-physics-of-solids	Journal of the Mechanics and Physics of Solids	breadth	journal	engineering	international	empirical	field		Engineering-Technology-Journal-Skills	Engineering-Technology-Journal-Skills/skills/journal-of-the-mechanics-and-physics-of-solids/SKILL.md		jmps;mechanics;solids;bifurcation;constitutive;mechanism governing;physics;finite-element;governing principle;principle solid;solid behavior;solid-mechanics;equations;kinematics;fracture;converged;parametric simulation;simulation sweep;soft active;waves contact;fundamental;micromechanics;instabilities;assumptions broader;mechanism principle;physical insight;broader class;deformation;international-journal-of-plasticity;damage;isolate mechanism;contribution mechanism;weaker assumptions;elasticity;quantitatively;scaling;compared;materials;derivations;geometry
laser-and-photonics-reviews	Laser & Photonics Reviews	breadth	journal	engineering	international	empirical	field		Engineering-Technology-Journal-Skills	Engineering-Technology-Journal-Skills/skills/laser-and-photonics-reviews/SKILL.md		photonics;laser;original-research;review-worthy;reviews;critical;primary-research-first;stated metrics;outlook;redrawn;optica;bias omission;clarify rather;consistent fairly;laser-physics;metrics compared;omission competing;self-citation bias;specialty increment;organizing thesis;proposal step;optical;comparative;synthesis;rather decorate;review-leaning;type perspective;authority;wiley;fairly stated;light-science-and-applications;permission;reused;benchmarked state;uncritical;balanced current;selected;coverage balanced;open problems;optics
light-science-and-applications	Light: Science & Applications	breadth	journal	engineering	international	empirical	field		Engineering-Technology-Journal-Skills	Engineering-Technology-Journal-Skills/skills/light-science-and-applications/SKILL.md		photonics;light;science applications;optical;nature-portfolio;specialty-scoped;optics;design simulation;significance;optica;function demonstrated;nature;advance whose;inferred design;charge;conceptual capability;laser-and-photonics-reviews;nature-photonics nature-communications;advance conceptual;article-processing;quantum;comparable conditions;nature-style;fabricated;portfolio;broad-significance;benchmarked;length format;open-access;claimed;simulation-only;application-incremental carry;applications deciding;applications light-science-and-applications;applications page;applications tags;argued matters;asserted design;bandwidth loss;benchmarks clear
nature-biomedical-engineering	Nature Biomedical Engineering	breadth	journal	engineering	international	empirical	field		Engineering-Technology-Journal-Skills	Engineering-Technology-Journal-Skills/skills/nature-biomedical-engineering/SKILL.md		biomedical;engineering;nature;biomaterials;nature-portfolio;benchtop;biological;validation;clinical;translational;engineered;biomedical-significance;biologically;biomedical-engineering;in-vitro in-vivo;benchmarked relevant;ethics approval;performance;unmet;proof-of-concept;device;technological;biology;claim level;controls endpoints;design randomization;tissue;biomedicine;endpoints statistics;level cell;animal;nature-electronics;claims calibrated;ieee-transactions-on-biomedical-engineering;reporting summary;validated;therapeutics;clinically;portfolio;significance
nature-electronics	Nature Electronics	breadth	journal	engineering	international	empirical	field		Engineering-Technology-Journal-Skills	Engineering-Technology-Journal-Skills/skills/nature-electronics/SKILL.md		electronics;device;nature;circuits;field-advancing;devices;nature-portfolio;multi-device;statistics variability;capability;system metrics;nature-style;best-device;conditions reliability;electronic-devices;manufacturability addressed;photonic-electronic;scalability manufacturability;significance;fabrication;metric improvement;system function;uncertainty single;bioelectronic;state comparable;yield;measured;flexible;leap;claims benchmarked;portfolio;integrated;bear;performance;length format;physics;nature-communications;circuit;tweak;nature-materials
optica	Optica	breadth	journal	engineering	international	empirical	field		Engineering-Technology-Journal-Skills	Engineering-Technology-Journal-Skills/skills/optica/SKILL.md		optica;optics;photonics;optical;publishing group;high-impact format;concise;broad interest;load-bearing main-text;photonic device;significant broadly;benchmarked;field-moving;immediate sub-community;state comparable;light-science-and-applications;tested prediction;specialty;broadly interesting;fabricated;current state;theory simulation;technically sound;broad-interest;performance;function;fabrication;capability;advance broad;express;quantum;characterization;accessible summary;advance fiber;advance materials-driven;advance reshapes;advances moves;alone headline;anchored measurement;appreciated wide
proceedings-of-the-ieee	Proceedings of the IEEE	breadth	journal	engineering	international	empirical	field		Engineering-Technology-Journal-Skills	Engineering-Technology-Journal-Skills/skills/proceedings-of-the-ieee/SKILL.md		proceedings ieee;tutorial;special-issue;taxonomy;comprehensive;primary-research;open problems;unsolicited;current proceedings;directions substantive;flagship authoritative;general engineering;ieee information;invitation path;substantive grounded;survey scoped;active;grounded reviewed;immediate sub-community;call;balanced;future;groups;coverage;synthesis;proposal;transaction;pedagogical;outside immediate;unifying;theme;organizes;teach;competing;forward-looking;opinion;accessible engineers;accessible survey;adds insight;advocate citations
progress-in-aerospace-sciences	Progress in Aerospace Sciences	breadth	journal	engineering	international	empirical	field		Engineering-Technology-Journal-Skills	Engineering-Technology-Journal-Skills/skills/progress-in-aerospace-sciences/SKILL.md		aerospace;progress;propulsion;sciences;proposal invitation;primary-research;taxonomy;surveyed;survey;perspective;comprehensive critical;synthesis;aerodynamics;beyond reference;coverage broad;experiment simulation;flight;literature properly;properly attributed;simulation theorem;space systems;well-bounded justified;timely;outlook;broad current;comprehensively;invitation expected;existing reviews;shallow;pre-submission proposal;reference list;composites;dynamics;trends;long-form;guide;organize;balanced;reviewed;competing
progress-in-energy-and-combustion-science	Progress in Energy and Combustion Science	breadth	journal	engineering	international	empirical	field		Engineering-Technology-Journal-Skills	Engineering-Technology-Journal-Skills/skills/progress-in-energy-and-combustion-science/SKILL.md		combustion;energy;progress;critical;authority;conflicting;synthesis;primary-research;pre-submission proposal;covered weighed;established contested;shallow literature;treatment reflect;comprehensiveness;contested open;science guide;integrate;agenda;elsevier;bodies;proposal invitation;field-level;open problems;outlook;unifying;comprehensive;integrative;diagnostics;agenda-setting;literature survey;forward;balanced;judgment;thesis;forward-looking;reproduce;absent literature;account re-framing;adapt published;another shallow
progress-in-materials-science	Progress in Materials Science	breadth	journal	engineering	international	empirical	field		Engineering-Technology-Journal-Skills	Engineering-Technology-Journal-Skills/skills/progress-in-materials-science/SKILL.md		progress materials;materials science;critical;comprehensive;mini-review;permissions;synthesis;science guide;coverage;reproduced material;proposal;primary-research;open problems;consequential open;explicitly existing;literature fills;literature roundup;outlook;schools;reviews;competing;processing structure;balanced;evaluative;traceable;review-only;secured;balance;definitive;property;views;existing literature;thought;accurate;elsevier;attribution;misfit;invitation;unsolicited;toward
the-international-journal-of-robotics-research	The International Journal of Robotics Research	breadth	journal	engineering	international	empirical	field		Engineering-Technology-Journal-Skills	Engineering-Technology-Journal-Skills/skills/the-international-journal-of-robotics-research/SKILL.md		ijrr;robotics;long-form archival;generality;sage;established tested;tightly validated;demonstration;ieee-transactions-on-robotics;guarantees;video;treatments;approached;complete tightly;complexity failure;depth-and-generality;evaluated conditions;general well-developed;reference-quality;single tuned;single working;well-developed idea;completeness-of-validation;tasks platforms;detail ideally;ideally code;longer-form;developed;general contribution;others build;formalization;depth;conceptual;foundational;international;analyzed;contribution general;task;conceptually;failure modes
transportation-research-part-b-methodological	Transportation Research Part B: Methodological	breadth	journal	engineering	international	empirical	field		Engineering-Technology-Journal-Skills	Engineering-Technology-Journal-Skills/skills/transportation-research-part-b-methodological/SKILL.md		transportation;part;formulation;methodological;traffic;network;numerical experiments;analytical;convergence;existence uniqueness;identification estimation;logistics;bound identification;case uses;design optimization;discrete-choice modeling;flow theory;freight;generalizable theorem;policy behavior;single illustrative;travel-demand;uniqueness optimality;uses existing;estimator algorithm;transport economics;assignment;applied case;class tighter;prior theorems;assumptions;operations-research;equilibrium;tighter bound;illustrate;proven;validate;city;proofs;elsevier
entrepreneurship-theory-and-practice	Entrepreneurship Theory and Practice	depth	journal	entrepreneurship	international	empirical	field		Entrepreneurship-Theory-and-Practice-Skills		Entrepreneurship-Theory-and-Practice-Skills/resources/official-source-map.md	entrepreneurship;entrepreneurial;theory practice;founder;effectuation;family business;firms;conversation;etp-workflow;overturn;founders;franchise;boundary;etp-literature-positioning;etp-methods;etp-topic-selection;usasbe;social sustainable;finance;substitution;ventures;venturing;contingency;creation;condition;practice implication;move;innovation;affordable;etp-theory-development;family-firm;socioemotional;theory-and-practice;opportunity;reconcile;qualify;startup;ecosystems;startups;venture
journal-of-business-venturing	Journal of Business Venturing	depth	journal	entrepreneurship	international	empirical	field	FT50	Journal-of-Business-Venturing-Skills		Journal-of-Business-Venturing-Skills/resources/official-source-map.md	entrepreneurship;entrepreneurial;business venturing;venture;jbv-contribution-framing;phenomenon;multidisciplinary;sociology;creation;economics psychology;area-editor;jbv-theory-development;narrative interpretive;conversation;opportunity;nascent;ventures;disciplinary lens;general management;centrality;financing;econ psych;startup;boundary conditions;founding;hypothesis-testing;cognition;field-editor;jbv-data-analysis;jbv-writing-style;sustainable international;gap-spotting;crowdfunding;founders investors;investors policy;social sustainable;founder;startups;experiments qualitative;lenses
energy-and-environmental-science	Energy & Environmental Science	breadth	journal	environment	international	empirical	field		English-NaturalScience-Journal-Skills	English-NaturalScience-Journal-Skills/skills/energy-and-environmental-science/SKILL.md		environmental;energy;device;full-cell;half-cell;literature stability;performance;green;penalty;techno-economic;benchmarking context;environmental-impact;metric carbon;screening experimental;durability;technology;metrics;sustainable;capture;chemistry;water treatment;cells;hours;conversion;impact;strongly preferred;configurations;ccdc;solar;realistic;storage;efficiency;catalyst;degradation;crystallographic;sustainability;current literature;batteries;comparing;joule
environmental-science-and-technology	Environmental Science and Technology	depth	journal	environment	international	empirical	field		Environmental-Science-and-Technology-Skills		Environmental-Science-and-Technology-Skills/resources/official-source-map.md	environmental;science technology;direction-setting;multidisciplinary;chemistry engineering;exposure;occurrence;pfas;transport transformation;fate;balances;concentrations;graphic;letters;closed mass;engineering policy;transformational;rapid;basin;treatment;matrices;attribution;closes;routine;critical;aircraft;center paragon;est-literature-positioning;esthag;ignores relevant;measure treat;novel insight;panel expects;people measure;policy interface;publishing center;regulate;regulation cost-benefit;urgent;illustrative
global-environmental-change	Global Environmental Change	depth	journal	environment	international	empirical	field		Global-Environmental-Change-Skills		Global-Environmental-Change-Skills/resources/official-source-map.md	environmental change;global environmental;governance;human policy;human-dimensions;policy dimensions;drivers;significant social-science;social-science component;vulnerability;dimensions global;biophysical;transitions;domain literature;mixed-methods;meet question;policy-relevant audience;consequences;interdisciplinary;social;oceans;societal;region;land-use;disciplinary;off-fit;literatures;intersection;built close;change quantitative;disconnected eventual;engage international;gec-conceptual-framework;gec-literature-positioning;human dimension;international comparative;lead human;literature climate;processes address;publishes human
conservation-biology	Conservation Biology	depth	journal	environment/ecology	international	empirical	field		Conservation-Biology-Skills		Conservation-Biology-Skills/resources/official-source-map.md	conservation;biology;novelty transferability;ecology;contributed;conserving;biological diversity;ecological;practice;biodiversity;conbio;conbio-study-design;taxon system;transferable;species;wiley;essay;words;breadth global;bridge science;climate ecosystem;compare biological;conbio-literature-positioning;conservation-biology;conservation-science;contested unmeasured;decision uncertainty;letters theory-forward;modeling synthesis;policy action;relevant action;system threat;transferability advances;uncertainty relevant;whether changes;human-dimensions;submission-ready gate;upload-week;final advice;spatial structure
global-change-biology	Global Change Biology	depth	journal	environment/ecology	international	empirical	field		Global-Change-Biology-Skills		Global-Change-Biology-Skills/resources/official-source-map.md	global-change;change biology;global change;driver;local;change biological;driver-response;conservation;gradient;technical advance;biological response;biome;broad relevance;cross-system;biological systems;global environmental;warming;environmental change;terrestrial;advance opinion;primary technical;response feedback;ecology biogeochemistry;synthesis;aquatic;marine;opinion perspective;type primary;contradictions;drought;mechanism broad;earth-system;ecosystem;link;scale;aridity;biological responses;change ocean;conservation-practice;deposition land-use
chinese-review-of-financial-studies	金融评论	breadth	journal	finance	china	empirical	field	CSSCI;中文核心	Chinese-SocialScience-Journal-Skills	Chinese-SocialScience-Journal-Skills/skills/chinese-review-of-financial-studies/SKILL.md		金融;融评论;国社会科;会科学院;引用规模;科学院金;全文;市场;社会科学;监管;投稿;融研究;融学术;全国性金;文献不少;直接引用;空格分隔;考文献不;首行缩进;资本市;理论与政;银行体系;不收版面;官方;公司金;收版面费;论与政策;不编号;融机;ajcass;融理论;融风险;万字;货币政策;摘要;融开放;关键词;北大核心;国际金;学院主管
contemporary-finance-and-economics	当代财经	breadth	journal	finance	china	empirical	field		Chinese-SocialScience-Journal-Skills	Chinese-SocialScience-Journal-Skills/skills/contemporary-finance-and-economics/SKILL.md		当代财经;江西财经;西财经大;财经大学;投稿;方法名;经济;合财经;金融;合性财经;文内引用;综合性财;财经月刊;经大学学;校本综合;cfejxufe;官方;研究方法;大学学报;参考文献;magtech;区域;关键;出版年;作者;综合财;本刊;会计审计;匿名;采编系统;核验;contemporary finance;摘要;序编码制;格式;用同;校学;考文献格;基金;顺序编码
finance-and-economics	财经科学	breadth	journal	finance	china	empirical	field		Chinese-SocialScience-Journal-Skills	Chinese-SocialScience-Journal-Skills/skills/finance-and-economics/SKILL.md		财经科学;金融;经济;西部;财政;区域;顺序著录;济理论刊;西南财经;南财经大;理论刊物;早的经;地方政府;投稿;域特色;可保留;融机制;两个半月;假不审稿;刊物之一;寒暑假不;方政府行;暑假不审;理及交叉;管理及交;财税会计;域经;业经;济结果连;结果连接;官方;做相关性;新通知核;特色可保;编辑部官;辑部官网;通知核实;财经大学;参考文献;本刊
finance-and-trade-economics	Finance and Trade Economics	depth	journal	finance	international	empirical	field	CSSCI	Finance-and-Trade-Economics-Skills		Finance-and-Trade-Economics-Skills/resources/official-source-map.md	财贸经济;finance trade;trade economics;技能服务;本技能服;金融;边际贡献;财经;financial trade;fiscal financial;财政分权;贸易;消费;货币传导;高门槛;理论;加强完善;完善推进;强完善推;政策现实;世界经济;经制度;流通;融摩擦;税收;选题;议题;naes;维度;论贡献;trade policy;国财;描述统计;融研究;不够;济学期刊;经济学期;开放宏观;财税;偏国际
financial-cryptography-and-data-security	Financial Cryptography and Data Security	breadth	conference	finance	international	empirical	field		Computer-Science-Conference-Skills	Computer-Science-Conference-Skills/skills/financial-cryptography-and-data-security/SKILL.md		financial cryptography;security;digital assets;cryptography blockchain;assets payment;blockchain digital;payment systems;ifca;systems economics;asiaccs;finance;conference financial;economic operational;financial systems;financial-security;attacks;crypto;financial privacy;operational context;technical mechanism;payments;contribution financial;artifact;mechanism economic;pets;adversary;threat;anonymity;incentives;venue-specific;ethics;abuse financial;assets economic;assets financial;blockchain payment;blockchains digital;calibration financial;compare ches;core financial;crypto-applications fc-specific
financial-management	Financial Management	depth	journal	finance	international	empirical	field		Financial-Management-Skills		Financial-Management-Skills/resources/official-source-map.md	financial management;finman-identification;finance;finman-robustness;general-interest;verb;finman-submission;finman-workflow;payout;jfqa;corporate;finman-literature-positioning;finman-topic-selection;managerial market;non-us;top-;banking;investor;fact mechanism;originality;finman-empirical-design;fm-shaped;fm-worthy;sized contribution;specialist sibling;topicality;regulator;frontier-defining;marginal;subfield;investments;practitioner;fails;gate;intro;identification;setting;separates;applied financial;applied-finance
financial-regulation-research	金融监管研究	breadth	journal	finance	china	empirical	field		Chinese-SocialScience-Journal-Skills	Chinese-SocialScience-Journal-Skills/skills/financial-regulation-research/SKILL.md		监管;金融;融监;管研究;原中国银;国银监会;管专业学;专业学术;投稿;创办;市场;政策时点;业学术月;保险证券;消费者保;管制度背;融科技监;行保险证;费者保护;银行保险;险证券监;风险处置;融机;宏观审慎;文献类型;献类型标;类型标识;官方;不收任何;收任何费;系统性风;线采编系;统性风险;制度背景;字数约;序号制;管协同;审约;任何费用;学术月刊
journal-of-banking-and-finance	Journal of Banking and Finance	depth	journal	finance	international	empirical	field		Journal-of-Banking-and-Finance-Skills		Journal-of-Banking-and-Finance-Skills/resources/official-source-map.md	banking;finance;intermediation;regulation;bank;financial;banks;liquidity;corporate;lending;markets;capital;investments;fintech;credit;risk-taking;friction;jbf-literature-positioning;syndicated;basis points;institutional;identification;market;magnitude;strand;elsevier;jbf-data-analysis;jbf-identification-strategy;jbf-rebuttal;small-business;double-anonymized;borrowers;stability;supervisory;setting;paragraph;design mechanism;investors;variation;margin
journal-of-central-university-of-finance-and-economics	中央财经大学学报	breadth	journal	finance	china	empirical	field	CSSCI;中文核心	Chinese-SocialScience-Journal-Skills	Chinese-SocialScience-Journal-Skills/skills/journal-of-central-university-of-finance-and-economics/SKILL.md		央财经大;财经大学;经大学学;大学学报;经济;投稿;金融;会计审计;cufe;xbbjb;建采编系;自建采编;济理论刊;官方;教育部;理论刊物;资本市场;参考文献;财政税收;稿平台;财经研究;海财经大;网上投;主办;收入分配;本刊;格式;育部主管;经大学主;综合性经;核验;官网;central university;为准;考文献格;融监管;宏观经;区域;关键;系统
journal-of-corporate-finance	Journal of Corporate Finance	depth	journal	finance	international	empirical	field	top-5	Journal-of-Corporate-Finance-Skills		Journal-of-Corporate-Finance-Skills/resources/official-source-map.md	payout;corporate finance;corporate-finance;firm decision;dividends;contracting;shorter format;repurchases;governance;active desk-rejection;friction;financing;strand;variation;capital structure;full-length shorter;management innovation;financial;shock;risk management;asset-pricing;screen;single-anonymized;accounting;firms;empirical theoretical;wedge;international corporate;jcf-identification-strategy;ownership monitoring;syndication;theoretical corporate;clientele;covenants;desk-rejection policy;format full-length;security design;composition;investment;household
journal-of-empirical-finance	Journal of Empirical Finance	breadth	journal	finance	international	empirical	field		English-SocialScience-Journal-Skills	English-SocialScience-Journal-Skills/skills/journal-of-empirical-finance/SKILL.md		empirical finance;predictability;empirical-finance;out-of-sample;volatility;financial-econometrics;careful empirical;empirical measurement;pricing;in-sample;journal-of-financial-economics;asset;econometrics;financial;multiple-testing;empirical evaluation;high-frequency;contribution empirical;online;asset-pricing;elsevier;returns;econometric;addressed disclosure;advance really;alone uses;appear identification;applied volume;assumptions theoretical;carries robustness;circulation current;claims appear;claims official-submission;code online-appendix;coefficient positions;concerns multiple;contribution nearest;contribution readership;core framed;correct estimation
journal-of-finance	Journal of Finance	depth	journal	finance	international	empirical	top-3 finance	SSCI	Journal-of-Finance-Skills		Journal-of-Finance-Skills/resources/official-source-map.md	finance;general-interest;corporate;jf-specific;fama;internet;magnitude;fact mechanism;three-factor;asset;strand;afajof;jf-level;jf-literature-positioning;flagship-level;asset-pricing;canon;multiple-testing;sharpe;pricing;french;recent issues;cross-section;economically;already well-known;attributed correct;carelessness;contribution fact;documents month;find important;harvey;jf-empirical-design;jf-identification;literature woven;macbeth;month spread;mutual-fund;position survey;question membership;rival pre-empted
journal-of-finance-and-economics	Journal of Finance and Economics	depth	journal	finance	china	empirical	field	CSSCI	Journal-of-Finance-and-Economics-Skills		Journal-of-Finance-and-Economics-Skills/resources/official-source-map.md	财经研究;journal-of-finance-and-economics;边际贡献;现实;经济;理论;finance economics;国现;选题;论文献;要么换;管理世界;识别;政策;论贡献;用时机;较少;本刊近;本文;数据与识;结构估计;结果变量;机制;实问题;公司财务;国值得做;实性;本刊栏目;策或制度;金融;什么这个;综合财经;济研究;纯理;际贡献四;提供;维度;期刊匹配;贡献四句;这个问题
journal-of-financial-and-quantitative-analysis	Journal of Financial and Quantitative Analysis	depth	journal	finance	international	empirical	field		Journal-of-Financial-and-Quantitative-Analysis-Skills		Journal-of-Financial-and-Quantitative-Analysis-Skills/resources/official-source-map.md	jfqa;financial quantitative;finance;investments;pseudo;corporate;institutions;microstructure;crowding;liquidity;quantitative core;double-anonymous;words;capital;asset pricing;financial economics;alpha;closest rivals;jfqa-literature-positioning;one-sd;security markets;subfield;repair;contrast;number;sample;magnitude;sharing policy;identification;rival;spread;empirical quantitative;shock;multiple-testing;points;code sharing;object;abnormal;annual submissions;archivability
journal-of-financial-economics	Journal of Financial Economics	depth	journal	finance	international	empirical	top-3 finance	SSCI	Journal-of-Financial-Economics-Skills		Journal-of-Financial-Economics-Skills/resources/official-source-map.md	financial economics;asset pricing;finance;corporate;jfe-identification;economic question;financial-economics;jensen;identification;top-;fama-dfa;jfe-empirical-design;factor;multiple-testing;anonymity rules;exhaustive robustness;journal-hosted;robustness battery;banz;carhart momentum-persistence;debate strand;demanding empirical;differentiation concrete;editor-in-chief toni;elsevier journal-of-financial-economics;exhibit craft;experiments staggered;explicit endogeneity;https elsevier;jensen-prize;jfe-literature-positioning;jfe-robustness;jfinec;known alternative;methodologically demanding;michigan;nuts-and-bolts;pricing plus;prize best;size effect
journal-of-financial-intermediation	Journal of Financial Intermediation	depth	journal	finance	international	empirical	field	top-5	Journal-of-Financial-Intermediation-Skills		Journal-of-Financial-Intermediation-Skills/resources/official-source-map.md	intermediation;intermediary;banks;financial;banking;friction;bank;channel;credit;lending;capital;finance;empirics;liquidity transformation;active desk-rejection;borrowers;intermediaries;lenders;relationship;appeal;bhattacharya;empirics-led;expert sent;jfi-identification-strategy;monitoring liquidity;regulation;non-refundable;diamond;least expert;mechanism margin;single-anonymized single-blind;rung;redirect;general-finance;loan-level;screen;consequence;information asymmetry;theory-led;contrast
journal-of-financial-markets	Journal of Financial Markets	depth	journal	finance	international	empirical	field		Journal-of-Financial-Markets-Skills		Journal-of-Financial-Markets-Skills/resources/official-source-map.md	microstructure;financial markets;trading;liquidity;market;spreads;invent citations;glosten-milgrom;broad-finance;easley-o;hara;jfm-workflow;kyle;trading-process;asset;price;jfm-literature-positioning;jfm-topic-selection;depth;bottleneck financial;jfqa;finance;order;acharya-pedersen;amihud;amihud-mendelson;jfm-empirical-design;jfm-identification;jfm-robustness;market-structure;order-flow;stor-stambaugh;corporate;price-impact;lineage;pricing;adverse;fragmentation;discovery;dark
journal-of-financial-research	Journal of Financial Research	depth	journal	finance	china	empirical	field	CSSCI	Journal-of-Financial-Research-Skills		Journal-of-Financial-Research-Skills/resources/official-source-map.md	金融;信贷;融研究;机理;制度抓手;渠道;financial;绿色信;国制度抓;微观公司;观公司金;会计;因变量;融渠;三步;融资;宏观金;风险承担;实体;锚定;融变量;监管;哪条;公司治理;只有第;存款;线别;融问题;落点;融机;市场;审稿人追;稿人追问;利率;识别;发展促进;宏观传导;污染企业;融发展促;高污染企
journal-of-guangdong-university-of-finance-and-economics	广东财经大学学报	breadth	journal	finance	china	empirical	field	CSSCI	Chinese-SocialScience-Journal-Skills	Chinese-SocialScience-Journal-Skills/skills/journal-of-guangdong-university-of-finance-and-economics/SKILL.md		东财经大;广东财经;财经大学;经大学学;大学学报;经济;东商学院;广东商学;财经综合;投稿;法为主;金融;参考文献;为主的财;主的财经;商与广东;商学院学;粤商与广;经管法为;经综合双;合双月刊;综合双月;官方;港澳大湾;澳大湾区;粤港澳大;期刊;法和经;广东经;网上投;学院学报;本刊;区域;核验;官网;关键;gdufe;guangdong;格式;研究
journal-of-international-money-and-finance	Journal of International Money and Finance	depth	journal	finance	international	empirical	field		Journal-of-International-Money-and-Finance-Skills		Journal-of-International-Money-and-Finance-Skills/resources/official-source-map.md	jimf;international money;money finance;domestic;international-finance;exchange-rate;open-economy;margin;cross-country;dominant-currency;jimf-identification;pass-through;monetary;foreign;cross-border;jmcb;jimf-literature-positioning;jimf-workflow;sovereign;erpt;jimf-topic-selection;trilemma;financial;currency;jimf-robustness;push pull;identification;debt;capital;global;country;bank;exchange rates;flows;transmission;external validity;spillovers;banks;macro-finance;channel
journal-of-jiangxi-university-of-finance-and-economics	江西财经大学学报	breadth	journal	finance	china	empirical	field		Chinese-SocialScience-Journal-Skills	Chinese-SocialScience-Journal-Skills/skills/journal-of-jiangxi-university-of-finance-and-economics/SKILL.md		江西财经;西财经大;财经大学;经大学学;大学学报;cfejxufe;投稿;magtech;金融;文按作者;按作者姓;官方;采编系统;经济;参考文献;区域;当代财经;本刊;匿名;双月刊;核验;关键;管理;jiangxi;作者姓名;方法;问题;格式;考文献格;基金;会计;域经;信息;共用;审稿;主办;摘要;要求;证据;双向匿
journal-of-money-credit-and-banking	Journal of Money Credit and Banking	depth	journal	finance	international	empirical	field		Journal-of-Money-Credit-and-Banking-Skills		Journal-of-Money-Credit-and-Banking-Skills/resources/official-source-map.md	jmcb;banking;money credit;monetary;bank;transmission;central-bank;channel;macro-finance;jmcb-workflow;macro;bottleneck money;jmcb-literature-positioning;jmcb-topic-selection;intermediation;lending;financial;shock;re-run;credit banks;jmcb-empirical-design;jmcb-identification;policy payoff;identification;credit-supply;economic dynamics;institutional payoff;policy institutional;policy mechanism;balance-sheet;intermediary;finance;credit markets;credit mechanism;credit policy;credit-friction;financial-stability;jmcb-rebuttal;jmcb-robustness;karadi
journal-of-shanghai-university-of-finance-and-economics	上海财经大学学报（哲学社会科学版）	breadth	journal	finance	china	empirical	field		Chinese-SocialScience-Journal-Skills	Chinese-SocialScience-Journal-Skills/skills/journal-of-shanghai-university-of-finance-and-economics/SKILL.md		海财经大;财经大学;经大学学;大学学报;会科学版;哲学社会;学社会科;经类为主;财经类为;经济;社会科学;法兼容;投稿;期刊社;管文法兼;经管文法;本刊;大学期刊;经大学期;金融;官方;sufe;参考文献;不收审稿;财经研究;收审稿费;关键;匿名;区域;双月刊;核验;摘要;格式;shanghai university;文按;考文献格;键词;资本市场;信息;主办
journal-of-shanxi-university-of-finance-and-economics	山西财经大学学报	breadth	journal	finance	china	empirical	field		Chinese-SocialScience-Journal-Skills	Chinese-SocialScience-Journal-Skills/skills/journal-of-shanxi-university-of-finance-and-economics/SKILL.md		山西财经;西财经大;财经大学;大学学报;经大学学;经济;博士;实证研究;研究类;学报编辑;报编辑部;纯方法;地方经;世界经;士学位;非匿名;投稿;金融;查重;济类;思辨;推导;规范实证;sxufe;六类;读博;方法与模;献综述类;范实证研;范的实证;融与投资;规范的实;作者;法与模型;产业经;务与会计;案例研究;财务与会;区域;传统思
mathematical-finance	Mathematical Finance	depth	journal	finance	international	empirical	field	JCR/CAS Q1-tier	Mathematical-Finance-Skills		Mathematical-Finance-Skills/resources/official-source-map.md	mathematical finance;modelling;finance wiley;financial-modelling;theorem;financial;duality;financial-mathematics;pricing;novelty axis;theorem-first;stochastic;constructive;martingale;risk portfolio;numerical;stochastic-analysis;obstruction;representation;theorems;bachelier;bsde;finance society;mathfin-contribution-framing;mathfin-identification-strategy;mathfin-literature-positioning;mean-field;non-dominated;portfolio microstructure;risk measures;superhedging;assumptions;rate;optimal;jump;sharper;routine;weaker;hence;rough
modern-finance-and-economics	现代财经（天津财经大学学报）	breadth	journal	finance	china	empirical	field		Chinese-SocialScience-Journal-Skills	Chinese-SocialScience-Journal-Skills/skills/modern-finance-and-economics/SKILL.md		天津财经;津财经大;现代财经;财经大学;经大学学;大学学报;经济;天津市教;津市教委;金融;投稿;市教委主;教委主管;济类月刊;官方;资本市场;参考文献;区域;财政;本刊;会计审计;经大学主;核验;产业经;modern finance;主办;格式;政金;考文献格;融机;官网;字左右;为准;网最新为;要求;代经;摘要关键;要关键词;声明;证据
modern-financial-research	现代金融研究	breadth	journal	finance	china	empirical	field		Chinese-SocialScience-Journal-Skills	Chinese-SocialScience-Journal-Skills/skills/modern-financial-research/SKILL.md		金融;现代金;融研究;融论坛;投稿;刊登;银行;监管;公众号;国工商银;微信公众;总字符数;国现代;年由;融机;任何费用;稿体例;融学会;货币政策;邮箱投;到自动回;务实体经;实体经济;收到自动;改为现名;服务实体;登总字符;自动回复;融服务实;份有限公;股份有限;行股份有;官方;不收任何;收任何费;有限公司;城市金;早曾名;机构;市场
public-finance-research	财政研究	breadth	journal	finance	china	empirical	field		Chinese-SocialScience-Journal-Skills	Chinese-SocialScience-Journal-Skills/skills/public-finance-research/SKILL.md		财政;政研究;政学;政部主管;预算治理;转移支付;税收征管;投稿;税制;地方债;cnki;作者简介;学会主办;共支出绩;共服务供;支出绩效;政府投资;服务供给;容提要;公共;国财;勿一稿多;文要素齐;税负分配;英文要素;要素齐全;不收版面;收版面费;制改革;采编系统;经济结果;政制度;图分类号;官方;政体制;政机制;政理论;金融;核心期刊;政分权
research-on-financial-and-economic-issues	财经问题研究	breadth	journal	finance	china	empirical	field		Chinese-SocialScience-Journal-Skills	Chinese-SocialScience-Journal-Skills/skills/research-on-financial-and-economic-issues/SKILL.md		财经问题;经问题研;问题研究;东北财经;北财经大;经济;宁省教育;济管理类;辽宁省教;财经大学;省教育厅;投稿;杂志社;金融;参考文献;cjwt;专业深稿;业深稿转;东财杂志;理类月刊;管理类月;官方;教育厅主;育厅主管;区域;任何费用;主办;本刊;匿名;cbpt cnki;经大学主;核验;dufe;financial economic;格式;economic issues;财政;考文献格;信息;关键
review-of-finance	Review of Finance	depth	journal	finance	international	empirical	field		Review-of-Finance-Skills		Review-of-Finance-Skills/resources/official-source-map.md	finance;top-three;top-three-finance-journal;empirical theoretical;two-round;first-order;general-interest;fast-track;author-responsibility;bankscope;bucket-;citation norm;decision philosophy;rof-literature-positioning;top-three-standard;empirical theory;european;sanctioned;microstructure;code-sharing;generality;lesson;europe;chicago;annual-meeting;asset-pricing theory;beyond market;citation-chain;contract design;datastream;now-known;page incl;rof-contribution-framing;rof-fit;rof-identification-strategy;security contract;theory security;top-three-finance;was-believed;field-journal
review-of-financial-studies	Review of Financial Studies	depth	journal	finance	international	empirical	top-3 finance	SSCI	Review-of-Financial-Studies-Skills		Review-of-Financial-Studies-Skills/resources/official-source-map.md	financial;finance;identification;registered report;pricing;empirics;me-too;asset-pricing;asset;bottleneck;journal-hosted;novelty axis;internet;delta;causal-inference;novelty rigor;canonical theory;wedge;liquidity;multiple-testing;write rebuttal;brunnermeier;later survey;notably open;pedersen;question novelty;rfs-identification;rfs-literature-positioning;rfs-topic-selection;robustness content;household;sign;anchor literatures;frontier recent;question first-order;stale question;test novelty;lets;question whose;prior year
studies-of-financial-economics	金融经济学研究	breadth	journal	finance	china	empirical	field		Chinese-SocialScience-Journal-Skills	Chinese-SocialScience-Journal-Skills/skills/studies-of-financial-economics/SKILL.md		金融;融经济学;济学研究;经济学研;广东金;融学院;监管;式出版物;双向匿名;市场;正式出版;国际金;投稿;融研究;不予审阅;东省教育;作者直接;学专业学;广东省教;接阅读过;直接阅读;管系统顶;系统顶刊;考文献仅;者直接阅;融机;一般不;业学术刊;济学专业;经济学专;不收版面;公司金;收版面费;专业学术;教育厅主;省教育厅;育厅主管;向匿名评;央行;官方
studies-of-international-finance	国际金融研究	breadth	journal	finance	china	empirical	field	CSSCI	Chinese-SocialScience-Journal-Skills	Chinese-SocialScience-Journal-Skills/skills/studies-of-international-finance/SKILL.md		国际金融;际金融研;金融研究;国国际金;金融视角;际金融学;金融学会;银行;英文梗概;货币体系;资本流动;际金融视;监管;份有限公;股份有限;行股份有;有限公司;投稿;融经济学;金融经济;货币政策;市场;跨境资本;chinaifs;人民币国;国际货币;境资本流;币国际化;民币国际;金融领域;附英文梗;际货币体;际金融领;标题;国银;文献标识;献标识码;全球;官方;金融监
annals-of-the-american-association-of-geographers	Annals of the American Association of Geographers	depth	journal	geography	international	empirical	field		Annals-of-the-American-Association-of-Geographers-Skills		Annals-of-the-American-Association-of-Geographers-Skills/resources/official-source-map.md	annals;geographic;geography;geographers;american association;nature-society;spatial;area;four areas;place scale;environment-society;prior account;giscience;maup;space place;geographer;cross-cutting;nature society;remote-sensing;stake;canopy;human;physical;specialty;debate;aaag-literature-positioning;areas plus;cartographic;concern scale;cross-disciplinary track;delete-test;domain-science;field positions;forum commentary;four-area;geoprivacy;literature subsystem;maps held;neighboring-subfield;reader gets
progress-in-human-geography	Progress in Human Geography	depth	journal	geography	international	empirical	field		Progress-in-Human-Geography-Skills		Progress-in-Human-Geography-Skills/resources/official-source-map.md	pihg;progress human;human geography;essay;agenda;camp;camps;review-worthy;forward;concept;contested literature;phg-critical-intervention;sage;sub-field;corpus;intervention;critical;re-read;silences;exemplars library;critique;synthetic;turn;commissioned progress;feminist;phg-argument-synthesis;re-ordering;resources exemplars;dated;crux;progress reports;gather sources;stakes;circuit;seam;portable;urban;argue;agenda-setting essays;anglophone global-north
american-historical-review	American Historical Review	depth	journal	history	international	interpretive/theory	field		American-Historical-Review-Skills		American-Historical-Review-Skills/resources/official-source-map.md	american historical;historians;intervention;historian;historiographical;recovery;history;historiography;archive;ahr-historiography-positioning;periods places;reigning;reperiodization;reframing;antiquarian;periodize;closest rival;revises;recovered;social cultural;argument american;stakes;interpretive;generalist;africa asia;america middle;archives interpretation;cultural intellectual;general picture;historical profession;intellectual political;middle east;notes excluded;oceania latin;prior interpretations;remedy;roughly word;self-justifying;source dump;transnational global
the-english-historical-review	The English Historical Review	breadth	journal	history	international	interpretive/theory	field		English-Humanities-Journal-Skills	English-Humanities-Journal-Skills/skills/the-english-historical-review/SKILL.md		english historical;documentary;european world;world history;british european;dating attribution;historiographical;chicago;interpretive;medieval;accurately;sustain;sources;command;archival empirical-rigor;conclusions proportioned;current english;detail dating;existing scholarship;history wide;light primary;precise well-evidenced;proportioned strictly;significance located;uncertainty acknowledged;well-evidenced advance;wide chronological;claims outrun;plate permissions;history periods;argument depends;problem-driven;field period;period region;editing;primary-source;sweeping;transcription;handled;corrects
analysis	Analysis	breadth	journal	humanities	international	interpretive/theory	field		English-Humanities-Journal-Skills	English-Humanities-Journal-Skills/skills/analysis/SKILL.md		reply;counterexample;treatise;point;brevity;limit note;length limit;valid;compressed;philosophy;anticipated dispatched;brevity-and-focus;full-article length;opening lines;press trust;pressing objection;single pressing;crisp;multi-part;note types;objection anticipated;precisely front;threads;single-point;padding;piece;counterexamples;strict;sharp;distinctions;follows current;mind;room;replies;actually;analytic;sustained;original;misfit;oxford university
art-history	Art History	breadth	journal	humanities	international	interpretive/theory	field		English-Humanities-Journal-Skills	English-Humanities-Journal-Skills/skills/art-history/SKILL.md		history;art-history;permissions;visual;objects;critical;chicago;illustration;theoretical;period region;methodologically;conceptual tied;conventional object;invoked ornament;ornament jargon;publisher specifications;self-aware;tied argument;image;purchase;intervention;conceptually;critically;images;historiographical;reflexive;field period;reproduction;appended;scholarship;original argument;primary sources;gender;close;engagement;theoretically;engaged;command;documents;rights
comparative-literature	Comparative Literature	breadth	journal	humanities	international	interpretive/theory	field		English-Humanities-Journal-Skills	English-Humanities-Journal-Skills/skills/comparative-literature/SKILL.md		comparatist;comparative literature;original-language;translation;essay;cross-linguistic;world-literature;transliteration;comparison;circulation;asymmetries;command;tradition;makes possible;linguistic;argument depends;could made;current comparative;juxtaposition;language power;literatures languages;reading token;single-language reading;specifics handled;token foreign;world literature;texts;permissions;handled care;translations;national literature;duke university;alert;quotation;reception;scholarship;relation;textual;thematic;bolted
ethics	Ethics	breadth	journal	humanities	international	interpretive/theory	field		English-Humanities-Journal-Skills	English-Humanities-Journal-Skills/skills/ethics/SKILL.md		normative;moral;philosophy;political legal;moral-philosophy;thesis;public affairs;applied;ethics;metaethics;political-philosophical;smuggled;contribution level;public concern;engagement;rival;valid;restatement;answered deflected;independently motivated;positions engaged;foundations;literature fair;non-padding;argument structure;premises;theoretical payoff;psychology;chicago press;head-on;university chicago;original;follows current;originality;made explicit;strongest;clearly stated;stakes;affairs leans;affairs theoretical-vs-applied
harvard-theological-review	Harvard Theological Review	breadth	journal	humanities	international	interpretive/theory	field		English-Humanities-Journal-Skills	English-Humanities-Journal-Skills/skills/harvard-theological-review/SKILL.md		harvard theological;original-language;textual;texts;theology;christianity;judaism;religious;historical;biblical;constructive;ancient;original languages;text-critical;religion;history;documentary record;religions;transliteration;philological;historically;chicago notes-and-bibliography;asserted engagement;context support;current harvard;devotional writing;divinity;press harvard;relevant exegetical;writing untethered;argument text;command relevant;controlled argument;defended command;hebrew;languages philology;argued asserted;greek latin;history-of-religions;parallels
history-and-theory	History and Theory	breadth	journal	humanities	international	interpretive/theory	field		English-Humanities-Journal-Skills	English-Humanities-Journal-Skills/skills/history-and-theory/SKILL.md		history theory;historical;historiography;theoretical methodological;meta-level;philosophy;methodological argument;empirical history;theoretical literature;original theoretical;thesis;chicago;distinctions;archival case;case theoretical;conceptually rigorous;defined reasoning;enters advances;philosophy-of-history;reasoning followed;straightforward archival;types essays;wesleyan;engagement theory;argument conceptually;current history;debate piece;fair non-padding;argument theoretical;relevant theoretical;piece enters;argument engagement;epistemology;historiographical;theoretical debate;past;terms;footnotes;current fair;argumentative
history-of-religions	History of Religions	breadth	journal	humanities	international	interpretive/theory	field		English-Humanities-Journal-Skills	English-Humanities-Journal-Skills/skills/history-of-religions/SKILL.md		comparative historical;history religions;religious;traditions;historical argument;textual;original-language;chicago;biblical;theological;comparison;morphological;original languages;ritual;religion;principled;notes-and-bibliography;area-specific scholarship;comparative-method;cosmology sacred;current substantive;difference respected;historical area-specific;justified difference;parallel-hunting;phenomena myth;philology materials;symbol cosmology;primary sources;languages philology;materials require;region period;confessional;current history;early-christian;harvard-theological-review;relevant original;religious-studies;the-journal-of-religion;theology
journal-of-linguistics	Journal of Linguistics	breadth	journal	humanities	international	interpretive/theory	field		English-Humanities-Journal-Skills	English-Humanities-Journal-Skills/skills/journal-of-linguistics/SKILL.md		linguistics;cambridge;framework-neutral;glosses translations;interlinear;allegiance;general theoretical-linguistics;syntax;theoretical;whose interest;numbered examples;glossing;cross-linguistic;morphology;representative;association great;britain;lagb;pay-off;problem claimed;descriptive report;dismissed;explicitly early;framework-internal exercise;claimed advance;generality claimed;defer reporting;leipzig-style;reporting specifics;phonology;translations sources;generically;weighed;advance stated;linguistic;stated explicitly;follows current;purely descriptive;semantics;philosophy
journal-of-social-history	Journal of Social History	breadth	journal	humanities	international	interpretive/theory	field		English-Humanities-Journal-Skills	English-Humanities-Journal-Skills/skills/journal-of-social-history/SKILL.md		social-history;social history;social experience;marginalized;ordinary;descriptive recovery;lived;people;microhistorical;self-conscious;everyday;historiographical;experience descriptive;argument social;chicago;crime;sources;canonical ideas;childhood aging;current social;fragmentary;ideas attention;institutions canonical;left records;leisure;political-history;permissions;heuristics social;methodological self-consciousness;periods regions;sexuality;gender;stake;life;punishment;proportioned;methodologically;alert;period region;primary-source
journal-of-the-american-musicological-society	Journal of the American Musicological Society	breadth	journal	humanities	international	interpretive/theory	field		English-Humanities-Journal-Skills	English-Humanities-Journal-Skills/skills/journal-of-the-american-musicological-society/SKILL.md		music;musicological;repertory;examples;archival;musical;notational;american;critical;documentary;music-theoretical analytical;permissions;music-example;historical;cultural;society;chicago notes-and-bibliography;relation;accurately critically;brought focus;detached question;musicology;sources;philosophical;reproduction;audio supplementary;california;historical-musicology;notation central;music-theory-spectrum;notated;supplementary media;handled accurately;scholarship current;significance beyond;analytical contribution;reaches beyond;history;interpretive;histories
language	Language	breadth	journal	humanities	international	interpretive/theory	field		English-Humanities-Journal-Skills	English-Humanities-Journal-Skills/skills/language/SKILL.md		linguistics;language;sheet;syntax;interlinear;glossing;linguistic;glosses;discipline-wide;cross-linguistic;phonology morphology;sociolinguistics;typological;general theoretical;examples;adherents formalism;legible adherents;representative adequate;adequate claim;descriptive note;framework-internal exercise;psycholinguistics;supports generality;translations;subfield;semantics pragmatics;society america;formal argument;leipzig-style;phonetics;corpus;stated claim;numbered;acquisition;defer;follows current;otherwise;stake;clearly stated;specifics
linguistic-inquiry	Linguistic Inquiry	breadth	journal	humanities	international	interpretive/theory	field		English-Humanities-Journal-Skills	English-Humanities-Journal-Skills/skills/linguistic-inquiry/SKILL.md		linguistic inquiry;squib;syntax;proposal;generative;glosses translations;grammar;squibs;formal;morphology;interlinear;numbered examples;phonology;glossing;current linguistic;derivations shown;diacritics;explicit formally;formally precise;tree derivation;consequences;theoretical;genuinely discriminate;notation anonymization;predictions falsifiable;shown predictions;indifferent;defer reporting;leipzig-style;reporting specifics;translations sources;semantics;examples carry;interfaces;cross-linguistic;descriptive survey;explanatory;architecture;press;linguistics
modern-language-quarterly	Modern Language Quarterly	breadth	journal	humanities	international	interpretive/theory	field		English-Humanities-Journal-Skills	English-Humanities-Journal-Skills/skills/modern-language-quarterly/SKILL.md		literary;literary-historical;historical;language quarterly;literary-history;periodization;modern language;essay;scholarship debates;counter-cases;texts;contexts;period;close reading;history;trajectory;genre;change theory-application;claims origins;form mode;formalist;grounded argument;origins shifts;payoff command;reading serve;permissions;track change;tradition;translations;indifferent;theory close;duke university;new-historicist;broad-readership;historically grounded;alert;change time;histories;command primary;situated
music-theory-spectrum	Music Theory Spectrum	breadth	journal	humanities	international	interpretive/theory	field		English-Humanities-Journal-Skills	English-Humanities-Journal-Skills/skills/music-theory-spectrum/SKILL.md		music;theory spectrum;analytical theoretical;examples;notated;musical;graphs;original analytical;music-example;repertories;reproduction permissions;cultural argument;philosophical;theoretical claim;historical cultural;graphics;close;theoretical argument;chicago notes-and-bibliography;engagement relevant;accurately engagement;claim untethered;demonstrates something;music-theoretical scholarship;relevant music-theoretical;rigorously analyzed;scores editions;generalizes;audio supplementary;editions documentary;journal-of-the-american-musicological-society;loose appreciation;repertory;music-theory;supplementary media;analytical-method;handled accurately;scholarship current;history philosophy;something general
natural-language-and-linguistic-theory	Natural Language & Linguistic Theory	breadth	journal	humanities	international	interpretive/theory	field		English-Humanities-Journal-Skills	English-Humanities-Journal-Skills/skills/natural-language-and-linguistic-theory/SKILL.md		nllt;syntax;morphology;proposal;cross-linguistic;linguistic theory;language linguistic;natural language;springer;detailed;glossing;theoretical;microcomparative;formal;glosses translations;rich;numbered examples;fieldwork;derivations feature;empirical base;empirical-grounding;feature systems;formalism-driven;formally explicit;less-studied;consequences;empirical grounding;predictions falsifiable;shown predictions;systems shown;grounded;leipzig-style;reporting specifics;description;discriminate;interlinear;translations sources;interface;representative;sourcing
new-literary-history	New Literary History	breadth	journal	humanities	international	interpretive/theory	field		English-Humanities-Journal-Skills	English-Humanities-Journal-Skills/skills/new-literary-history/SKILL.md		literary;essay;methodological question;history;category;rethought;theory-of-literature;reading;theoretical methodological;relevant theoretical;reflection;conceptual argument;traced;distinctions drawn;critical;clarified consequences;exemplifies;rather standing;terms clarified;permissions;drawn terms;translations;around theoretical;conceptual methodological;question behind;interpretation;histories;genuine theoretical;concept;policy non-english;follows current;humanities;sake;driven;essays;school;close;reframe;conceptually;genre
nous	Noûs	breadth	journal	humanities	international	interpretive/theory	field		English-Humanities-Journal-Skills	English-Humanities-Journal-Skills/skills/nous/SKILL.md		philosophy;philosophical;big-three;analytic;thesis;strongest objections;generalist;formalism;sub-area;argumentative;dialectical stakes;familiar move;engagement;mind;valid;exegesis;metaphysics epistemology;rival views;answered deflected;independently motivated;language logic;thought experiments;value theory;objections rival;original;carefully;logical;follows current;originality;apparatus;action stake;area conventions;area metaphysics;areas value;argument tightened;challenge distinction;choice usually;claim remain;conventions feel;counterexamples thought
october	October	breadth	journal	humanities	international	interpretive/theory	field		English-Humanities-Journal-Skills	English-Humanities-Journal-Skills/skills/october/SKILL.md		october;film;contemporary;in-copyright;critical;avant-garde;stills;theoretical;permissions;art-history;intervention;original theoretically;photography;films;theoretically rigorous;criticism;all-periods;modern;reshapes;media;descriptive monographic;problem concept;review-style survey;tested material;exhibition;foreign-language sources;press;generalist;images;inseparable;legacy;image;specifications;quoted translated;sources quoted;engagement relevant;translated policy;primary sources;edge;illustration
past-and-present	Past & Present	breadth	journal	humanities	international	interpretive/theory	field		English-Humanities-Journal-Skills	English-Humanities-Journal-Skills/skills/past-and-present/SKILL.md		past present;historical problem;social change;cultural history;well-sourced;historiographical;problem-driven;chicago;economic cultural;non-english sources;social economic;larger;additive case;change power;current past;narrative additive;never frames;present society;problem comparative;quantitative cultural;reveals social;archival quantitative;reported sake;claims social;proportioned;argument historical;interpretive;societies;field period;period region;permissions;primary-source;local;periods;revises;critically;double-blind;stake;command;ambitious willing
philosophy-and-public-affairs	Philosophy & Public Affairs	breadth	journal	humanities	international	interpretive/theory	field		English-Humanities-Journal-Skills	English-Humanities-Journal-Skills/skills/philosophy-and-public-affairs/SKILL.md		philosophy;public affairs;public concern;moral;applied political-moral;public problem;matter public;philosophical;thesis;policy report;public-significance;political;strongest objections;justice;bioethics;equality;policy interlocutor;thoughtful policy;democracy;opposing;practical stake;tethered;engagement;normative;immigration;valid;metaethics;bearing;bears;premises;premise;ethics;head-on;carefully;follows current;motivated;remains;original;engaged;clearly stated
representations	Representations	breadth	journal	humanities	international	interpretive/theory	field		English-Humanities-Journal-Skills	English-Humanities-Journal-Skills/skills/representations/SKILL.md		representations;literary;essay;cultural;new-historicist;particular;historical;archival;texts;reading;practices;anecdote;permissions;documents;archive-driven;convenient examples;examples command;free-floating theoretical;gestured theory;material sources;particulars;reconstructed gestured;sealed;thesis illustrated;image;moment;archive-grounded;fragment;material-culture;outward;archive;translations;objects;images;interdisciplinary;specificity;textual;non-english;follows current;humanities
the-burlington-magazine	The Burlington Magazine	breadth	journal	humanities	international	interpretive/theory	field		English-Humanities-Journal-Skills	English-Humanities-Journal-Skills/skills/the-burlington-magazine/SKILL.md		burlington;magazine;documentary;examination;object-based;attribution;connoisseurship;high-resolution;permissions;art-history;archival;catalogues;technical;visual;provenance;argued direct;correction stated;documents quoted;exhibitions;scholarship collections;specific object;image;primary sources;illustration list;shorter note;artist;dating;exhibition;stylistic;transcriptions;uncertainty stated;broad theoretical;museum;inventories;close;history;field period;period region;record;speculative
the-classical-quarterly	The Classical Quarterly	breadth	journal	humanities	international	interpretive/theory	field		English-Humanities-Journal-Skills	English-Humanities-Journal-Skills/skills/the-classical-quarterly/SKILL.md		greek;latin;classical;parallels;textual;quarterly;classics;philologically;abbreviations;passage;emendation;tradition apparatus;quotation;controlled argument;current scholarship;command;texts;ancient;archaeology;original-language;literary;accurately conjectures;appreciation untethered;argument mishandles;conjectures argued;editions commentaries;meaning precisely;philological interpretive;roman-history;support engagement;text meaning;textual-command;interpretation;accentuation;antiquity;epigraphy;note length;shorter note;crux;plate permissions
the-journal-of-aesthetics-and-art-criticism	The Journal of Aesthetics and Art Criticism	breadth	journal	humanities	international	interpretive/theory	field		English-Humanities-Journal-Skills	English-Humanities-Journal-Skills/skills/the-journal-of-aesthetics-and-art-criticism/SKILL.md		aesthetic;aesthetics;philosophical;criticism;art-historical;thesis;music;strongest objections;philosophy;philosophical-aesthetics;particular;objection-handling;analytic;arts;appreciation description;arts-criticism;dance;defined claims;fair distinctions;fairly answered;philosophical-argument;stakes strongest;permissions;experience;engaged fairly;explicit stakes;literature film;proportionate argument;music-theory-spectrum;critical-theoretical;answered deflected;art-history;continental;genuine argumentative;positions engaged;clearly stated;objections rival;rival positions;engagement;stated original
the-journal-of-modern-history	The Journal of Modern History	breadth	journal	humanities	international	interpretive/theory	field		English-Humanities-Journal-Skills	English-Humanities-Journal-Skills/skills/the-journal-of-modern-history/SKILL.md		modern history;modern-european;historiographical;chicago;beyond specialist;modern europe;modern-europeanists;specialist niche;archival;interpretation;cultural history;sources;command;image permissions;current modern;global connections;history modern;paraphrase canon;renaissance present;intervention;revises;argument significance;engaged directly;national;deeply;field period;multilingual;period region;primary-source;significance legible;technically sound;translated policy;intellectual;non-english;european;critically;double-blind;axis;archival-rigor-plus-significance desk-reject;archives engaged
the-journal-of-philosophy	The Journal of Philosophy	breadth	journal	humanities	international	interpretive/theory	field		English-Humanities-Journal-Skills	English-Humanities-Journal-Skills/skills/the-journal-of-philosophy/SKILL.md		philosophy;pointed;analytic;philosophical;sub-area;generalist;strongest objections;broad-significance;central point;inward-looking;relatively concise;padding;agenda-setting;developed;independently motivated;concision;engagement current;objections rival;thesis;survey-style;logical;idea;follows current;mind;valid;decisive;distinction;original;establishes;action probability;argues years;argumentative sharpen;arguments single;associated columbia;citation concise;clarity contribution;concerns specialists;concise high-leverage;convenient distinctions;delays dilutes
the-journal-of-religion	The Journal of Religion	breadth	journal	humanities	international	interpretive/theory	field		English-Humanities-Journal-Skills	English-Humanities-Journal-Skills/skills/the-journal-of-religion/SKILL.md		religion;confessional;theology;religious;textual biblical;scholarly;traditions;historical;original-language;primary texts;chicago;theological philosophical;philosophy;history religions;scholarship;notes-and-bibliography;constructive;engagement relevant;addressed broad;devotional pastoral;relevant theological;texts sources;commanded;biblical early-christian;ethics history;harvard-theological-review;historical-morphological;history-of-religions;in-group;religion-and-culture;analytic;original languages;transliteration;tradition;stake;command primary;current fair;claims proportionate;translation policy;original argument
the-journal-of-roman-studies	The Journal of Roman Studies	breadth	journal	humanities	international	interpretive/theory	field		English-Humanities-Journal-Skills	English-Humanities-Journal-Skills/skills/the-journal-of-roman-studies/SKILL.md		roman;epigraphy;epigraphic;greek;archaeology;latin;inscriptions;readings;abbreviations;handled disciplinary;late antiquity;numismatics;primary-evidence;disciplinary standards;republic;classics;archaeological;dating;material culture;historical;alert limits;argument thesis;built directly;categories length;controlled alert;current roman-studies;descriptive catalogue;directly primary;dossier;empire late;load-bearing illustration;numismatic;roman-studies scholarship;situated current;society promotion;source tradition;thesis floating;texts;permissions;history
the-philosophical-review	The Philosophical Review	breadth	journal	humanities	international	interpretive/theory	field		English-Humanities-Journal-Skills	English-Humanities-Journal-Skills/skills/the-philosophical-review/SKILL.md		philosophical;philosophy;analytic;thesis;strongest objections;sub-area;dialectical stakes;survey variation;engagement;mind;examples thought;valid;logical form;metaphysics epistemology;deflected;independently motivated;thought experiments;generalist;objections rival;original;argumentative;carefully;follows current;originality;clearly stated;action argument;advance distinction;areas metaphysics;core areas;debate clearly;debate foundational;decisively advance;encodes argument-rigor;exegetical contribution;form unclear;interest introduce;intersections ethics;introduce decisively;keep official-submission;known move
the-william-and-mary-quarterly	The William and Mary Quarterly	breadth	journal	humanities	international	interpretive/theory	field		English-Humanities-Journal-Skills	English-Humanities-Journal-Skills/skills/the-william-and-mary-quarterly/SKILL.md		atlantic;early america;mary;william;early-american;vast early;indigenous;quarterly;african;historiographical;imperial;american history;early american;argument reshapes;connective;colonial;field conversation;chicago;americas;early-modern;world;wider;case vast;framing situates;locale;omohundro;settled narrative;situates case;slavery;stake field;debates;permissions;atlantic-world;intervention;gender;reshapes field;silences;voices;continental;connections
pmla	PMLA	depth	journal	humanities/literature	international	interpretive/theory	field		PMLA-Skills		PMLA-Skills/resources/official-source-map.md	pmla;language association;modern language;publications modern;essay;literary;reading;significant problem;membership;criticism;changing profession;methodologies changing;theories methodologies;intervention;special feature;theoretical perspectives;conversation;texts;close;implications drawn;little-known documents;essays;scholarly;word range;critics;language literature;critical;stakes;period;handbook;regular;specialty;interest;scholars;readers;periods;textual;blind-reviewed;cited list;concise readable
critical-inquiry	Critical Inquiry	depth	journal	humanities/theory	international	interpretive/theory	field		Critical-Inquiry-Skills		Critical-Inquiry-Skills/resources/official-source-map.md	critical inquiry;essay;intervention;objects;criticism;humanities;critical response;stakes;arts;reading;bibliographical;images;fields;film;interdisciplinary;artworks films;department-internal;format critical;literary;theoretical;concept;philosophy;reorients conversation;texts;closely;chicago;turn;readers;another field;history;notes;point;competent;home field;bold;project;associated single;assume pressure;author-secured;becomes thinkable
information-systems-research	Information Systems Research	depth	journal	information-systems	international	empirical	FT50 / UTD24		Information-Systems-Research-Skills		Information-Systems-Research-Skills/resources/official-source-map.md	intradisciplinary;information systems;design-science;sociotechnical;silos;behavioral;contribution statement;single-paradigm;genre;isr-contribution-framing;it-artifact;word contribution;analytical;co-equal;misq;conversation;informs;genres;artifact system;jmis;management;pass;behavior identification;compare quarterly;design is-theory;digital-technology;electronic companion;implications organizations;is-theory contribution;isr-data-analysis;isr-methods;isr-theory-development;leverage implications;lock digital;markets primary;multimethod;organizational perspectives;organizations markets;quarterly broader;science generality
journal-of-management-information-systems	Journal of Management Information Systems	depth	journal	information-systems	international	empirical	field		Journal-of-Management-Information-Systems-Skills		Journal-of-Management-Information-Systems-Skills/resources/official-source-map.md	jmis;information systems;management information;misq;managerial;economics;platform;e-commerce;is-management;jmis-theory-development;technology;platforms;reference-discipline;reference discipline;jmis-data-analysis;jmis-literature-positioning;jmis-workflow;design-science;analytics;conversation;jais;security privacy;management science;it-value;jmis-contribution-framing;jmis-methods;jmis-topic-selection;firm;artifact essential;seller;economic;basket;value;closest predecessors;jmis-grade;jmis-shaped;security-economics;governance;narrower;digital
journal-of-the-association-for-information-systems	Journal of the Association for Information Systems	depth	journal	information-systems	international	empirical	field		Journal-of-the-Association-for-Information-Systems-Skills		Journal-of-the-Association-for-Information-Systems-Skills/resources/official-source-map.md	jais;information systems;association information;category;jais-data-analysis;jmis;jais-theory-development;novel digital;misq;digital phenomenon;jais-contribution-framing;jais-methods;jais-workflow;theoretical;theory-forward;jais-literature-positioning;jais-topic-selection;pre-theoretical;sub-tradition;pluralistic;field knows;foundational;conversation;senior;design-science;based multi-;directions theory;inter-disciplinary;jais-review-process;jais-submission;jais-writing-style;theory based;generative;front;discourse;shorthand;payoff;policy impact;behavioral;construct
mis-quarterly	MIS Quarterly	depth	journal	information-systems	international	empirical	FT50 / UTD24		MIS-Quarterly-Skills		MIS-Quarterly-Skills/resources/official-source-map.md	misq;design science;category;quarterly;organizational;behavioral;artifact;information systems;management economics;science economics;information-systems;tradition;economics-of-is;four traditions;conversation;design-science;design principles;platform;pluralistic;blend;misq-contribution-framing;misq-data-analysis;theory-generative synthesis;societal;page limit;economic effect;limit counts;twist;mechanism design;jais;management marketing;jmis;reference discipline;knowledge;management information;technology;theory development;justifies;swap;managerial
research-policy	Research Policy	depth	journal	innovation/science-policy	international	empirical	field		Research-Policy-Skills		Research-Policy-Skills/resources/official-source-map.md	innovation-studies;innovation;policy managerial;technovation;jpim;respol-theory-development;managerial implication;economics strategy;respol-contribution-framing;respol-literature-positioning;out-of-scope;bottleneck policy;respol-methods;respol-topic-selection;respol-workflow;corporate change;prevailing belief;respol-data-analysis;technology;mechanism boundary;management;contradicting;industrial corporate;patent;earned;innovation-theory;knowledge production;respol-tables-figures;respol-writing-style;sti-policy;technological;text policy;bibliometric;pass revise;revise reroute;verdict pass;base;scholars;reroute next;science policy
journal-of-international-business-studies	Journal of International Business Studies	depth	journal	international-business	international	empirical	field	FT50	Journal-of-International-Business-Studies-Skills		Journal-of-International-Business-Studies-Skills/resources/official-source-map.md	jibs;international business;international-business;cross-border;country;phenomenon;single-country;cross-level;jibs-contribution-framing;cross-cultural;subsidiary;general-management;societal;cross-country;jibs-data-analysis;conversation;management;internationalization;global;editorials;cross-national measurement;culture-as-level;ib-theory;jibs-methods;jibs-theory-development;non-incrementality;springboard;explicit contribution;canon;gap-spotting;puzzle;dart;emerging-market;measurement equivalence;mnes;non-incremental;implications theory;phenomenon-driven;political economy;culture
harvard-law-review	Harvard Law Review	depth	journal	law	international	empirical	field		Harvard-Law-Review-Skills		Harvard-Law-Review-Skills/resources/official-source-map.md	harvard;legal;doctrinal;law-review;student-edited;crowded;expedite;hlr-placement-strategy;hlr-thesis-and-contribution;supreme;book;preemption;court;hlr-preemption-check;bluebook;seasons;generalist;enduring;piece;statute;normative;hlr-sources-and-bluebook;placeable;placement;apparatus;cite-check;multi-submit;riding;scholastica;source-pull;thesis;timely;timing;edit;season;argue;essay;student;argument internal;co-publishes
yale-law-journal	Yale Law Journal	depth	journal	law	international	empirical	field		Yale-Law-Journal-Skills		Yale-Law-Journal-Skills/resources/official-source-map.md	yale;forum;note comment;legal;student;bluebook;source-pull;expedite;essay;headroom;incl footnotes;ylj-preemption-check;ylj-thesis-and-contribution;piece;doctrine theory;student-edited;generalist;doctrinal;encouraged words;footnotes pages;ylj-sources-and-bluebook;track;heinonline;preemption;scholastica;westlaw;pinpoint;intensive;timely;online;scholarship;words incl;ssrn;argument ylj-argument-structure;casenote;claim matters;essays committee;every footnote;keep reframe;length realistic
journal-of-law-and-economics	Journal of Law and Economics	depth	journal	law-and-economics	international	empirical	field		Journal-of-Law-and-Economics-Skills		Journal-of-Law-and-Economics-Skills/resources/official-source-map.md	legal;jleo;jle-identification;law-and-economics;enforcement;doctrinal;economics;jle-robustness;institution;assignment;rule;jle-workflow;deterrence;becker;coase;jurisdiction;regulation;antitrust;court;jle-literature-positioning;jle-theory-model;jle-topic-selection;litigation;aler;stigler;doctrine;chicago;uchicago;jle-shaped;jle-submission;law-and-econ;priest;regulatory;change threshold;klein;marginal addition;effect;property;identification;variation
ca-a-cancer-journal-for-clinicians	CA: A Cancer Journal for Clinicians	breadth	journal	life-sciences	international	empirical	field		English-NaturalScience-Journal-Skills	English-NaturalScience-Journal-Skills/skills/ca-a-cancer-journal-for-clinicians/SKILL.md		cancer;clinicians;clinical;epidemiological;oncology;updates;unsolicited primary;statistics;sourcing;registry;inquiry;surveillance;commissioned;invited;utility practicing;public-health;asco;affiliation;current guideline;oncologists;invitation;synthesis;major;laboratory;conflict-of-interest;definitive;recommendations;content;update;message;transparent;landmark;burden;primary-research;aacr high-impact;addressing highly;agents precision;agreements deposition;analyses international;authoritative clinician-oriented
cancer-cell	Cancer Cell	depth	journal	life-sciences	international	empirical	field		Cancer-Cell-Skills		Cancer-Cell-Skills/resources/official-source-map.md	cancer cell;cell cell;cell press;vivo human;translational;orthogonal;cells vivo;design experiments;tumor;cc-study-design;presubmission inquiry;vulnerability;cell-line;therapeutic;star;human anchor;human patient;mechanism validated;molecular;oncology;correlation;axis;biomarker;authentication mycoplasma;cancer genetics;clinical-translational;descriptive omics;experiments build;microenvironment immuno-oncology;off-fit;phenotype;mechanistic;antibody validation;https cell;investing full;atlas;clinical;hypothesis-driven;node;statistical tests
cancer-discovery	Cancer Discovery	breadth	journal	life-sciences	international	empirical	field		English-NaturalScience-Journal-Skills	English-NaturalScience-Journal-Skills/skills/cancer-discovery/SKILL.md		cancer;tumor;discovery;clinical;aacr;biology;translational;genomic;resistance;oncology;human;early-phase;trial;patient;genomics;mechanistic;significance paragraph;patient-derived;therapy;clonal evolution;genetically engineered;syngeneic;cohort;alterations;generic novelty;sharp specific;treatment prevention;cell;drug;corroborating;dbgap equivalent;specimens;immune evasion;sequencing deposited;validation;novelty claim;guideline checklists;multi-omics;reporting guideline;animal
cell	Cell	depth	journal	life-sciences	international	empirical	field		Cell-Skills		Cell-Skills/resources/official-source-map.md	cell;molecular;star;complete story;press;complete mechanistic;resource availability;converging;reports medicine;etoc;resources resource;hypothesis-driven;mendeley;blurb;highlights;summary;rung;convergence causality;mechanism convergence;perturbation;lines;graphical;nature science;elsevier default;story multiple;significance;bullets characters;alphabetical;paragraph words;mechanism broad;mechanistic story;phenomenon mechanism;date;legends;striking;off-style;fatal;code deposition;references;artifacts
cell-host-and-microbe	Cell Host & Microbe	breadth	journal	life-sciences	international	empirical	field		English-NaturalScience-Journal-Skills	English-NaturalScience-Journal-Skills/skills/cell-host-and-microbe/SKILL.md		host;cell;microbe;microbiome;press;star;pathogen;mechanistic;microbial;host-microbe;vivo;immunity;infection;viral;commensal;host-relevant;microorganisms;physiological rationale;immunology;bacterial;colonization;pathogenesis;molecular;effector;journal-of-experimental-medicine;translational;microbiology;host-pathogen;non-negotiable;immune;materials availability;hosts;code materials;vitro;accession numbers;purely descriptive;cellular;deposition;biology;functional
cell-metabolism	Cell Metabolism	breadth	journal	life-sciences	international	empirical	field		English-NaturalScience-Journal-Skills	English-NaturalScience-Journal-Skills/skills/cell-metabolism/SKILL.md		metabolism;metabolic;cell;vivo;physiology;disease;phenotype;mechanistic;metabolomics;biological variable;star;physiological;epistasis;metabolite;animal;diabetes;aging;longevity;mitochondrial;mtor;mouse;insulin;cancer;press;genetic;fuel;tolerance;deposition;justification;tissue;energy;tracing;biology;interactions;action identify;adapt nutrients;addressed experimental;addressed structure;advance extremely;advance immuno-metabolism
cell-reports-medicine	Cell Reports Medicine	breadth	journal	life-sciences	international	empirical	field		English-NaturalScience-Journal-Skills	English-NaturalScience-Journal-Skills/skills/cell-reports-medicine/SKILL.md		clinical;cell;translational;reports medicine;human-relevant;validation;disease;reagent;mechanistic;biomarker;press;cohort;organoids;human;cohorts;patient;pride dbgap;primary samples;target discovery;controlled-access;repositories pride;vivo;cardiovascular medicine;registration consort;disease-mechanism;general medical;infectious;observation;science-translational-medicine;clinically;clinical-trial;correlation alone;antibody;approvals;iacuc;oncology;nature-medicine;therapeutic;star;independent
cell-stem-cell	Cell Stem Cell	breadth	journal	life-sciences	international	empirical	field		English-NaturalScience-Journal-Skills	English-NaturalScience-Journal-Skills/skills/cell-stem-cell/SKILL.md		cell;stem;stem-cell;vivo;reprogramming;mechanistic;adult;star;pluripotency;cells;ipsc;cellular;lineage tracing;press;lines;etoc;embryo;ipscs;progenitor;sequencing omics;graphical;lineage specification;therapeutic;disease;mouse strains;omics deposition;rrids;biology;molecular;translational;antibodies;cell-line;organoid;developmental;blurb;regeneration;human;organoids;regulation;clinical
developmental-cell	Developmental Cell	breadth	journal	life-sciences	international	empirical	field		English-NaturalScience-Journal-Skills	English-NaturalScience-Journal-Skills/skills/developmental-cell/SKILL.md		developmental;cell;cell-biological;phenotype;biology;cell-biology;stem-cell;molecular mechanism;mechanistic;star;morphogenesis;organogenesis;epistasis;rescue;regeneration;imaging;morphometry;transcriptomics genomics;tissue;cell-stem-cell;organs;polarity;mechanism better;plasmids;mechanistically;organelle;morphological;press;genetic;strains;organisms;organoids;quantified;primary advance;animal ethics;titles;biologists;vivo;gene;acts
molecular-cell	Molecular Cell	depth	journal	life-sciences	international	empirical	field		Molecular-Cell-Skills		Molecular-Cell-Skills/resources/official-source-map.md	molecular cell;cell cell;physiological;cell press;orthogonal;cell reports;reconstitution;star;single-mechanism;resource availability;protein;phenotype;molecular mechanism;orthogonality;residue;resources resource;rung;deep mechanism;nsmb;deep molecular;proven;biochemistry structure;build molecular;decide molecular;descriptive correlative;emdb pride;molecular step;molecular-cell home;point-mutant;press numbered;reagent transparency;separation-of-function;superscript;causality;cartoon;cell home;molecular question;signature cell;mechanistic;cell wants
nature-cell-biology	Nature Cell Biology	breadth	journal	life-sciences	international	empirical	field		English-NaturalScience-Journal-Skills	English-NaturalScience-Journal-Skills/skills/nature-cell-biology/SKILL.md		cell-biological;cell;biology;nature;cell-biology;molecular;disease;developmental;imaging;vivo relevance;organelle;developmental-cell;mechanistic;reporting summary;molecular-cell;argument generality;intercellular;image;portfolio;fluorescence;membrane trafficking;principle;cytoskeletal;communication;genetics;level;signaling;death;orthogonal;nature-genetics;quantification;microscopy;primary advance;animal;phenotype;summary required;biologists;human-subjects;cells;cancer
the-plant-cell	The Plant Cell	breadth	journal	life-sciences	international	empirical	field		English-NaturalScience-Journal-Skills	English-NaturalScience-Journal-Skills/skills/the-plant-cell/SKILL.md		plant;cell;molecular;aspb;mutant;mechanistic;biology;cellular;plants;transcriptional;phenotype;gene;pathway;genome-wide;metabolism;applied agronomy;development stress;seed stock;yeast-two-hybrid;regulation;complementation;biologists;biotechnology;multiple independent;sequence;stress responses;phenotypic;immunity;crop;mechanism established;antibody;appropriate controls;reagent;biorxiv;physiology;mechanisms;explained;claims require;ecology;preprints
language-linguistic-society	Language Linguistic Society	depth	journal	linguistics	international	empirical	field		Language-Linguistic-Society-Skills		Language-Linguistic-Society-Skills/resources/official-source-map.md	language;phonology;linguistics;subfield;linguistic;semantics;frameworks;syntax;discussion note;theoretically grounded;typological;lang-theory-building;cross-framework;variation change;society america;glossed;rival;double-anonymous;grounded claim;linguist outside;sheet;tension;nllt;sociolinguistics;historical;cambridge;whole discipline;phonetics;commentary;theoretical claim;perspectives;engages;subfields;cross-subfield;engage;general claim;generalization;corpus;formalism;morphology
academy-of-management-annals	Academy of Management Annals	depth	journal	management	international	review	field		Academy-of-Management-Annals-Skills		Academy-of-Management-Annals-Skills/resources/official-source-map.md	annals;academy management;amann-organizing-framework;amann-proposal-framing;proposal;amann-literature-synthesis;amann-submission;amann-workflow;animating problem;integrability;management management;management organization;amann-topic-selection;portal preflight;attitude;fragmented;annals-shaped;management annual;seeing field;agenda;fragmentation;problem field;streams;integrative;gather literature;contradictory;mature;academy-of-management-annals-skills;allied;amann-evidence-standards;amann-revision;amann-tables-figures;annual outlets;becomes researchable;commissioned high-level;five tests;focused piece;fractured;high-level reviews;integrable
academy-of-management-journal	Academy of Management Journal	depth	journal	management	international	empirical	FT50 / UTD24	FT50	Academy-of-Management-Journal-Skills		Academy-of-Management-Journal-Skills/resources/official-source-map.md	academy management;theoretical;amj-contribution-framing;division;tension;focal;boundary;amj-data-analysis;problematization;discussion;amj-theory-development;conversation;phenomenon;gap-spotting;practical implications;construct;panel experiments;hypotheses;entrepreneurship;strong empirical;theory lens;empirical contribution;intro;theories;flaws;future;contribution sentences;practical relevance;priori;literatures;assumption;amj-literature-positioning;amj-methods;amj-rebuttal;cares tests;confirmation obvious;contribution meaningful;criteria strong;divisional;every criteria
academy-of-management-review	Academy of Management Review	depth	journal	management	international	theory	FT50 / UTD24		Academy-of-Management-Review-Skills		Academy-of-Management-Review-Skills/resources/official-source-map.md	academy management;existing theory;puzzle;construct;theoretical;amr-theory-development;conversation;challenge;propositions;prior theory;constructs;amr-data-analysis;extend;conversations;view;machinery;relational;contradiction;theorized;scholars;stream;amr-literature-positioning;dyer;seminal;shared assumption;singh;reconceptualization;moderator;none;logic;relabel;tension;build theory;relabeling;significantly;relationships;phenomenon;boundary conditions;theory predicts;implications theory
administrative-science-quarterly	Administrative Science Quarterly	depth	journal	management	international	empirical	FT50 / UTD24	SSCI	Administrative-Science-Quarterly-Skills		Administrative-Science-Quarterly-Skills/resources/official-source-map.md	administrative science;science quarterly;puzzle;organizational;conversation;surprise;organizations;theoretical;organization;tension;generativity;surprising;asq-methods;ethnographic historical;grounded-theory ethnographic;quarterly qualitative;prevailing view;reframing mechanism;boundary;data-to-theory;prior overturned;construct process;inductive;theory sociology;anomaly;insight;contribution claim;quantitative;craft;setting;asq-theory-development;asq-topic-selection;barley;cohen march;common profile;contribution summary;deep often;founding james;garbage-can;gulch
chinese-journal-of-management-science	Chinese Journal of Management Science	depth	journal	management	international	empirical	field		Chinese-Journal-of-Management-Science-Skills		Chinese-Journal-of-Management-Science-Skills/resources/official-source-map.md	国管理科;管理科学;chinese management;management science;优化建模;方法增量;决策;数据驱动;预测;可命名;妹刊分流;姊妹刊分;工程实证;据驱动预;融工程实;调度;金融工程;理科学学;cjms;zgglkx;充电;指认;栏目;改进点;赛道;三问;模型;可落地;策变量;近三年;选题;问题;情境;科学学报;检验;运营;luogeng;real management;可指;无人
human-relations	Human Relations	depth	journal	management	international	empirical	field		Human-Relations-Skills		Human-Relations-Skills/resources/official-source-map.md	human relations;organization;humrel-theory-development;humrel-topic-selection;employment;humrel-literature-positioning;humrel-workflow;critical;social;humrel-methods;scoping screen;conversation;managerial;boundary;relational;relationships around;theoretical contribution;theoretical stake;constructive;substantive theoretical;organizational;humrel-contribution-framing;power identity;relations qualitative;socially;unique substantive;reframing mechanism;settled view;relation;generativity;labour;text human;critique;sibling;sociology;tension;analytical statistical;context lived;context plural;deconstructive intervention
human-resource-management	Human Resource Management	depth	journal	management	international	empirical	field		Human-Resource-Management-Skills		Human-Resource-Management-Skills/resources/official-source-map.md	human resource;resource management;management wiley;scholarly advance;hrmj;practice payoff;hr-system;hrm-theory-development;hrm-data-analysis;hrm-methods;ppsych;personnel psychology;bottleneck human;hrm-literature-positioning;hrm-topic-selection;hrm-workflow;talent;decision-maker;workforce;hr-practice;hrm-contribution-framing;verb;conversation;individual;employment;extend qualify;cause;halves;qualify reconcile;compensation;reconcile overturn;text human;unit;empirical methodological;didn;theoretical empirical;level;psychological;policy practice;academy management
international-organization	International Organization	depth	journal	management	international	empirical	field		International-Organization-Skills		International-Organization-Skills/resources/official-source-map.md	international organization;rationalist;generalizable theory;constructivist;international politics;cause effect;domestic-politics;debate;major cause;theory international;international level;international-relations;staff;institutions;bloc;io-literature-positioning;portable;institutionalist;international cross-border;note essay;cross-border phenomenon;security;rival;ir-specialist;phenomenon major;proofs final;re-run quantitative;formal;cambridge;bargaining;engage;case;trade;double-blind;cooperation;compliance;author-date footnotes;core international-organization;distinctive verification;exercise theory
journal-of-economic-behavior-and-organization	Journal of Economic Behavior and Organization	depth	journal	management	international	empirical	field	top-5	Journal-of-Economic-Behavior-and-Organization-Skills		Journal-of-Economic-Behavior-and-Organization-Skills/resources/official-source-map.md	jebo;behavioral;economic behavior;behavior organization;jebo-literature-positioning;jebo-topic-selection;jebo-workflow;jebo-identification;organizational;experimental economics;experiment observational;outside frictionless;knew;public economics;archetype;games;replication;mechanism-forward;disguised;simulation;pluralist;preferences;prediction;stance;adjacent reframe;belief heuristic;decision-making outside;demand effects;economic psychology;expecon policy;experiment empirics;experimental institutional;experimental-materials;experiments decision-making;frictionless textbook;heuristic institutional;institutional response;institutions experiments;journal-of-economic-behavior-and-organization;missing adds
journal-of-human-resources	Journal of Human Resources	depth	journal	management	international	empirical	field		Journal-of-Human-Resources-Skills		Journal-of-Human-Resources-Skills/resources/official-source-map.md	human resources;reconciliation;retirement;labor education;estimates;discrimination;education health;health development;estimate;policy-relevant;magnitude;schooling;field labor;microeconomics;enrollment;employment;policy lesson;comparative estimation;jhr-literature-positioning;tuition;sample;empirical-micro;nonrefundable;prior published;organizational behavior;magnitudes;bridge;points;design-based;economics;population;units;waivers;percentage;waiver;variation;unit;credible;applied-micro;archive plan
journal-of-law-economics-and-organization	Journal of Law Economics and Organization	depth	journal	management	international	empirical	field		Journal-of-Law-Economics-and-Organization-Skills		Journal-of-Law-Economics-and-Organization-Skills/resources/official-source-map.md	jleo;economics organization;institutional;organizational;governance;williamson;transaction-cost;jleo-identification;jleo-literature-positioning;agency;court;institutional-economics;jleo-topic-selection;jleo-workflow;weingast;north;contracts;legal;jleo-theory-model;theory-of-the-firm;organization science;institution;coase;frontier;hold-up;institutions-and-growth;jleo-robustness;legislature;market-outcome;science behavioral;positive-political-economy;institutions;political;price-theory;courts;firm;canonical anchors;boundary;object;applied-micro
journal-of-management	Journal of Management	depth	journal	management	international	empirical	field		Journal-of-Management-Skills		Journal-of-Management-Skills/resources/official-source-map.md	meta-analysis;management;jmgmt-contribution-framing;jmgmt-theory-development;jomgmt;jmgmt-data-analysis;proactivity;general-management;jmgmt-methods;jmgmt-workflow;discussion;construct;boundary;cross-subfield reach;jmgmt-literature-positioning;jmgmt-topic-selection;theoretical;intro;focal conversation;practical implications;synthesis;agenda;organization science;contribution sentences;jmgmt-tables-figures;meta;meta-analyses;entrepreneurship;topic-selection;implications specific;adjudication;organizational behavior;future;assumption;door;bottleneck;prior reviews;moderators;problematization;remote
journal-of-management-studies	Journal of Management Studies	depth	journal	management	international	empirical	field		Journal-of-Management-Studies-Skills		Journal-of-Management-Studies-Skills/resources/official-source-map.md	conversation;jms-theory-development;management;jms-contribution-framing;jms-literature-positioning;jms-data-analysis;named theoretical;jms-methods;jms-workflow;phenomenon;qualitative;organizational;organization;jms-topic-selection;challenge;multi-method;decision contingency;jms-tables-figures;jms-writing-style;sub-clause;puzzle;construct;actor decision;management-theory;sprawl;practice implication;entrepreneurial;over-claimed;orthodoxy;bottleneck;buried;theory practice;process;build;internationally;move;tension;camel;conceptually rich;condition restated
journal-of-management-world	Journal of Management World	depth	journal	management	china	empirical	中文管理顶刊	CSSCI	Journal-of-Management-World-Skills		Journal-of-Management-World-Skills/resources/official-source-map.md	管理世界;边际贡献;政策;务院发展;国务院发;院发展研;management world;究中心主;研究中心;国家战略;技能服务;本技能服;国情境;发展研究;心主办;际贡献四;维度;锚定;选题;学并重;学与经济;战略相关;理学与经;略相关性;经济学并;时使用;贡献四句;策含义;管理学;策落点;期刊匹配;审稿人;境契合度;实证大刊;情境契合;情境带来;服务国家;纯方法论;范实证大;跨国数据
management-review	管理评论	breadth	journal	management	china	empirical	field		Chinese-SocialScience-Journal-Skills	Chinese-SocialScience-Journal-Skills/skills/management-review/SKILL.md		管理;理评论;学院大学;科学院大;国情境;方法;理论;表信效度;量表信效;英文对照;审稿系统;理科学;投稿;公司治理;程匿名审;网上审稿;理理;共同方;法偏差;档案;国科学院;序编码标;理学术月;码标注制;编码标注;顺序编码;全程匿名;实证也要;证也要回;人力资源;例与混合;文摘要约;样本来源;案例与混;测量规范;偏差检验;情境解释;组织行为;营销;官方
nankai-business-review	Nankai Business Review	depth	journal	management	china	empirical	field	CSSCI	Nankai-Business-Review-Skills		Nankai-Business-Review-Skills/resources/official-source-map.md	nankai;管理;南开管;business;理评论;理科学学;科学学报;mediation;理世界;构念;理论;定理证明;观政策评;财务实证;贡献落点;moderation;数理模型;念关系;董事会;china context;reliability validity;治理;本刊;政策评估;会计研究;moderated;国工业经;nbr-theory-gap;事会过程;创新投入;念间关系;来稿规范;正式层级;理偏;理学视角;稿规范说;规范说明;财务后果;非正式层;高管认知
organization-and-management	组织与管理	breadth	journal	management	china	empirical	field	CSSCI	Chinese-SocialScience-Journal-Skills	Chinese-SocialScience-Journal-Skills/skills/organization-and-management/SKILL.md		组织与管;织与管理;组织理论;同名;组织学专;织学专刊;organization management;组织行为;台湾组织;国际企业;管理学会;际企业管;大陆;哪一份;名刊;共同方法;同方法偏;方法偏差;表信效度;量表信效;理论贡献;确认;核验;官方;切主办方;口径的组;层面的理;径的组织;战略与科;标刊官网;理论与组;用户所指;略与科技;目标刊官;确切主办;管理实务;组织研究;织理论缺;经济评估;认后的目
organization-science	Organization Science	depth	journal	management	international	empirical	field		Organization-Science-Skills		Organization-Science-Skills/resources/official-source-map.md	organization science;overall contribution;organizational;micro;macro;inductive;contribution statement;organization-theory;informs;source theory;organizations;contribution source;cover-letter contribution;levels;novelty neither;orgsci-contribution-framing;social relevance;contribution novelty;economics psychology;theory-driven;cross-level;eclectic;mechanism social;neither necessary;theory setting;setting mechanism;conversation;management science;meso;sociology economics;theoretical novelty;level;compare empirical;depth management;interdisciplinary organization;methodological insight;organization whether;paragraph cover-letter;pass organization;quantitative operations
organization-studies	Organization Studies	depth	journal	management	international	qualitative/mixed	field		Organization-Studies-Skills		Organization-Studies-Skills/resources/official-source-map.md	organization;conversation;orgstud-methods;orgstud-theory-development;move;theoretical;tension;orgstud-data-analysis;orgstud-workflow;process;institutional;sensemaking;orgstud-literature-positioning;orgstud-topic-selection;critical;phenomenon;assumption-failure;logics;intro discussion;puzzle;sentence contribute;questions opens;practice;organization-theory;qualitative;ceiling;canonical anchors;management;seen;accurately generously;argument careful;careful reflexivity;conditions questions;empirical material;evidence-theory;exactly mechanism;exactly theory;forces amendment;foucauldian;framing would
strategic-management-journal	Strategic Management Journal	depth	journal	management	international	empirical	FT50 / UTD24	SSCI	Strategic-Management-Journal-Skills		Strategic-Management-Journal-Skills/resources/official-source-map.md	strategic;advantage;strategy;performance competitive;management;firm;stream;managerial summary;alliance;move sentence;conversation;believe;unit;capabilities;competitive dynamics;mechanism tension;smj-literature-positioning;templates resources;leadership;endogeneity;entrepreneurship;focal construct;nonmarket;contingency;boundary;scholars;choice;dyad;corporate;governance;central question;identification;connects explicitly;experience helps;explicitly performance;falsifiable contribute;helps performance;pisano;reverse causality;shuen
journal-of-management-sciences-in-china	Journal of Management Sciences in China	depth	journal	management/OR	china	empirical	field	CSSCI	Journal-of-Management-Sciences-in-China-Skills		Journal-of-Management-Sciences-in-China-Skills/resources/official-source-map.md	理科学学;科学学报;管理科学;management sciences;sciences china;数理;模型;经验数据;管理世界;性质;决策变量;南开管理;开管理评;jmsc;管理评论;不对口;证明;形态;博弈;补贴;交付物形;去掉经验;据后剩什;掉经验数;数据后剩;核心结论;行为运作;剩什么;算法;jmsc-problem-formulation;留存;回归;明的性;propositions;本刊;研究;proof algorithm;可证;proven;chars
journal-of-consumer-psychology	Journal of Consumer Psychology	depth	journal	marketing	international	empirical	field		Journal-of-Consumer-Psychology-Skills		Journal-of-Consumer-Psychology-Skills/resources/official-source-map.md	consumer;psychological;psychology;marketing;process;jcp-methods;jcp-theory-development;moderation;jcp-data-analysis;effect;mental;jcp-workflow;consumption;mediator;psych;jcp-literature-positioning;jcp-topic-selection;interpretive;consumer-psychology;reconciliation;mind;effect-level;thinks mechanism;topics fail;contribution sentence;phenomenon;consumer-psych;lane;consumers;overturned;belief;conflicting;experimentally;persuasion;non-obvious;sibling;emotion;argument missing;consumer-relevant;contradiction absence
journal-of-consumer-research	Journal of Consumer Research	depth	journal	marketing	international	empirical	FT50 / UTD24		Journal-of-Consumer-Research-Skills		Journal-of-Consumer-Research-Skills/resources/official-source-map.md	consumer;consumption;base discipline;relevance contribution;marketing;conceptual contribution;anthropology sociology;contribution statement;consumers;advances deepens;consumer-research;culture theory;deepens repudiates;repudiate;psychology anthropology;deepen;sociology economics;conversation;double-anonymized;anthro-soc;behavior conduct;jcr-contribution-framing;jcr-methods;psych;multi-disciplinary;interdisciplinary;theory advance;effect theory;managerial;advancing understanding;criterion advancing;experiments interpretive;jcr-data-analysis;jcr-specific;least base;discipline psychology;overriding;question conceptual;target theory;consumer-behavior
journal-of-international-marketing	Journal of International Marketing	depth	journal	marketing	international	empirical	field		Journal-of-International-Marketing-Skills		Journal-of-International-Marketing-Skills/resources/official-source-map.md	international marketing;countries;country;vacancy;invariance;cross-border;domestic;export;jibs;global;cross-national;borders;multi-country;cavusgil;jim-theory-development;jim-workflow;cross-cultural;consumer;profiles;international dimension;brand;stream;managerial;inconsistency;markets;columns;moderator;boundary;actor action;border-crossing;context extension;ethnocentrism;exporting;globalness;jim-contribution-framing;jim-data-analysis;jim-literature-positioning;jim-methods;jim-rebuttal;relabel test
journal-of-marketing	Journal of Marketing	depth	journal	marketing	international	empirical	FT50 / UTD24		Journal-of-Marketing-Skills		Journal-of-Marketing-Skills/resources/official-source-map.md	marketing;substantive;new-context;policy societal;managerial;jm-contribution-framing;brand;customer;maker;empirics-first;makers;managers policy;tent;coeditor;jm-data-analysis;prevailing understanding;conversation;consequential;phenomenon;dual mandate;reversal;consumers;societal relevance;existing context;impactful thought-leading;jm-fit;jm-theory-development;jm-topic-selection;secondary qualitative;big-tent;decision-changing;experiment field;scholarly practical;survey secondary;setting;welfare;industry country;outcome matters;sales;defense
journal-of-marketing-research	Journal of Marketing Research	depth	journal	marketing	international	empirical	FT50 / UTD24	FT50	Journal-of-Marketing-Research-Skills		Journal-of-Marketing-Research-Skills/resources/official-source-map.md	marketing;behavioral;substantive;managerial;econometric;genre;consumer;prefixed;exact-statistics;axis;dual;identification;modeling;jmr-methods;methods- modeling-forward;researchers learn;text target;methodological;structural;external tools;resources external;page limit;payoff;field experiments;genres;ledger;estimator;insight;credibility claim;default-framed;https journal-of-marketing-research;jmr-contribution-framing;jmr-data-analysis;jmr-rebuttal;journal-level;marketing-research;modeling-econometric;modeling-forward flagship;preregistered field;thorelli
journal-of-public-policy-and-marketing	Journal of Public Policy and Marketing	depth	journal	marketing	international	empirical	field		Journal-of-Public-Policy-and-Marketing-Skills		Journal-of-Public-Policy-and-Marketing-Skills/resources/official-source-map.md	marketing;consumer;public policy;agency;enforcement;stakeholder;stakeholders;contribution statement;advocacy;policy conversation;jppm-methods;jppm-workflow;regulator;conversation advance;policy contribution;labeling;jppm-data-analysis;jppm-theory-development;jppm-topic-selection;recommendation strength;regulatory record;rulemaking;privacy;warnings;actor;regulated;rule;cfpb;counterargument;decision could;decision-relevant unknown;financial well-being;macromarketing;statement conversation;unintended;firm;identification strength;marketers;lever;policymakers
journal-of-the-academy-of-marketing-science	Journal of the Academy of Marketing Science	depth	journal	marketing	international	empirical	field		Journal-of-the-Academy-of-Marketing-Science-Skills		Journal-of-the-Academy-of-Marketing-Science-Skills/resources/official-source-map.md	jams;marketing;managerial;consumer;academy;stream;jams-data-analysis;jams-theory-development;marketing-science;branding innovation;jams-contribution-framing;jams-methods;jams-topic-selection;jams-workflow;new-context;sales;maker;boundary;construct;jams-literature-positioning;units;consequential;relationship;contingency;reversal;already knew;magnitude;mediator;moderators;finance interface;jams-rebuttal;jams-writing-style;services retailing;sustainability stakeholder;condition;firm;channels;managerially;theoretical;dual
marketing-science	Marketing Science	depth	journal	marketing	international	empirical	FT50 / UTD24		Marketing-Science-Skills		Marketing-Science-Skills/resources/official-source-map.md	marketing;counterfactual;modeling;analytical;frontiers;mksc;primary dimension;substantive stream;informs;management science;demand supply;pricing advertising;structural;mksc-data-analysis;self-overlap;managerial;counterfactuals;pass;advertising digital;breadth management;decision margin;dominant dimension;economics specialist;lock demand;mksc-methods;mksc-theory-development;science wider;wider reach;analytics;reach quantitative;others;supply mechanism;game-theoretic;makes possible;genre;double-anonymous;important;branding;field learns;identification
advanced-materials	Advanced Materials	depth	journal	materials-science	international	empirical	field		Advanced-Materials-Skills		Advanced-Materials-Skills/resources/official-source-map.md	advanced materials;mater;broad impact;property;material mechanism;incremental optimization;trade-off;advanced science;materials interfaces;out-of-subfield;wiley;typeset;characterization;design rule;device;gate;central advance;communication;supporting information;batteries photovoltaics;catalysis electronics;chemistry nanotechnology;cover-quality;electronics optoelectronics;impact grounds;impact named;nanotechnology energy;novelty impact;optoelectronics biomaterials;photovoltaics catalysis;prose advanced;record number;sentence material;materials science;advanced functional;science materials;principle;advance broad;advance material;funct
annals-of-mathematics	Annals of Mathematics	depth	journal	mathematics	international	theory	field		Annals-of-Mathematics-Skills		Annals-of-Mathematics-Skills/resources/official-source-map.md	annals;mathematics;pure-mathematics;princeton;math;proof;anmath-scope-fit;problem program;correct incremental;lasting;importance;exposition;major;anmath-referee-strategy;anmath-results-framing;architecture fixed;clearly easy;incremental off-fit;institute advanced;program advances;published department;recognized problem;university institute;significance;gaps;theorem-and-proof;complete correct;theorem;specialist;deep;difficulty;lemmas;priority;settles;beyond subfield;experts;hard;fatal;originality;expert
jama	JAMA	depth	journal	medicine	international	empirical	field		JAMA-Skills		JAMA-Skills/resources/official-source-map.md	jama;clinician;original investigation;patient-relevant;clinical;american medical;general-medical-importance;medical association;importance;general medical;network specialty;trial;primary outcome;off-fit;consort;diagram;design write;subspecialty;article-type match;cohort diagnostic;confirms compliance;design hierarchy;hierarchy question;https jamanetwork;pilots uncontrolled;sizes multiplicity;underpowered pilots;icmje;mortality;surrogate;specialty field;stat;treatment prevention;stard;prisma;diagnosis treatment;diagnostic-accuracy;points;single-center;word format
lancet	Lancet	depth	journal	medicine	international	empirical	field		Lancet-Skills		Lancet-Skills/resources/official-source-map.md	lancet;public-health;globally;equity;global;clinical;family title;context panel;diagram;rung;declaration interests;high-income;interpretation funding;lens scores;likely change;relevant likely;clinically;cautious;change practice;scores importance;single-centre;study-flow;global-health;trial;nejm jama;policy-changing;lmic;specialty title;pre-specified;guideline;health;headings;eclinicalmedicine;gender plus;https thelancet;interests role;lancet-;policy often;sager;sharing statement
nejm	NEJM	depth	journal	medicine	international	empirical	field		NEJM-Skills		NEJM-Skills/resources/official-source-map.md	nejm;clinical;rigor generalizability;trial;surrogate;specialty;practice-changing;diagram;england;lancet jama;icmje;absolute risk;consort flow;display items;outcome;broad practice;circulation blood;narrow population;nejm-study-design;number funding;participant flow;terse imrad;vancouver;methodological rigor;registration;intention-to-treat;mandatory prospective;protocol statistical;pre-specified;equator reporting;kaplan meier;statistical plan;background conclusions;impact;patient-important;subgroups;early-phase;headed;sober;gates
the-lancet	The Lancet	breadth	journal	medicine	international	empirical	field		English-NaturalScience-Journal-Skills	English-NaturalScience-Journal-Skills/skills/the-lancet/SKILL.md		lancet;global-health;clinical;public-health;consort;added value;equity;trials;social determinants;burden;prisma;policy-changing;strongly encouraged;value panel;data-sharing statement;systematic;trial;practice;randomised;pre-registered;health;meta-analyses;adherence;informed-consent;icmje;participant;prospero;observational;sharing;definitive;disease;strobe;global;ethics approval;scale;current word;registration;reviews;absence data-sharing;accurately distinguishes
the-lancet-diabetes-and-endocrinology	The Lancet Diabetes & Endocrinology	breadth	journal	medicine	international	empirical	field		Clinical-Medicine-Journal-Skills	Clinical-Medicine-Journal-Skills/skills/the-lancet-diabetes-and-endocrinology/SKILL.md		diabetes;endocrine;endocrinology;metabolic;lancet;clinical;trials;patient-important;obesity;pituitary bone;adrenal pituitary;thyroid;practice-changing;confounding pleiotropy;major-trial;pleiotropy bias;population;specialty;bone mineral;mineral reproductive;stard;basic-science;prisma;prospective cohorts;strobe;consort;international;role-of-funding-source;registration;single-center;protocol;statement data-sharing;data-sharing statement;generalizability;diabetologia;reporting checklist;surrogate-only endpoints;icmje;endpoint;bias missing
the-lancet-digital-health	The Lancet Digital Health	breadth	journal	medicine	international	empirical	field		English-NaturalScience-Journal-Skills	English-NaturalScience-Journal-Skills/skills/the-lancet-digital-health/SKILL.md		clinical;digital;consort-ai;spirit-ai;lancet;health;clinically;tripod-ai;informatics;medicine;context panel;bias generalizability;patient;approval consent;interventions;external validation;meaningful;tripod;demonstrated credible;digital-health;digital-intervention;health-informatics;internal cross-validation;prediction diagnostic;relevant performance;telemedicine;subgroup;data-access;externally;representativeness bias;ethics approval;prisma;metrics alone;strobe;performance reported;science translational;equity;cell reports;performance metrics;remote
the-lancet-infectious-diseases	The Lancet Infectious Diseases	breadth	journal	medicine	international	empirical	field		English-NaturalScience-Journal-Skills	English-NaturalScience-Journal-Skills/skills/the-lancet-infectious-diseases/SKILL.md		infectious;diseases;vaccine;lancet;clinical;epidemiological;outbreak;public-health;value panel;modelling;trial;trials;added value;global-health;epidemiology;efficacy;antimicrobial;correlates;burden;primary endpoint;antiviral;epidemic;genomic-epidemiology;immunogenicity;specify repository;strega;genomic;ethics approval;equity framing;health-systems;especially;repository accession;pathogen;effectiveness;identifier;consort;protection;policy implications;investigation;family
the-lancet-neurology	The Lancet Neurology	breadth	journal	medicine	international	empirical	field		English-NaturalScience-Journal-Skills	English-NaturalScience-Journal-Skills/skills/the-lancet-neurology/SKILL.md		neurological;neurology;lancet;clinical;disease;trials;trial;value panel;neuroimaging;burden;added value;phase;biomarker;dementia;harmonisation;multiple sclerosis;multisite;neuroepidemiology;patient-centred functional;patients-at-risk hazard;epidemiological;neuroscience;disease-burden;incidence prevalence;pre-specified;epilepsy;parkinson;consort;current standard;hazard ratios;kaplan-meier;primary endpoints;translational;disability;randomised;standard care;stroke;endpoint;global-health;imaging
the-lancet-oncology	The Lancet Oncology	breadth	journal	medicine	international	empirical	field		English-NaturalScience-Journal-Skills	English-NaturalScience-Journal-Skills/skills/the-lancet-oncology/SKILL.md		oncology;cancer;lancet;trial;clinical;survival;phase;added value;tumour;trials;patients-at-risk;hazard ratios;value panel;consort flow;single-arm;epidemiology;biomarker;subgroup;independent data-safety;pre-specified;clearly labelled;data-safety monitoring;monitoring board;kaplan-meier;flow diagram;patient population;translational;correlative;randomised;standard care;exploratory;sponsor;endpoint;practice-changing;competing-interests disclosure;informed consent;rare;analyses;landmark;nature-medicine
the-lancet-psychiatry	The Lancet Psychiatry	breadth	journal	medicine	international	empirical	field		Clinical-Medicine-Journal-Skills	Clinical-Medicine-Journal-Skills/skills/the-lancet-psychiatry/SKILL.md		psychiatry;mental-health;lancet;clinical;patient-important;neuroscience;population;lived experience;pilots;reverse causation;policy-changing;mental;practice-;trials;adversity;illness social;physical illness;underpowered single-site;epidemiological;confounding reverse;prisma;globally relevant;stigma;strobe;consort;role-of-funding-source;registration;protocol;statement data-sharing;data-sharing statement;reporting checklist;specialty;disorders;icmje;endpoint;jama;observational;practice policy;outcomes;global
the-lancet-public-health	The Lancet Public Health	breadth	journal	medicine	international	empirical	field		Clinical-Medicine-Journal-Skills	Clinical-Medicine-Journal-Skills/skills/the-lancet-public-health/SKILL.md		lancet public;population-level;public health;population-health;epidemiology;individual-level;modelling;public-health;population;clinical;data-governance approvals;protocol specification;strobe consort;denominator;policy equity;gather;lancet specialty;consort prisma;approvals icmje;confounding secular;decision value;ecological bias;equity dimension;policy natural;registration applicable;secular trends;trends ecological;checklist strobe;burden;health-equity;inequalities;interventions;role-of-funding-source;specialty general;reporting checklist;respiratory;assumptions;global-health;natural experiments;intervention
the-lancet-respiratory-medicine	The Lancet Respiratory Medicine	breadth	journal	medicine	international	empirical	field		Clinical-Medicine-Journal-Skills	Clinical-Medicine-Journal-Skills/skills/the-lancet-respiratory-medicine/SKILL.md		respiratory;critical-care;lancet;medicine;clinical;practice-changing;patient-important;trials;lung;ventilation;infection sleep;interstitial;lung-cancer;specialty;asthma copd;confounding immortal-time;mechanistic basic-science;pulmonary vascular;stard;disease;prisma;intensive-care;prospective cohorts;strobe;consort;role-of-funding-source;registration;single-center;protocol;immortal-time bias;statement data-sharing;data-sharing statement;policy consequence;generalizability;trial;blue;reporting checklist;surrogate-only endpoints;international;icmje
accounts-of-chemical-research	Accounts of Chemical Research	breadth	journal	natural-science	international	empirical	field		English-NaturalScience-Journal-Skills	English-NaturalScience-Journal-Skills/skills/accounts-of-chemical-research/SKILL.md		accounts;chemical;account;group;recognised;program;comprehensive;chemical-society-reviews;personal;length limit;chemical-reviews;sustained;unsolicited;thesis;field-wide;graphical;coherent narrative;chemistry;field primary;sub-field;first-person;surprises;unpublished;largely invited;heading;reviews;intellectual;body;concise;produced;researcher;trace;invitation;acknowledged fairly;acknowledgement related;adjacent primary;applies current;assessed rigorously;believes field;biography required
acs-catalysis	ACS Catalysis	breadth	journal	natural-science	international	empirical	field		English-NaturalScience-Journal-Skills	English-NaturalScience-Journal-Skills/skills/acs-catalysis/SKILL.md		catalysis;catalytic;catalyst;photocatalysis;electro-;characterization;activity;situ;homogeneous;mechanistic;faradaic;operando;standardized;kinetics;selectivity;metrics controls;organocatalysis;reaction;heterogeneous;biocatalysis;stability reproducibility;catalysts;primary-research;experimental detail;performance;electrocatalysis;transformations;efficiency;reactions;active;labeling;spectroscopy;computation;appropriate controls;reduction;correction;proper;yield;together;supporting information
acs-central-science	ACS Central Science	breadth	journal	natural-science	international	empirical	field		English-NaturalScience-Journal-Skills	English-NaturalScience-Journal-Skills/skills/acs-central-science/SKILL.md		chemistry;central science;chemical;broadly important;central broadly;license terms;centrality;central importance;spectra;supporting information;advance central;evidentiary;crystallographic;interface;broad central;cent;claims meet;field touch;interdisciplinary claims;no-charge;reach central;length reference;every field;information quantitative;replication error;wide;compounds materials;characterization;energy;reference expectations;open-access;single subfield;ccdc;jacs;subfields;rigorous;discoveries;spectroscopic;driver;high-impact
acs-energy-letters	ACS Energy Letters	breadth	journal	natural-science	international	empirical	field		English-NaturalScience-Journal-Skills	English-NaturalScience-Journal-Skills/skills/acs-energy-letters/SKILL.md		energy;letters;cells;significant advance;certification;community relevance;timely;electrochemical;full-length;cross-check;efficiency capacity;literature frontier;reproducibility statistics;reported conditions;single significant;electrocatalysis;fuel;photovoltaics;devices;stability;supporting information;concise;emerging solar;information letter;mechanistic operando;needed trust;optimization comprehensive;photoelectrochemistry;uncertainty comparison;batteries;joule;brevity;alone scientifically;areas loadings;best literature;display limits;frontier efficiency;immediate community;letter word;perovskite
acs-nano	ACS Nano	breadth	journal	natural-science	international	empirical	field		English-NaturalScience-Journal-Skills	English-NaturalScience-Journal-Skills/skills/acs-nano/SKILL.md		nanoscale;nano;nanoparticle;nanoscience;nanotechnology;characterization;graphic;bulk measurements;nanostructure;size distributions;variant;biomedical;device;control experiments;broad interdisciplinary;performance advance;statistically representative;toxicity;chemical;phenomena;in-vitro;letters;synthesis;standardized;chemistry;materials;conceptual;state-of-the-art;insufficient;essential;scales;publications;main-text;synthetic;word limit;functional;accessible larger;accurately represents;actively desk-rejected;actual advance
acta-mathematica	Acta Mathematica	breadth	journal	natural-science	international	empirical	field		English-NaturalScience-Journal-Skills	English-NaturalScience-Journal-Skills/skills/acta-mathematica/SKILL.md		acta mathematica;mathematics;number theory;geometry;institut;mittag-leffler;strong correct;extremely;significant enough;unverified computation;lasting;exposition;referee-verifiable;generalist;computer-assisted;arithmetic;introduces;pure-mathematics;theorems;international press;lemmas;classification;topology;apex;assigned accurately;precisely cited;proved precisely;folklore;major advance;mathematical physics;prior concurrent;algebra;latex;algebraic;cross-area;influence;reliance;geometric;importance;introduce
advanced-energy-materials	Advanced Energy Materials	breadth	journal	natural-science	international	empirical	field		English-NaturalScience-Journal-Skills	English-NaturalScience-Journal-Skills/skills/advanced-energy-materials/SKILL.md		energy;materials;advanced;performance;device;cells;structure-property;stability;benchmark-relevant;electrochemical;reported conditions;situ operando;loadings;fuel;solar;wiley;cell testing;silicon tandem;joule;efficiency;best literature;ideally situ;perovskite;system relevance;conditions uncertainty;current densities;direct comparison;electrocatalysis photocatalysis;field-appropriate protocols;characterization;high-impact;devices;duration;energy-materials;mechanistic;electrode;organic;fabrication;measurable;interface
advanced-functional-materials	Advanced Functional Materials	breadth	journal	natural-science	international	empirical	field		English-NaturalScience-Journal-Skills	English-NaturalScience-Journal-Skills/skills/advanced-functional-materials/SKILL.md		materials;functional;advanced;device;structure-function;function;property;structure-function-application;performance;application;devices;magnetic;quantified;wiley;biomedical sensing;demonstrations follow;material delivers;operating-condition;protocols stability;understanding material;electronic optoelectronic;established characterization;relationship established;relevant state-of-the-art;stability reproducibility;conditions uncertainty;follow field-appropriate;state-of-the-art literature;functional-materials;photonic;mechanistic understanding;fabrication;energy;optical;soft;broadly significant;composition;demonstrated;supporting;chain
advances-in-mathematics	Advances in Mathematics	breadth	journal	natural-science	international	empirical	field		English-NaturalScience-Journal-Skills	English-NaturalScience-Journal-Skills/skills/advances-in-mathematics/SKILL.md		advances mathematics;mathematical;inventiones-mathematicae journal-of-the-american-mathematical-society;fully proved;pure mathematics;interest;elsevier;arguments;codes;significance broad;generalist;substantial;advances significance;topology number;field-reshaping;sketches unresolved;combinatorics;major areas;narrowly specialized;number theory;unresolved cases;geometry topology;algebra;claim fully;post arxiv;proof;theorems;stating main;expository;posting;sub-fields;every claim;sub-community;excellent;complete;routine;advances inventiones-mathematicae;advances significant;advances sits;advances-in-mathematics advances
angewandte-chemie-international-edition	Angewandte Chemie International Edition	breadth	journal	natural-science	international	empirical	field		English-NaturalScience-Journal-Skills	English-NaturalScience-Journal-Skills/skills/angewandte-chemie-international-edition/SKILL.md		angewandte;chemie;chemistry;acie;gdch;international edition;crystal;characterisation;angew;communication;compounds;jacs;mechanistic;chem;spectroscopic;conceptual practical;example established;practical advance;preliminary central;communications;computational;minireviews;complete preliminary;fully supported;high-level;labelling;wiley;comprehensive;significance paragraph;spectral;chemical;claim fully;ccdc;substrate;inorganic;graphical;nature-chemistry;journal-of-the-american-chemical-society;broadest;catalysis
annals-of-internal-medicine	Annals of Internal Medicine	breadth	journal	natural-science	international	empirical	field		English-NaturalScience-Journal-Skills	English-NaturalScience-Journal-Skills/skills/annals-of-internal-medicine/SKILL.md		internal medicine;annals;clinical;adult internal;limitation paragraph;primary funding;source line;internists;funding source;paragraph primary;reproducible-research;grade;systematic;tripod;mandatory limitation;medicine subspecialties;stard;pre-specified;diagnostic-accuracy;page-number;reporting-guideline checklist;infectious disease;pre-registered;adherence;prospero registration;icmje;guideline;clinicians;primary outcome;registered;oncology;trials;sensitivity analyses;original;secondary;observational;reviews;access competing;access statistical;actionable summaries
annual-review-of-astronomy-and-astrophysics	Annual Review of Astronomy and Astrophysics	breadth	journal	natural-science	international	empirical	field		English-NaturalScience-Journal-Skills	English-NaturalScience-Journal-Skills/skills/annual-review-of-astronomy-and-astrophysics/SKILL.md		astronomy;astrophysics;annual reviews;comprehensive;field authoritative;open questions;critical;subject;forward-looking agenda;enough synthesize;invited;mature enough;orientation;clarify state;commissioned status;near-term;synthesized clarify;active;editorial-committee;prospects;commissioning;synthesis;accurate current;compiled;balanced;attribution;reference expectations;astronomical;permissions;length reference;physics;students;proposing;formation;major;weighing;syntheses;invitation;groups;accumulated field
annual-review-of-ecology-evolution-and-systematics	Annual Review of Ecology, Evolution, and Systematics	breadth	journal	natural-science	international	empirical	field		English-NaturalScience-Journal-Skills	English-NaturalScience-Journal-Skills/skills/annual-review-of-ecology-evolution-and-systematics/SKILL.md		ecology evolution;evolution systematics;arees;annual ecology;annual reviews;comprehensive;consolidate;balanced;biological reviews;committee current;contested questions;disconfirming represented;hypotheses disconfirming;positions contested;target length;competing hypotheses;current target;summary-points;trends ecology;unresolved questions;synthesis;conceptual;broad readership;diversification;represented fairly;invitation;viewpoint;opinion;decade;future directions;authoritative;impose;invited;proposing;adaptation;coverage;evolutionary;meta-analysis;syntheses;dynamics
astronomy-and-astrophysics	Astronomy & Astrophysics	breadth	journal	natural-science	international	empirical	field		English-NaturalScience-Journal-Skills	English-NaturalScience-Journal-Skills/skills/astronomy-and-astrophysics/SKILL.md		astronomy;astrophysics;systematics;letters length;uncertainties;stellar;effects completeness;language-editing;reduction;quantitative comparison;editing;sciences;context aims;existing measurements;galaxies cosmology;heliosphere;vizier;instrumentation;completely enough;documented completely;interstellar medium;mnras;samples precisely;structured context;survey catalog;solar-system;atmospheres;exoplanets;data-archiving;machine-readable;european;arxiv policy;astrophysical;enough reproduce;astronomical;catalogs;latex class;observational;physics;length limit
astrophysical-journal-letters	The Astrophysical Journal Letters	breadth	journal	natural-science	international	empirical	field		English-NaturalScience-Journal-Skills	English-NaturalScience-Journal-Skills/skills/astrophysical-journal-letters/SKILL.md		apjl;astrophysical;astrophysics;unusual;letters;systematics;rapid;machine-readable;multi-messenger;urgency;length limit;astronomy;detection;general interest;significances;significance;timeliness;uncertainties;active debate;software citations;confirmation;detections;system-specific;transient;exoplanets;interstellar;gravitational-wave;high-energy;compressed;opening paragraph;full-length;instrument;quantified;cosmology;short-format;substantially;reduction;criteria;publication;aastex expected
atmospheric-chemistry-and-physics	Atmospheric Chemistry and Physics	breadth	journal	natural-science	international	empirical	field		English-NaturalScience-Journal-Skills	English-NaturalScience-Journal-Skills/skills/atmospheric-chemistry-and-physics/SKILL.md		atmospheric;copernicus;acpd;withstand;chemistry;aerosols;open public;public peer;clouds;interactive;calibration uncertainty;composition;atmospheric-science;characterization calibration;rigorous complete;full-length;thoroughly;physics;atmospheric-composition;dynamics rigorous;fair code;instrument characterization;rather rapid;designated;microphysics;public scrutiny;structural uncertainty;open-access licensing;evaluation observations;observations sensitivity;thorough;length conventions;full characterization;well-documented;formatting requirements;laboratory;repository persistent;cloud;uncertainty quantification;persistent identifiers
blood	Blood	breadth	journal	natural-science	international	empirical	field		English-NaturalScience-Journal-Skills	English-NaturalScience-Journal-Skills/skills/blood/SKILL.md		hematology;blood;hematologic;clinical;bone marrow;hematopoiesis;lymphoma;mechanistic;biology;oncology;hematopoietic;hemostasis;leukemia;myeloma;cell;coagulation;trial;benign;clonal;trials;disease;disorders;points;non-hematologic;platelet;sickle;transfusion;hematologists;human;pre-specified;accession number;malignancies;mutation;confirm current;translational;patient-derived;prisma arrive;reporting guideline;brief report;functional validation
chemical-reviews	Chemical Reviews	breadth	journal	natural-science	international	empirical	field		English-NaturalScience-Journal-Skills	English-NaturalScience-Journal-Skills/skills/chemical-reviews/SKILL.md		chemical reviews;accounts-of-chemical-research;literature coverage;unsolicited;chemical-society-reviews;comprehensive;critical;chemistry;rights clearance;primary literature;proposal;thematic;reproduced primary;questions explicitly;reviews largely;progress;merely descriptive;largely invited;rapidly;reactions;controversies;chem;disclosure ai-use;treatments;comprehensiveness;group;received;areas;open questions;sub-field;invitation;opinion;accuracy cited;accurate picture;addressed glossed;addresses includes;adds community;applications integrated;appropriate chemical;assessment conflicting
chemical-society-reviews	Chemical Society Reviews	breadth	journal	natural-science	international	empirical	field		English-NaturalScience-Journal-Skills	English-NaturalScience-Journal-Skills/skills/chemical-society-reviews/SKILL.md		tutorial;chem;society reviews;chemistry;chemical;literature coverage;learning points;critical;pedagogically;reviews follow;highlight;chemical-reviews;features;coverage current;learning objectives;objectives equivalent;reviews solicited;students non-specialists;graphical;template requirements;balanced;graduate students;publishes reviews;group;outlook;many;principles;unsolicited;future;rights;latex;accessibility starting;accounts-of-chemical-research primary;accurately described;achieve balance;actively considers;aimed graduate;alike understand;area unlike;areas branch
circulation	Circulation	breadth	journal	natural-science	international	empirical	field		English-NaturalScience-Journal-Skills	English-NaturalScience-Journal-Skills/skills/circulation/SKILL.md		cardiovascular;circulation;clinical;heart failure;jacc;scientific statements;translational;guideline;mechanistic;graphical standards;illustration graphical;trial;trials;central illustration;pre-specified;arrhythmia;tripod equivalent;bridge;documents;cardiac;biomarker;cardiology;consent documentation;epidemiologic;updates;primary endpoint;device;confounding control;molecular biology;epidemiology;genetic;observational;adaptive designs;america publishes;analyses encouraged;animal cell-based;area applicable;area heart;arrive tripod;atherosclerosis stroke
classical-and-quantum-gravity	Classical and Quantum Gravity	breadth	journal	natural-science	international	empirical	field		English-NaturalScience-Journal-Skills	English-NaturalScience-Journal-Skills/skills/classical-and-quantum-gravity/SKILL.md		quantum gravity;relativity;gravitation;classical quantum;cosmology;broad-impact;gravitational-wave;gravitational;convergence;physics;modified-gravity;quantified uncertainties;spacetime;tests quantified;mathematical;numerical;derivations;available described;claims consistent;classical general;detail positioned;gw-analysis;numerical-relativity;observational constraints;theoretical observational;length notation;regimes validity;relativistic;black-hole;cosmological;notation conventions;waveform;re-derivation;modified;described sufficient;sufficient detail;solutions;asymptotic;completeness;complete
coordination-chemistry-reviews	Coordination Chemistry Reviews	breadth	journal	natural-science	international	empirical	field		English-NaturalScience-Journal-Skills	English-NaturalScience-Journal-Skills/skills/coordination-chemistry-reviews/SKILL.md		coordination;chemistry;coordination-chemistry;critical;metal;inorganic;theme;organometallic;catalysis;complexes;photophysics;bioinorganic;organize;elsevier;faithfully;supramolecular;reviews;chemical;bonding structure;field forward-looking;luminescence;organic frameworks;schemes structures;structure reactivity;well bounded;permissions;outlook;accurate attribution;energy sensing;mofs;review-type;stereochemistry;structural mechanistic;chemically;organizing principle;open questions;synthesized;forward-looking agenda;homogeneous;comprehensive
current-biology	Current Biology	breadth	journal	natural-science	international	empirical	field		English-NaturalScience-Journal-Skills	English-NaturalScience-Journal-Skills/skills/current-biology/SKILL.md		current biology;cell;neuron immunity;novel complete;animal behavior;ecology;star;immunity cancer;press;biologists;biological;biologist;developmental;focused;condensed;advance novel;answered merely;merely raised;report format;advance complete;evolutionary;accessible;evolution;genetics;replication appropriate;statistical power;field survey;title;question answered;neuroscience;molecular;code deposition;specialty;conceptual;accounts behavior;address sample;addressed important;advance even;advance greater;advance interesting
diabetes-care	Diabetes Care	breadth	journal	natural-science	international	empirical	field		English-NaturalScience-Journal-Skills	English-NaturalScience-Journal-Skills/skills/diabetes-care/SKILL.md		diabetes;care;clinical;glycemic;pre-specified;insulin;mechanistic animal;metabolic;trials;brief;delivery;randomized;tripod;multi-endpoint;rigorously controlled;cardiovascular;endpoints;endpoint;closed-loop;samples genetic;standards;applied translational;complication;primary layer;technology;type type;endocrinology;perspectives;human;reporting guideline;conclusions;industry;upload;guideline checklist;epidemiology;basic;validation;appropriate;access-to-care scale;accommodate complex
duke-mathematical-journal	Duke Mathematical Journal	breadth	journal	natural-science	international	empirical	field		English-NaturalScience-Journal-Skills	English-NaturalScience-Journal-Skills/skills/duke-mathematical-journal/SKILL.md		duke;mathematical;major significance;mathematics;fully proved;number theory;inventiones-mathematicae;university press;annals-of-mathematics;arguments;codes;geometry;narrowly;proof;sketches unresolved;top-tier;unresolved cases;claim fully;post arxiv;theorems;substantial;stating main;deep;expository;significance broad;posting;sub-fields;topology;every claim;extensions;depth;comparable;high-quality;routine;significant;area number;areas number;arrangements instructions;broad perhaps;broadly citation
earths-future	Earth's Future	breadth	journal	natural-science	international	empirical	field		English-NaturalScience-Journal-Skills	English-NaturalScience-Journal-Skills/skills/earths-future/SKILL.md		earth future;human-earth;earth-system;futures;language summary;scenario;future earth;physical human;sustainability;anthropocene;plain language;earth-system-futures;scenarios;human sides;projections;coupled;policy-facing;coupling;projection;single-discipline;resilience;geoscience;beyond supports;change human;future framing;interdisciplinary rigorous;rigor physical;uncertainty interdisciplinary;asserted beyond;human dimensions;framing around;integrated assessment;policy management;environmental change;interdisciplinary readership;earth system;feedbacks;choices;drivers;fair repository
ecology-letters	Ecology Letters	breadth	journal	natural-science	international	empirical	field		English-NaturalScience-Journal-Skills	English-NaturalScience-Journal-Skills/skills/ecology-letters/SKILL.md		ecology;letters;ecological;conceptual;evolutionary;supporting information;state single;theory mathematically;brevity;reveals general;theory reveals;wiley;general principle;site-specific;theoretical;current biology;ecologists;main text;deposited public;assembly;synthesizes;advance stated;ambition;comprehensive;inclusion;conceptually;public repository;evolution;word limit;code deposited;adaptation eco-evolutionary;advance exceptionally;advance identifiable;allowing main;american naturalist;analyses species-richness;appropriate fully;argument procedural;association centre;assumptions multi-system
elife	eLife	breadth	journal	natural-science	international	empirical	field		English-NaturalScience-Journal-Skills	English-NaturalScience-Journal-Skills/skills/elife/SKILL.md		elife;reviewed-preprint;evidential strength;assessment vocabulary;life-sciences;posted;important valuable;processed code;sciences biomedicine;digest;biology;life sciences;claimed significance;elifesciences;fundamental important;landmark fundamental;relevant type;valuable useful;peer-review reports;rigor reproducibility;publicly;preprint;ethos;traditional;significance level;consort;open-access;computational;neuroscience;biorxiv;transparency;public;cell;verify current;inadequate;deposition;ready;workflow;genomics;clinical
european-heart-journal	European Heart Journal	breadth	journal	natural-science	international	empirical	field		English-NaturalScience-Journal-Skills	English-NaturalScience-Journal-Skills/skills/european-heart-journal/SKILL.md		cardiovascular;guideline;european;message panel;multinational;clinical;registry;registries;imaging;heart;enrollment;tripod;committee standards;esc-sponsored;euroheart;human biomarker;pan-european;trial;circulation;graphical;consensus documents;biomarker genetic;jacc;evidentiary layer;primary evidentiary;oxford university;cardiology;university press;recommendations;primary endpoint;single-country;mechanistic;capture;epidemiology;practice;analyses;acceptable appropriate;addresses pure;adherence outcomes;advance human
foundations-of-computational-mathematics	Foundations of Computational Mathematics	breadth	journal	natural-science	international	empirical	field		English-NaturalScience-Journal-Skills	English-NaturalScience-Journal-Skills/skills/foundations-of-computational-mathematics/SKILL.md		foundations computational;focm;mathematics;complexity;numerical;computation interface;rates bounds;mathematical;theorems;foundational significance;math computation;continuous;convergence error;referee-verifiable;constants;proved;proofs;approximation;bounds stability;computational problem;rates assumptions;theory convergence;lemmas;classification;foundational advance;information-based;exposition;springer;computational geometry;improvement known;optimization;experiments;geometry topology;structural insight;computer-assisted;latex;illustrate;siam;algorithms;geometric
functional-ecology	Functional Ecology	breadth	journal	natural-science	international	empirical	field		English-NaturalScience-Journal-Skills	English-NaturalScience-Journal-Skills/skills/functional-ecology/SKILL.md		ecology;functional;ecological;trait;physiology;trait-based;physiological;traits;organism function;consequence;ecophysiology;life-history;biogeographic;mechanistic;organismal;evolutionary;allometric;behavioural metabolic;collection permits;community-pattern;intraspecific;linking organism;mechanism connect;phylogenetic non-independence;trait-environment;variation these;approved;measurements;life history;replication support;comparative;responses global;code archived;design replication;organisms;global change;inference;thermal;archiving;trade-offs
gastroenterology	Gastroenterology	breadth	journal	natural-science	international	empirical	field		English-NaturalScience-Journal-Skills	English-NaturalScience-Journal-Skills/skills/gastroenterology/SKILL.md		gastroenterology;clinical;hepatology;liver;microbiome;mechanistic;disease;endoscopy;pre-specified;epidemiology;translational;gastrointestinal;pancreas;trials;bowel;animal;human;corroborating;instructions elsevier;basic;compositional;reporting guideline;case series;brief report;scientists;upload;profiling;clinicians;pre-registration;confounding control;tissue;prevention;spectrum;guideline checklist;cancer;genetic;validation;included;functional;applicable
genome-biology	Genome Biology	breadth	journal	natural-science	international	empirical	field		English-NaturalScience-Journal-Skills	English-NaturalScience-Journal-Skills/skills/genome-biology/SKILL.md		genome;genomics;biological;biology;software;computational;existing tools;open-source;publicly available;genomic;accession numbers;large-scale;zenodo;biomed;statements include;epigenomics;deposited;cross-validation;multiple-testing correction;processed;benchmarking;transcriptomics;analytical;available request;functional;single-cell;sequencing;variant;biologists;database;statistical;failure modes;persistent;deposition;validation;availability statements;acceptable code;arrayexpress encode;assembly epigenome;association methodological
geometry-and-topology	Geometry & Topology	breadth	journal	natural-science	international	empirical	field		English-NaturalScience-Journal-Skills	English-NaturalScience-Journal-Skills/skills/geometry-and-topology/SKILL.md		geometry topology;geometric;group theory;low-dimensional topology;symplectic;gauge theory;unverified computation;topological;major advance;referee-verifiable;computer-assisted;mathematics;exposition;proved;advance geometry;advance introduce;contact geometry;geometry-and-topology;theory gauge;these fields;top-tier geometry;topology geometry;lemmas;classification;assigned accurately;documented independent;precisely cited;prior concurrent;important advance;algebraic;differential;reliance;proofs;fully;arguments;encouraged;significance;proof;arxiv;groups
geophysical-research-letters	Geophysical Research Letters	breadth	journal	natural-science	international	empirical	field		English-NaturalScience-Journal-Skills	English-NaturalScience-Journal-Skills/skills/geophysical-research-letters/SKILL.md		geophysical;plain-language summary;earth space;reference limit;full-length;space physics;space science;geoscience;single significant;significance;solid earth;broadly interesting;hydrology;letters;biogeosciences;significant broadly;comprehensive treatment;agu-compliant;word reference;consequential;supporting information;fair;biases;cryosphere;ocean;software availability;strict;uncertainty quantification;union;persistent identifiers;wiley;communicate;high-impact;coupling;non-specialists;error bars;availability statement;main text;code deposited;observational
gut	Gut	breadth	journal	natural-science	international	empirical	field		English-NaturalScience-Journal-Skills	English-NaturalScience-Journal-Skills/skills/gut/SKILL.md		hepatology;clinical;liver;gastroenterology;microbiome;cancer;mechanistic;disease;evidentiary layer;human tissue;translational;pre-specified;functional validation;central evidentiary;open-data ethos;patient-level;epidemiological;reporting guideline;carcinoma;hepatocellular;instructions platform;guideline checklist;tripod arrive;prisma tripod;equivalent;appropriate controls;confirm current;basic-science;retrospective;european;trial;purely descriptive;identity;correlation;epidemiology;audits;composition;basic;data-sharing statement;genetic
ieee-transactions-on-pattern-analysis-and-machine-intelligence	IEEE Transactions on Pattern Analysis and Machine Intelligence	breadth	journal	natural-science	international	empirical	field		English-NaturalScience-Journal-Skills	English-NaturalScience-Journal-Skills/skills/ieee-transactions-on-pattern-analysis-and-machine-intelligence/SKILL.md		tpami;ieee;pattern machine;transactions pattern;index terms;machine intelligence;computer vision;archival;conference;computer society;recognition;extension;video understanding;vision pattern;learning;thorough;contemporaneous;journal-of-machine-learning-research;substantial;code release;formatting requirements;ablation;evaluation;methodological rigor;double-column;taxonomy;extensions;fast-moving;complete;preliminary;comparison;training;domains;compared;experimental;derivations;accompanied quantitative;advance pattern;advances archivally;alone theoretical
immunity	Immunity	breadth	journal	natural-science	international	empirical	field		English-NaturalScience-Journal-Skills	English-NaturalScience-Journal-Skills/skills/immunity/SKILL.md		immunology;immunity;vivo;immune;mechanistic;flow-cytometry;cell;immunological;star;cancer;biology;disease;innate;translational;infection;immune-cell;immunophenotyping;sequencing deposition;autoimmunity;epigenetic;genetic;inflammatory;validation;tumor;primary advance;equivalent;mouse;press;phenotype;single-cell;human;memory;deposited;signaling;clinical;aaas broad-significance;activated regulated;activation trained;antibody responses;atac-seq multi-omic
inventiones-mathematicae	Inventiones Mathematicae	breadth	journal	natural-science	international	empirical	field		English-NaturalScience-Journal-Skills	English-NaturalScience-Journal-Skills/skills/inventiones-mathematicae/SKILL.md		inventiones;mathematicae;mathematics;mathematical;springer;significance level;include arxiv;class file;proof;annals;arxiv identifier;practice include;theorem fully;areas;journal-of-the-american-mathematical-society;written broad;proved;codes;assess significance;geometry;standard practice;theorems;latex;board;algebraic;stating main;precision;deferred;geometric;main theorem;exceptional;conceptually;sub-field;arguments;accurate incorrect;ams-published comparable;annals-of-mathematics ams-published;applied-math mathematical-physics;appropriate applied-math;argument introduce
jacs-au	JACS Au	breadth	journal	natural-science	international	empirical	field		English-NaturalScience-Journal-Skills	English-NaturalScience-Journal-Skills/skills/jacs-au/SKILL.md		jacs;chemical;chemistry;gold;jacs-level;compounds;spectra;open access;supporting information;characterization;inorganic;waivers;crystallographic;open-access;advance important;broad high-quality;terms license;length reference;organic;materials;information quantitative;incremental narrowly;mechanistic control;rigorous broadly;narrowly specialized;reference expectations;broadly interesting;ccdc;funder;analytical;significance rigor;catalysis;publish;applies;publications;benchmarking;access intended;access journal-of-the-american-chemical-society;access lower-tier;access would
journal-of-clinical-investigation	Journal of Clinical Investigation	breadth	journal	natural-science	international	empirical	field		English-NaturalScience-Journal-Skills	English-NaturalScience-Journal-Skills/skills/journal-of-clinical-investigation/SKILL.md		disease;mechanistic;clinical;patient-derived;human;asci;animal vitro;investigation;multi-omics;medicine;genetic;samples;translational;biology;pathway;interaction functional;functional consequence;mechanism-of-disease;arrive consort;physician-scientists;strobe equivalent;evidentiary layer;primary evidentiary;associations;providing;those belong;disease-mechanism;follow-through;proteomics;biomarker;guideline checklists;tumor;reporting guideline;metabolism;functional validation;genomic;discovery;resistance;tissue;accession numbers
journal-of-clinical-oncology	Journal of Clinical Oncology	breadth	journal	natural-science	international	empirical	field		English-NaturalScience-Journal-Skills	English-NaturalScience-Journal-Skills/skills/journal-of-clinical-oncology/SKILL.md		oncology;asco;clinical;cancer;endpoint;trial;trials;pre-specified;survival;patients;oncologists;survivorship;phase;headings;consort-pro;health-disparities;original reports;retrospective analyses;curves include;guideline development;haematological;median;practising;prevention screening;relevance statement;response rates;sponsor role;tumour;consort checklist;patients-at-risk;follow-up;patient-reported;single-arm;labelled;randomised;immature;subgroup analyses;purpose;definitive;competing-interests disclosure
journal-of-ecology	Journal of Ecology	breadth	journal	natural-science	international	empirical	field		English-NaturalScience-Journal-Skills	English-NaturalScience-Journal-Skills/skills/journal-of-ecology/SKILL.md		ecology;ecological;plant;ecosystem;full-length;plant-soil;beyond focal;population community;site-specific;conceptually;broader literature;discussion engages;approved;replication design;substantive discussion;adequate;support claims;vegetation;natural history;code archived;mechanistic interpretation;long-term;fieldwork;conclusions;archiving;demography;sizes uncertainty;species;wiley;nutrient;levels;permits;global;pattern;motivated;thorough;types word;analyses;interactions;acceptable panel
journal-of-experimental-medicine	Journal of Experimental Medicine	breadth	journal	natural-science	international	empirical	field		English-NaturalScience-Journal-Skills	English-NaturalScience-Journal-Skills/skills/journal-of-experimental-medicine/SKILL.md		experimental medicine;mechanistic;immunology;rockefeller university;vivo;dissection;hematopoiesis;disease;human;genetic;immunological;immune;biological principle;brief definitive;definitive reports;innate sensing;press;bone-marrow;lymphocyte;host-pathogen interaction;biology;autoimmunity;translational;supplemental;pharmacological;validation;patient samples;immunity;cell;clinical;phenotype;depth;tier;pathway;option;rationale;valued;genomics;activation tolerance;allergy mechanism-forward
journal-of-geophysical-research-atmospheres	Journal of Geophysical Research: Atmospheres	breadth	journal	natural-science	international	empirical	field		English-NaturalScience-Journal-Skills	English-NaturalScience-Journal-Skills/skills/journal-of-geophysical-research-atmospheres/SKILL.md		jgr-atmospheres;atmospheric;atmospheres;language summary;geophysical;plain language;observations;aerosols;atmospheric-science;precipitation;radiation;clouds;full-length;validation;uncertainty propagation;composition chemistry;energy budgets;full comprehensive;microphysics;boundary-layer;complete full;retrieval;explicit uncertainty;jargon-free;exchange;geoscience;fair repository;forcing;circulation;persistent identifiers;wiley;processes;quantitative;depth;disciplinary;dynamics;code deposited;accurate code;addressed instrument;advances instruments
journal-of-high-energy-physics	Journal of High Energy Physics	breadth	journal	natural-science	international	empirical	field		English-NaturalScience-Journal-Skills	English-NaturalScience-Journal-Skills/skills/journal-of-high-energy-physics/SKILL.md		jhep;phenomenology;calculation;sissa;physics;field theory;author-formatted;latex class;collider;string;conventions;amplitudes effective;appendices normal;author-formatting;class open-access;formal checked;inspire;numerical;arxiv version;broad-physics;effective field;holography;plus appendices;quantum field;technically;length limit;complete;detailed;high-energy;particle;carlo;cosmology;derivation;monte;fixed;springer;energy;reproducible;technical;gravity
journal-of-machine-learning-research	Journal of Machine Learning Research	breadth	journal	natural-science	international	empirical	field		English-NaturalScience-Journal-Skills	English-NaturalScience-Journal-Skills/skills/journal-of-machine-learning-research/SKILL.md		jmlr;machine learning;track;informal;multiple settings;software datasets;archival;fast-paced;open-access format;datasets benchmarks;completeness;implementation details;prior conference;proof sketches;code release;learning theory;technically;primary contribution;proofs;theoretical;complete;depth;documented;arguments;ablations characterize;ablations implementation;accessible norm;algorithmic well-grounded;algorithms supervised;algorithms theory;analyses minimax;appropriate regular;appropriate thorough;appropriate wants;approximate inference;assessing versus;associated code;audience nature-machine-intelligence;author-friendly format;availability proof
journal-of-the-acm	Journal of the ACM	breadth	journal	natural-science	international	empirical	field		English-NaturalScience-Journal-Skills	English-NaturalScience-Journal-Skills/skills/journal-of-the-acm/SKILL.md		jacm;conference version;eprint;definitive;arxiv eccc;prior conference;cs-theory;complete proofs;sketches;complexity;theoretical computer;expanded;breakthrough conference;concepts assigned;conference stoc;eccc iacr;fully rigorously;lics crypto;technical overview;computer science;conference publication;definitiveness;prestigious general;relationship prior;rigorously proved;soda lics;specialized theory;theory conference;theory databases;conference-version;strong specialized;distributed parallel;foundational;foundations;claim fully;focs soda;centrality;stating main;stoc focs;algorithms
journal-of-the-american-college-of-cardiology	Journal of the American College of Cardiology	breadth	journal	natural-science	international	empirical	field		English-NaturalScience-Journal-Skills	English-NaturalScience-Journal-Skills/skills/journal-of-the-american-college-of-cardiology/SKILL.md		jacc;cardiology;cardiovascular;heart;cardiac;imaging;subspecialty;clinical;coronary;points perspectives;central illustration;guideline;interventional;circulation;american college;disease;device;competency;heart-failure;intervention structural;risk-stratification;preventive;pre-specified;electrophysiology;trial;trials;procedural;registries;conclusions;tripod;failure;interventions;registry;aligned;acc-authored acc-endorsed;acc-endorsed expert;accompany structure;addresses points;adjustment explicit;advanced therapies
living-reviews-in-relativity	Living Reviews in Relativity	breadth	journal	natural-science	international	empirical	field		English-NaturalScience-Journal-Skills	English-NaturalScience-Journal-Skills/skills/living-reviews-in-relativity/SKILL.md		relativity;living;gravitation;maintenance commitment;comprehensive;formalism;invitation;open problems;maintained;proposal;maintaining;versioning;definitive;balanced;exhaustive;pedagogical;reviews;field evolves;newcomers experts;springer publishes;update;competing open;relativistic;reference;authoritative;invited continuously;physics;commit;continuously updated;gravitational-wave;updating;derivations;publishes primary;leaders;cosmology;developing;able;comprehensiveness;throughout;primary-research
management-science	Management Science	depth	journal	natural-science	international	empirical	FT50 / UTD24	FT50	Management-Science-Skills		Management-Science-Skills/resources/official-source-map.md	department;management science;cross-department;informs;operations;marketing;managerial;sister;travels departments;mgsci-contribution-framing;analytical;insight travels;lane;bimethodological;decision-relevant insight;mgsci-data-analysis;behavioral economics;decision changes;decision insight;lever;author-year;owns;stochastic;stream;game economic;generalizable decision;off-mission;rigor plus;optimization;information systems;problematization;business;empirical leverage;suited elsewhere;finance;canonical;platform;analytics;area-editor;commission
matter	Matter	breadth	journal	natural-science	international	empirical	field		English-NaturalScience-Journal-Skills	English-NaturalScience-Journal-Skills/skills/matter/SKILL.md		materials;cell press;matter;significance story;societal-relevance;societal relevance;press primary-research;statement graphical;transformative;significance statement;characterization;energy;atoms systems;atoms-to-systems;press data-availability;press narrative;progress potential;selective narrative-driven;spanning atoms;joule;manufacturing;bars replicates;incremental property;narrow system;relevance applicable;supplemental information;broad significance;controls benchmarks;general principle;experimental procedures;conceptual significance;performance;mechanical;error bars;pair;star;metrics;devices;metric;accessible articulation
molecular-biology-and-evolution	Molecular Biology and Evolution	breadth	journal	natural-science	international	empirical	field		English-NaturalScience-Journal-Skills	English-NaturalScience-Journal-Skills/skills/molecular-biology-and-evolution/SKILL.md		evolution;molecular;evolutionary;molecular-evolutionary;population-genetic;biology;phylogenetic;genomics;ecology;smbe;demographic;sequence;genetics;benchmarking;inferences;performance advantages;theory inference;current best-practice;fossil;include uncertainty;phylogenetics;publicly;confounders;explicit justification;genbank;dryad zenodo;population;scans;trees;genome;nature-ecology-and-evolution;uncertainty quantification;genomic;positive;methodological;adaptation;simulation;sensitivity;oxford;detection
molecular-ecology	Molecular Ecology	breadth	journal	natural-science	international	empirical	field		English-NaturalScience-Journal-Skills	English-NaturalScience-Journal-Skills/skills/molecular-ecology/SKILL.md		molecular ecology;ecological evolutionary;evolutionary question;conservation;bioinformatic;data-accessibility;edna;phylogeography;ecological inference;genotype;evolution;sampling;population-genetic;population;genomics;demographic;applying molecular;drive molecular;genotyping;landscape genetics;marker-development;metabarcoding;molecular ecological;molecular means;parameters filtering;processed datasets;question descriptive;question drive;biological;community molecular;molecular adaptation;molecular-ecology;versions parameters;ecology wiley;host-microbe;sequence;geographic;microbiome;nature ecology;accessions
molecular-psychiatry	Molecular Psychiatry	breadth	journal	natural-science	international	empirical	field		English-NaturalScience-Journal-Skills	English-NaturalScience-Journal-Skills/skills/molecular-psychiatry/SKILL.md		psychiatry;psychiatric;genetics;clinical;neuroscience;molecular;translational;biological;neuroimaging;mechanistic;human;functional characterization;animal;disease;genetic;gwas;nature;insufficient tier;analyses functional;disorder;reporting checklists;springer;basic;checklists arrive;mechanisms;disorders;neuron;attach;imaging;repositories;consort;validated;size;accession numbers;biomarkers;drug;relevance;availability statement;follow-up;populations
monthly-notices-of-the-royal-astronomical-society	Monthly Notices of the Royal Astronomical Society	breadth	journal	natural-science	international	empirical	field		English-NaturalScience-Journal-Skills	English-NaturalScience-Journal-Skills/skills/monthly-notices-of-the-royal-astronomical-society/SKILL.md		mnras;monthly notices;astronomical;astronomy;notices royal;latex class;astrophysics;class file;length limit;letters;reported propagated;systematic statistical;uncertainties reported;statistical uncertainties;archival;characterisation;stellar;supporting information;resolution;radio;the-astrophysical-journal;broad-scope;urgent;survey;strict length;sub-fields;simulations;society;observational;conceptual;address comments;advance demanding;analytic theory;apjs dedicated;applications astrophysical;appropriate opinion;astrophysical validation;audience nature-astronomy;author-year harvard;availability encouraged
national-science-review	National Science Review	breadth	journal	natural-science	international	empirical	field		English-NaturalScience-Journal-Skills	English-NaturalScience-Journal-Skills/skills/national-science-review/SKILL.md		national science;meet international;international standards;china-based;global;standards relevant;sciences;multidisciplinary;chinese;cross-disciplinary;advance international;international significance;synthetic reviews;nature;life-science;relevant discipline;china flagship;team primary;broad-science;exceptional significance;the-innovation;consent registration;earth environmental;perspectives;physics chemistry;portfolio;internationally;pnas;perspective;authoritative;science-advances;nature-communications;ethics consent;narrowly;expertise;forward-looking;abstracts concise;access springer;accessible legends;active programs
nature	Nature	breadth	journal	natural-science	international	empirical	field		English-NaturalScience-Journal-Skills	English-NaturalScience-Journal-Skills/skills/nature/SKILL.md		nature;reporting summary;essential validation;nature-genetics nature-methods;nature-materials nature-medicine;portfolio nature-genetics;represents single;exceptional;cross-disciplinary;carries essential;supplementary information;extended;scientists outside;tell;springer;scientist;embargo;specialist;compelling;consent;conceptual;world;aaas context;accompany biological;active brief;advance broad-discipline;advance deep;allowance reporting;almost desk-rejected;alone legends;appropriate specialization;articulate plain;audience appropriate;audience central;benefit common;best received;beyond every;biological equivalent;biologist would;body significance
nature-astronomy	Nature Astronomy	breadth	journal	natural-science	international	empirical	field		English-NaturalScience-Journal-Skills	English-NaturalScience-Journal-Skills/skills/nature-astronomy/SKILL.md		astronomy;nature;astrophysics;sub-field;systematics;the-astrophysical-journal;reporting summary;astron;observational simulation;summary code;main text;statistical significance;detections;monthly-notices-of-the-royal-astronomical-society;multi-messenger;planetary science;physical;astronomical;conceptual advance;springer;instrumentation;extended;headline;code availability;addressed main;adequate statistical;advance adequate;advance instrument;advance observational;advances purely;already reported;analyses demonstrate;archival catalogues;archival observational;archival technically;astrophysical understanding;audience expert;bear validation;beyond co-location;broad contextualization
nature-biotechnology	Nature Biotechnology	breadth	journal	natural-science	international	empirical	field		English-NaturalScience-Journal-Skills	English-NaturalScience-Journal-Skills/skills/nature-biotechnology/SKILL.md		biotechnology;nature;technology;vivo;synthetic biology;application;benchmarking;therapeutic;therapeutics;industry;nature-methods;reporting summary;broad utility;company affiliations;gold-standard;multiple targets;platform;portfolio;enabling;applied impact;protocol deposition;cell;demonstrated;broad applied;biological discovery;translational;applications;platforms;organisms;preclinical;proof-of-concept;industrial;genome;multi-omics;editing;demonstration;antibody;competing-interests disclosure;therapy;transformative
nature-catalysis	Nature Catalysis	breadth	journal	natural-science	international	empirical	field		English-NaturalScience-Journal-Skills	English-NaturalScience-Journal-Skills/skills/nature-catalysis/SKILL.md		catalysis;mechanistic;catalytic;nature;characterisation;electrocatalysis;reporting summary;situ;performance;nature-chemistry journal-of-the-american-chemical-society;normalisation;reaction system;specific reaction;catal;intermediates;labelling;springer;checklist code;efficiency stability;homogeneous;sub-field;faradaic;angewandte-chemie-international-edition;calculations;catalyst;opening paragraph;operando;reactions;electrochemical;beyond specific;required current;spectroscopy;spectroscopic;sub-fields;extended;heterogeneous;nature-family;insight;reduction;availability
nature-chemistry	Nature Chemistry	breadth	journal	natural-science	international	empirical	field		English-NaturalScience-Journal-Skills	English-NaturalScience-Journal-Skills/skills/nature-chemistry/SKILL.md		chemistry;nature;sub-field;conceptual;chemist;reporting summary;find remarkable;narrative flow;broader scientific;springer;originating;explained;journal-of-the-american-chemical-society angewandte-chemie-international-edition;chemical;supporting experiments;advance mechanistic;chem;chemists;nature-chemistry;required current;reaction;extended;disclosure preprint;reframes;opens;compelling;jargon;experimental;accessible unlike;acie narrative;advance modes;angewandte-chemie-international-edition catalysis-centric;attract readers;available supporting;behaviour mechanistically;belong narrative;biology physical;bond-forming logics;calculated supramolecular;carry narrative
nature-climate-change	Nature Climate Change	breadth	journal	natural-science	international	empirical	field		English-NaturalScience-Journal-Skills	English-NaturalScience-Journal-Skills/skills/nature-climate-change/SKILL.md		climate;nature;impacts;physical;adaptation;mitigation;attribution;scenario;scientists;uncertainty;observational;trend;change publishes;extreme-event;significance understanding;current requirements;regional;range;deposited made;state assumptions;communicated;reporting summary;projection;scenarios;social;nature-portfolio;projections;corroboration;datasets code;technological;quantified;significance legible;required current;pathways;extended;code deposition;statement required;causal;sensitivity;code deposited
nature-ecology-and-evolution	Nature Ecology & Evolution	breadth	journal	natural-science	international	empirical	field		English-NaturalScience-Journal-Skills	English-NaturalScience-Journal-Skills/skills/nature-ecology-and-evolution/SKILL.md		ecology;evolutionary;evolution;ecol evol;nature;conceptual advance;current biology;population-genetic;biodiversity;phylogenetic;ecological;dynamics conceptual;species;ecologist;extinction;macroecology global;single-species;phylogenetics;molecular;working different;reporting summary;taxa;letters;biologist;statistical rigor;springer;mechanistic;adaptation;code availability;spatial;accepting unsolicited;additions well-established;advance ecology-letters;advance pertains;advance testable;advances reshape;ambition current;analyses integral;appendices comprehensive;argument supplementary
nature-energy	Nature Energy	breadth	journal	natural-science	international	empirical	field		English-NaturalScience-Journal-Skills	English-NaturalScience-Journal-Skills/skills/nature-energy/SKILL.md		energy;nature;materials;stability;solar;energy-system significance;half-cells;short-term;durability;scenario;significance advance;systems modeling;techno-economic lifecycle;economics policy;optimistic;device;devices systems;quantitative rigor;reporting summary;electrolyte;portfolio;storage;datasets code;environmental science;joule;uncertainty quantification;summary code;systems-level;extended;transition;configuration;system-level;carbon;cells;realistic;cell;conditions;code availability;metric;generation
nature-genetics	Nature Genetics	breadth	journal	natural-science	international	empirical	field		English-NaturalScience-Journal-Skills	English-NaturalScience-Journal-Skills/skills/nature-genetics/SKILL.md		genetics;gwas;genomics;multi-ancestry;genetic;nature;functional;genomic;discovery;disease;eqtl;portfolio;biological;chromatin;summary statistics;multiple-testing;reporting summary;diversity;genome-wide significance;interpretation substantive;mendelian;single-ancestry;population;american human;disease-specific;regulatory element;loci;significance thresholds;gene;cohorts;follow-through;inflated;crispr;genome-biology;scale;large-scale;interpreted;trait;equivalent;analyses
nature-human-behaviour	Nature Human Behaviour	breadth	journal	natural-science	international	empirical	field		English-NaturalScience-Journal-Skills	English-NaturalScience-Journal-Skills/skills/nature-human-behaviour/SKILL.md		behaviour;behavioural;preregistration;nature human;cognitive;preregistered;registered;neuroscience;psychology;sensitivity analyses;neural;behav;large-n designs;nathumbehav;summary biological;two-stage process;computational modelling;framed causal;reviewed collection;design reviewed;cross-disciplinary;registry;home discipline;nature family;sciences reporting;cross-cultural;neuroimaging;date;null;natural experiments;economics;life sciences;political science;sizes confidence;social;link;disciplinary;public repository;pathway;significance
nature-immunology	Nature Immunology	breadth	journal	natural-science	international	empirical	field		English-NaturalScience-Journal-Skills	English-NaturalScience-Journal-Skills/skills/nature-immunology/SKILL.md		immunology;immunity;vivo;nature;immune;innate;cytometry;immunological;mechanistic;immune-cell;sequencing flow;genetic;mechanisms;biology;vitro;scrna-seq;subset;field-shifting;rescue experiments;activation;alleles;adaptive;effector;immunologists;multiple independent;sciences reporting;immunotherapy;infection;cell;tolerance;antibody;clinical;life sciences;mouse;springer;publicly available;function;significance;conceptual;reagent
nature-machine-intelligence	Nature Machine Intelligence	breadth	journal	natural-science	international	empirical	field		English-NaturalScience-Journal-Skills	English-NaturalScience-Journal-Skills/skills/nature-machine-intelligence/SKILL.md		nature machine;machine intelligence;scientific;nature-family;societal;dual-use;ethics statement;reporting summary;conceptual;ai-in-science;architecture principled;intell;intelligence mach;real-world significance;risks fairness;beyond community;ethical considerations;nature portfolio;demonstrated capability;discovery;dimensions;robotics;committed;journal-of-machine-learning-research;springer nature;substantively;settings;required current;current nature;justification;sciences;addressed;compelling;code availability;supplementary information;ablation establishing;accelerator interpretive;advance capability;advance real-world;advance substantial
nature-materials	Nature Materials	breadth	journal	natural-science	international	empirical	field		English-NaturalScience-Journal-Skills	English-NaturalScience-Journal-Skills/skills/nature-materials/SKILL.md		materials;nature;principle;materials-science;material class;structure-property;property;reporting summary;characterization;structure directly;advance reveals;composition;advance conceptual;performance;quantum;theory simulation;significance legible;controls;device;mechanistic understanding;extended;fabrication;structural;essential;pure theory;thorough;record;functional;acs-nano output;advance distillable;advance great;advanced-materials wiley;alongside spectroscopic;application best;applies sample;articulate generalizable;bars statistical;based samples;batteries catalysts;better better
nature-medicine	Nature Medicine	breadth	journal	natural-science	international	empirical	field		English-NaturalScience-Journal-Skills	English-NaturalScience-Journal-Skills/skills/nature-medicine/SKILL.md		clinical;nature medicine;nature-family reporting;translational;biomarker;mechanistic;first-in-human;cohort;trial;reporting summary;validation;disease;preclinical;discovery;code accessible;source deposited;trials;validated;diagnostic;biological;tripod-ai;human tissue;purely;insight beyond;cohorts;springer nature;genomics;multi-omics;independent;prognostic;competing-interests disclosure;consort;efficacy;biomarkers;embargo;ethics approval;public repository;rationale;blinding;strobe observational
nature-methods	Nature Methods	breadth	journal	natural-science	international	empirical	field		English-NaturalScience-Journal-Skills	English-NaturalScience-Journal-Skills/skills/nature-methods/SKILL.md		biological;nature;benchmarking;generalizability;previously impossible;biology;enables;alternatives;bioinformatics;protocols;reporting summary;impossible substantially;impractical;portfolio;computational tool;installable;step-change;current best;application;tools;performance metrics;reagents;demonstrated;primary advance;datasets;imaging;adopt;usability;capability;summary required;checklists;deposited;experimental;access computational;actively maintainable;advance pipelines;algorithms sequence;animal-based validation;answers pure;applicable researchers
nature-microbiology	Nature Microbiology	breadth	journal	natural-science	international	empirical	field		English-NaturalScience-Journal-Skills	English-NaturalScience-Journal-Skills/skills/nature-microbiology/SKILL.md		microbiology;pathogen;microbial;nature;microbiome;resistance;host-pathogen;biosafety;microbiologists;clinical;antimicrobial;mechanistic;animal;viral;reporting summary;immune;interactions;durc;phylodynamics;life sciences;metagenomic;strain characterization;mechanisms;microbial-ecology;host-microbe;the-lancet-infectious-diseases;evolutionary;host;evolution;mechanism principle;sciences reporting;ecology;sequences;compositional;infectious;cell;evasion;conceptual advance;epidemiological;springer
nature-nanotechnology	Nature Nanotechnology	breadth	journal	natural-science	international	empirical	field		English-NaturalScience-Journal-Skills	English-NaturalScience-Journal-Skills/skills/nature-nanotechnology/SKILL.md		nanotechnology;nanoscale;nanoscience;nature;nano;nano-bio;device fabrication;principle;reporting summary;nature-portfolio tier;single-device single-particle;performance improvement;biomedical;conceptual;milestone;direct;in-vivo;incremental performance;capability;statistical treatment;supplementary information;physical;bulk;characterization;required current;functional;materials;demonstrates;extended;summary requirements;insufficient;direction;delivery;significance;compelling;phenomena;quantum;acs-nano broader;addressed narrow;advance intelligible
nature-neuroscience	Nature Neuroscience	breadth	journal	natural-science	international	empirical	field		English-NaturalScience-Journal-Skills	English-NaturalScience-Journal-Skills/skills/nature-neuroscience/SKILL.md		neuroscience;nature;neural;circuit;sciences reporting;brain region;behavioral;reporting summary;electrophysiology;multi-scale;life sciences;conceptual;neuron;anatomical;answer field-defining;neurosci;principle;fmri;cognitive;extended;biological question;statistical tests;human;dissection;triage;family;sample sizes;springer;randomization;publishable;blinding;threshold;aav-mediated manipulation;actionable secondary;adding another;advance calibrating;advance described;advanced technique;advances established;allow preposting
nature-photonics	Nature Photonics	breadth	journal	natural-science	international	empirical	field		English-NaturalScience-Journal-Skills	English-NaturalScience-Journal-Skills/skills/nature-photonics/SKILL.md		photonics;optics;nature;photonic;quantum;physics;optical;step-change;reporting summary;breakthrough;laser;physical;device;accessible scientists;fundamental light-matter;light-matter interaction;quantum-information-first;scientific technological;availability;demonstrations;nature-physics physical-review-letters;phenomenon capability;breakthroughs;broad scientific;scientists outside;merit;prx-quantum;portfolio;metamaterials;prior state;triage;transformative;extended supplementary;springer;optimization;nature-family;technologies;supplementary information;performance;phenomena
nature-physics	Nature Physics	breadth	journal	natural-science	international	empirical	field		English-NaturalScience-Journal-Skills	English-NaturalScience-Journal-Skills/skills/nature-physics/SKILL.md		physics;nature;conceptual advance;communicable;physicists;portfolio;availability reporting;cross-subfield;reviews perspectives;reporting summary;conceptual frontier;physical;subfield;characterization reproducibility;outside specialty;quantum;precision;condensed matter;physical-review-letters;physicist;extended supplementary;photonics;physical-review-x;springer;non-specialists;represent;supplementary information;triage;jargon;assess;adding incremental;advance improved;apparatus prior;archival nature-materials;areas synthesis;artefact interpretations;astrophysics statistical;been returned;broad-audience nature-family;case extended
nature-reviews-chemistry	Nature Reviews Chemistry	breadth	journal	natural-science	international	empirical	field		English-NaturalScience-Journal-Skills	English-NaturalScience-Journal-Skills/skills/nature-reviews-chemistry/SKILL.md		chemistry;nature reviews;proposal;chemist;conceptual;commissioned;pedagogy;authoritative;chemical;represent competing;collaboration;figure-as-pedagogy;perspective;team recognized;primary-research;permissions;unsolicited full;concept;original;outline;schematic;area;subfield;broad readership;expert;developed;organizing;coverage;definitions;balanced;comment;exhaustive;supplementary information;springer nature;forward-looking;accessible;able follow;adjacent scientists;advances reframing;advances whose
nature-reviews-drug-discovery	Nature Reviews Drug Discovery	breadth	journal	natural-science	international	empirical	field		English-NaturalScience-Journal-Skills	English-NaturalScience-Journal-Skills/skills/nature-reviews-drug-discovery/SKILL.md		drug discovery;nature reviews;discovery development;reviews drug;pipeline;clinical;sourced dated;pre-submission proposal;pharma;unsolicited;commissioned;landscape;analyses approval;cut-off;drug-discovery;latest trial;stands heading;target class;trial readouts;medicine;assertions;original experimental;reviews primers;therapeutic area;synopsis;especially industry;state trajectory;translational;cell reports;display-item reference;mechanism schematics;pharmacology;undifferentiated;argument field;attrition;central argument;modality;authoritative;outline;reflect
nature-reviews-earth-and-environment	Nature Reviews Earth & Environment	breadth	journal	natural-science	international	empirical	field		English-NaturalScience-Journal-Skills	English-NaturalScience-Journal-Skills/skills/nature-reviews-earth-and-environment/SKILL.md		earth;enquiry;nature reviews;forward agenda;earth-science;synthesis;environmental science;competing interpretations;authoritative;environment;commissioned;consensus contested;convey mechanism;future-directions outstanding-questions;interpretations uncertainties;merely reproduce;no-primary-research;quantitative syntheses;commissioning;permissioned;standing;surface processes;comprehensive;balanced;length display-item;represented fairly;display items;cryosphere;qualifications;broad cross-disciplinary;unsolicited full;outline;conceptual;conflicts;coverage;comment;pieces;adjudicate;synthesize;schematics
nature-reviews-materials	Nature Reviews Materials	breadth	journal	natural-science	international	empirical	field		English-NaturalScience-Journal-Skills	English-NaturalScience-Journal-Skills/skills/nature-reviews-materials/SKILL.md		reviews materials;nature reviews;proposal;conceptual;commissioned;pedagogy;design principles;competing materials;design-principle synthesis;materials platforms;processing performance;unifying;figure-as-pedagogy;subfield follow;perspective;authoritative;reviews family;scientist outside;weigh competing;primary-research;original schematic;chemistry physics;team;permissions;design principle;unsolicited full;leaders;property;collaboration;outline;science engineering;materials science;soft;coverage;balanced;comment;exhaustive;supplementary information;quantum;recognized
nature-reviews-methods-primers	Nature Reviews Methods Primers	breadth	journal	natural-science	international	empirical	field		English-NaturalScience-Journal-Skills	English-NaturalScience-Journal-Skills/skills/nature-reviews-methods-primers/SKILL.md		primer;primers;nature reviews;pitfalls;reproducibility data-deposition;standards repositories;limitations reproducibility;template length;authoritative;proposal;authority;full lifecycle;variants;balanced;cross-disciplinary;pedagogical;springer nature;advisory nature;best practice;computational analytical;given advisory;how-to-and-pitfalls;interest disclosed;lifecycle principles;narrow single-lab;suited protocols;tight sub-community;experimental design;breadth applicability;dedicated reproducibility;step-by-step;conflicts interest;relevant standards;reporting standards;reproducibility reporting;account;critically;commissioned;accessibility essential;accessible how-to
nature-reviews-physics	Nature Reviews Physics	breadth	journal	natural-science	international	empirical	field		English-NaturalScience-Journal-Skills	English-NaturalScience-Journal-Skills/skills/nature-reviews-physics/SKILL.md		physics;nature reviews;presubmission enquiry;organizing perspective;presubmission-enquiry;proposal;authoritative;display items;trajectory;command full;representing competing;thesis field;competing open;current fairly;fairly representing;organizing thesis;synthesis organizing;commissioning;perspective roadmap;balanced;full draft;jargon defined;literature catalogue;forward-looking;commissioned;writing accessible;publishes primary;outline;physicists;conceptual;progress;invited;items length;comment;exhaustive;intended;schematics;unsolicited;springer nature;perspectives
nature-structural-and-molecular-biology	Nature Structural & Molecular Biology	breadth	journal	natural-science	international	empirical	field		English-NaturalScience-Journal-Skills	English-NaturalScience-Journal-Skills/skills/nature-structural-and-molecular-biology/SKILL.md		nsmb;molecular biology;structural;mechanistic;conformational;nature;cryo-em;chemical biology;structure-function;reporting summary;emdb;single-molecule;proteins;biochemical;accession codes;atomic-level;macromolecular;resolution quality;structural-data;life sciences;biological;cell;complexes;embo;molecular-biology;validation statistics;springer;cell-based;ensemble;functional;sciences reporting;insufficient;biophysical;deposition;elife;biologists;reveals;aaa-atpases motor;acid recognition;active showing
nature-sustainability	Nature Sustainability	breadth	journal	natural-science	international	empirical	field		English-NaturalScience-Journal-Skills	English-NaturalScience-Journal-Skills/skills/nature-sustainability/SKILL.md		sustainability;nature;biophysical;cross-disciplinary integration;social;nature-family;solution;dimensions;reporting summary;nature-climate-change;sustain;code availability;transitions;integrated;model-based;region;significance level;systemic;springer;trade-off;practitioners;interventions;actionable;challenge;reporting standards;supplementary information;valued;natural;adaptation energy;addressed policy;adds incremental;advance evidence-based;advance well-mapped;alternative integrates;appendices quantitative;around core;around data-collection;assess desk-reject;assessing real-world;assessment governance
nature-synthesis	Nature Synthesis	breadth	journal	natural-science	international	empirical	field		English-NaturalScience-Journal-Skills	English-NaturalScience-Journal-Skills/skills/nature-synthesis/SKILL.md		nature synthesis;synthetic;selectivity;characterization;materials;spectra;molecules;substrate;inorganic;supplementary information;chemistry jacs;organic;experiments support;jacs nature;synthesis nature;length display;mechanistic control;nature catalysis;support claims;methodological advance;generality;control experiments;nature chemistry;purity;expand;reactivity;chemical;organometallic;springer nature;reference limits;catalytic;ccdc;reactions;central advance;schemes;enabling;strategies;application;demonstrated;experimental
nature-water	Nature Water	breadth	journal	natural-science	international	empirical	field		English-NaturalScience-Journal-Skills	English-NaturalScience-Journal-Skills/skills/nature-water/SKILL.md		water;nature;nature-family;societal;natural engineered;narrowly technical;water-engineering;display-item reference;hydrology;word display-item;engineering;human-water;lab-only;presented breakthrough;realistic validation;treatment claims;treatment supply;quality contaminants;water-quality;conceptual advance;author-contribution competing-interests;claims realistic;engineered systems;identifiers availability;incremental narrowly;broad significance;reuse;water-science;high-impact;consequential;reference limits;advance significance;realistic conditions;idealized;coupled;repository persistent;broad relevance;persistent identifiers;statements;challenges
neuron	Neuron	breadth	journal	natural-science	international	empirical	field		English-NaturalScience-Journal-Skills	English-NaturalScience-Journal-Skills/skills/neuron/SKILL.md		neuroscience;neuron;circuit;cellular;neural;causal intervention;cell;star;synaptic;electrophysiology;disease;molecular;behavioral physiological;reproducibility animals;neuronal;optogenetics;levels;computation;imaging;anatomy;multi-level;mechanistic;nature-neuroscience;molecules;nature-methods;spanning;animal;repositories;circuits;press;function;mechanistically;biological;behavior;conceptual;advance description;advance integrates;advance structure;advance technology;advances re-routing
new-journal-of-physics	New Journal of Physics	breadth	journal	natural-science	international	empirical	field		English-NaturalScience-Journal-Skills	English-NaturalScience-Journal-Skills/skills/new-journal-of-physics/SKILL.md		physics;quantum;broad-physics;optics;technically sound;uncertainties;sub-field;condensed matter;available data-availability;clear physical;error budgets;information computation;atomic molecular;claims fully;complete technically;importance field;molecular optical;fully supported;physical principle;simulation measurement;arxiv policy;theory experiment;theory simulation;data-availability policy;photonics;significant;selectivity;open-access;access positions;accessibility single;additional references;advances clear;aimed dedicated;algorithms error;applicable structure;arrangements data-availability;article-level metrics;article-level-metrics ethos;atoms molecules;audience state
npj-computational-materials	npj Computational Materials	breadth	journal	natural-science	international	empirical	field		English-NaturalScience-Journal-Skills	English-NaturalScience-Journal-Skills/skills/npj-computational-materials/SKILL.md		computational materials;high-throughput;informatics;functionals;discovery;validation;testable predictions;computational data-driven;data-driven materials;single-system;generalizable;candidates;accuracy transferability;clearly testable;code workflows;computational rigor;deposited following;dynamics multiscale;error estimates;fair principles;fair-data;first-principles electronic-structure;following fair;molecular dynamics;open-access springer;prediction advance;search space;structures code;workflows datasets;screening;convergence;nature;behavior uncertainty;materials computational;materials insight;multiscale modeling;out-of-distribution;computation;datasets deposited;materials principle
nucleic-acids-research	Nucleic Acids Research	breadth	journal	natural-science	international	empirical	field		English-NaturalScience-Journal-Skills	English-NaturalScience-Journal-Skills/skills/nucleic-acids-research/SKILL.md		nucleic-acid;server;database;issue;biology;publicly accessible;acids;nucleic;sequence;databases;computational;structural;biochemical;accessible stable;example cases;nucleic-acid-centered;protein-centered;resource publicly;web-based;biological;epigenomics;licence;mechanistic analytical;regular track;tools;analytical advance;oxford academic;emdb;freely;bioinformatics;genbank;updated;genomics;proteins;special issues;genome;special-issue;biochemistry;transcription;genomic
one-earth	One Earth	breadth	journal	natural-science	international	empirical	field		English-NaturalScience-Journal-Skills	English-NaturalScience-Journal-Skills/skills/one-earth/SKILL.md		earth;sustainability;cell press;solutions;blurb;highlights;climate change;transformative;bold;pathways;economics engineering;interdisciplinary integration;graphical;press summary;nature climate;interventions;star;social;etoc;policy practice;reviews perspectives;transitions;nature-sustainability;environmental;transformation;scenario;current requirements;transparent;disciplinary;synthesized;challenge;ecology;future;accessible datasets;accessible reporting;actionable insights;additional structural;address counterfactuals;addresses changes;alone interdisciplinary
physics-reports	Physics Reports	breadth	journal	natural-science	international	empirical	field		English-NaturalScience-Journal-Skills	English-NaturalScience-Journal-Skills/skills/physics-reports/SKILL.md		physics reports;formalism;comprehensive;outline length;proposal;open problems;invitation;reference;balanced;become standard;developed merely;exhaustive current;field pedagogically;monograph-scale;reports elsevier;physicists;citation exhaustive;reviews physics;length significance;merely cited;monograph-length;synthesize field;physics letters;derivations;gravitation;assessed;pedagogical;one-sided;ambition;critical;invited;depth;coverage;critically;self-contained;account expected;agenda open;applications comparison;applications problems;area written
plos-biology	PLOS Biology	breadth	journal	natural-science	international	empirical	field		English-NaturalScience-Journal-Skills	English-NaturalScience-Journal-Skills/skills/plos-biology/SKILL.md		plos;biology;biological;source files;been completed;biol;plosbiology;computational;neuroscience;expected code;non-specialist audience;summary;arrive consort;transparency;unsolicited;deposited;deposition;underlying;actively;cell molecular;elife;publicly available;open-access;availability;quantitative;scripts;public;length limit;pipelines;zenodo;alongside;ecology;genomics;clinical;reporting checklist;applicable;absent incomplete;accessible worldwide;acknowledgment ai-use;addition existing
plos-medicine	PLOS Medicine	breadth	journal	natural-science	international	empirical	field		English-NaturalScience-Journal-Skills	English-NaturalScience-Journal-Skills/skills/plos-medicine/SKILL.md		plos;medicine;health;public-health;reporting-guideline checklist;clinical;these mean;underlying deposited;randomised;independence;trials;systematic reviews;stard tripod;public;jargon-free;the-bmj;equity;repository accession;open-access;disease burden;particularly;absent;funder;general audience;population-level;medical;prospero;epidemiological;controlled;uses;analyses;summary;global;ethics approval;request;access;addressing;publication;included;acceptable formal
pnas	PNAS	depth	journal	natural-science	international	empirical	field		PNAS-Skills		PNAS-Skills/resources/official-source-map.md	pnas;science nature;physical social;biological physical;significance statement;rung;contributed;member;pnas-track;quality broad;sciences;national academy;order appearance;broad significance;division;accepting science;flashiest;minor subject;pnas-specific;significance accepting;subject keywords;track direct;values solid;classification;numbered;clinical medical;cross-division;editor-assigned;field clinical;important science;in-text materials;make realistic;medical patient;outcomes nejm;proceedings national;self-contained paragraph;single self-contained;solid important;timely science;specialist field
pnas-nexus	PNAS Nexus	depth	journal	natural-science	international	empirical	field		PNAS-Nexus-Skills		PNAS-Nexus-Skills/resources/official-source-map.md	pnas;nexus;transfer;national academy;sciences;social political;academic pnasnexus;biological health;engineering social;health medical;medical physical;pnas-skills;report brief;report perspective;registered report;direct contributed;brief report;decline;significance statement;scientific audience;gold;declined;cross-disciplinary;by-nc;collaboration diverse;diverse fields;open-access sibling;page-based length;perspective registered;pnasnexus pages;press national;reasons soundness;retraction;soundness technical;unprocessed;unsound;cross-division;high-quality broadly;report stage;technical merit
prx-quantum	PRX Quantum	breadth	journal	natural-science	international	empirical	field		English-NaturalScience-Journal-Skills	English-NaturalScience-Journal-Skills/skills/prx-quantum/SKILL.md		quantum;information science;physical;platform-specific;physics;advantage;circuit;merit;computing;current state;open-access;atom;information scientists;technology;agreements waiver;error correction;implementations;trapped;entanglement;significance;experimental;overhead;improvements;photonic;physical-review-letters;nature-physics;physical-review-x;communication;platform;institutional;simulation;rates;platforms;accessible;agreement confirmed;algorithm benchmarks;algorithms narrow;analog digital;applied would;architecture-agnostic theory
reports-on-progress-in-physics	Reports on Progress in Physics	breadth	journal	natural-science	international	empirical	field		English-NaturalScience-Journal-Skills	English-NaturalScience-Journal-Skills/skills/reports-on-progress-in-physics/SKILL.md		ropp;physics;progress;reports;physicist;quantum;invited;progress-report;adjacent subfield;field-wide synthesis;pedagogically;comprehensive;theoretical frameworks;reviews;unsolicited;reviews-of-modern-physics;board;authoritative;definitive;outlook;largely;foundational;critical;areas;open questions;primary-research;reference;flagged;balanced;publishing;invitation;acceptable valued;accessible placing;account field;active recently;addressed significant;advancing specific;ahead re-framing;allows physics-phd-level;appropriate proposed
reviews-of-geophysics	Reviews of Geophysics	breadth	journal	natural-science	international	empirical	field		English-NaturalScience-Journal-Skills	English-NaturalScience-Journal-Skills/skills/reviews-of-geophysics/SKILL.md		reviews geophysics;plain-language summary;earth space;open questions;forward-looking;synthesis;genuinely synthetic;space science;harmonized;compiled;comprehensive;proposal;authoritative;products;conventions plain-language;enumerative;observational modeling;significance non-specialists;specific open;annotated;expectations conventions;compilations;consolidate;agenda;syntheses;invitation;full draft;better matched;major;geophysical;nature reviews;thematic;outside immediate;persistent identifiers;uncertainties;wiley;invited;integrate;long-form;fair
reviews-of-modern-physics	Reviews of Modern Physics	breadth	journal	natural-science	international	empirical	field		English-NaturalScience-Journal-Skills	English-NaturalScience-Journal-Skills/skills/reviews-of-modern-physics/SKILL.md		physics;reviews modern;colloquia;controversies;colloquium;invitation;unsolicited;frameworks unresolved;synthesizing;authoritative;synthesis;serve community;comprehensive;conceptual question;major competing;question rather;rather reporting;outside;invited-review;physicist;reference;definitive;accessible;represented;physicists;outlook;primary literature;appropriate;completeness;concise;non-specialists;subfield;open questions;primary-research;typically;quantum;accepts reviews;accuracy well;address competing;address conceptual
science	Science	depth	journal	natural-science	international	empirical	field		Science-Skills		Science-Skills/resources/official-source-map.md	science aaas;science science;rung;science advances;advances pnas;one-sentence summary;broad significance;significance general;broad community;specialist;general interest;aaas weekly;continuous list;distinguishing advance;excited;flagship aaas;https science;interest disciplines;letter science;reason post-review;thinks acts;decisive;supplementary materials;changes broad;hand-wave;choosing science;indifferent;pnas field;full lists;metabolite;general-interest test;order appearance;advance rather;controversy;generic scientific;scientific writing;whether clears;accession;difficulty;significance-forward
science-advances	Science Advances	breadth	journal	natural-science	international	empirical	field		English-NaturalScience-Journal-Skills	English-NaturalScience-Journal-Skills/skills/science-advances/SKILL.md		science advances;aaas;multidisciplinary;supplementary materials;consent registration;open-access;materials carry;cross-disciplinary;significance science;validation main;societal;science social;sub-specialty;text self-contained;main text;pnas;nature;scientific;sciences;typical;mandate;significant;natural;accompany main;adequate field;advance prominent;advances deciding;advances fully;advances instructions;advances names;advances publishes;advances science-advances;advances tags;advances target;advantage these;animal framing;appeal opaque;application demonstrating;applies wants;approvals human
science-immunology	Science Immunology	breadth	journal	natural-science	international	empirical	field		English-NaturalScience-Journal-Skills	English-NaturalScience-Journal-Skills/skills/science-immunology/SKILL.md		immunology;immune;immunity;human;aaas;vivo;mouse;mechanistic;immunological;science family;summary paragraph;cytometry;complement;disease;clinical;translational;line sight;non-immunologist;nature;sequencing flow;mechanisms;relevance;cancer;autoimmunity;code publicly;immunologists;patient cohorts;basic;cell press;infection;ethics declarations;profiling;publicly available;alignment;experiments;trial;genetic;valued;adaptive responses;afterthought reproducibility
science-robotics	Science Robotics	breadth	journal	natural-science	international	empirical	field		English-NaturalScience-Journal-Skills	English-NaturalScience-Journal-Skills/skills/science-robotics/SKILL.md		robotics;robotic;aaas;video;demonstrated;performance;capability;robot;demonstrations;physical;repeated;assess reproducibility;community assess;fabrication hardware;primary simulation;statistical characterization;trials statistical;significance;materials;videos;captions;quantified;supplementary;claims supported;capabilities;societal;training;environments;perception;action schematics;actuator advance;advance capable;alongside text;alternatives adjacent;analogous science-family;articulated broader;baselines structure;benefit re-framing;better version;broadly central
science-signaling	Science Signaling	breadth	journal	natural-science	international	empirical	field		English-NaturalScience-Journal-Skills	English-NaturalScience-Journal-Skills/skills/science-signaling/SKILL.md		signaling;systems-biology;reagent;validated experimentally;aaas;pathway;antibody;physiology;biology;disease;computational code;kinase;mechanism network;perturbation direct;phosphatase;replicate numbers;receptors;repositories pride;cell;validation;dynamics;mechanism quantitative;numbers statistics;science family;cell-metabolism;modulation;receptor;mechanistic;pharmacology;science-translational-medicine;public repositories;immune;pathways;physiological;omics;causality;biologists;metabolic;vivo;defines
science-translational-medicine	Science Translational Medicine	breadth	journal	natural-science	international	empirical	field		English-NaturalScience-Journal-Skills	English-NaturalScience-Journal-Skills/skills/science-translational-medicine/SKILL.md		clinical;translational;transl;human;preclinical;aaas;biomarker;medicine;trial;early-phase;component;validation;efficacy;patient-derived;translation;disease-relevant;disease mechanism;bridges mechanism;humanized mouse;pharmacodynamic target;disease-specific;healthy-animal;relevance statement;mechanistic;equivalent;plausibility;accessible language;declarative;patient;samples;pilot;reporting guideline;integral;tissue;measurable;drug;summary;trials;guideline checklist;demonstrate
siam-journal-on-computing	SIAM Journal on Computing	breadth	journal	natural-science	international	empirical	field		English-NaturalScience-Journal-Skills	English-NaturalScience-Journal-Skills/skills/siam-journal-on-computing/SKILL.md		siam;sicomp;complexity;bounds;resource measures;proofs;proved;computing;conference-version;referee-verifiable;arxiv eccc;hardness;asymptotics;theorems;computer-assisted argument;algorithms;precisely;reductions;theoretical significance;computation;classification assigned;distributed parallel;improvement known;foundational;conference version;theoretical-computer-science;computational;constants;refereed;latex;relationship;cryptography;stoc;algorithmic;imprecise;learning theory;approximation;lemmas;computer science;rigorous
siam-review	SIAM Review	breadth	journal	natural-science	international	empirical	field		English-NaturalScience-Journal-Skills	English-NaturalScience-Journal-Skills/skills/siam-review/SKILL.md		siam;expository;spotlights;sigest;narrow primary;education;mathematics;accessible;applied computational;applied- computational-mathematics;broad applied-mathematics;authoritative;spotlight;survey;exposition;pedagogical;specialized;applied-mathematics reader;computational presented;note relevant;proved correctly;supporting code;surveys active;confirm requirements;correctly attributed;numerical optimization;scientific computing;significant;orient broad;broad audience;requirements length;domains;balanced;even-handed;outstanding;mathematical;reproducibility expectations;valuable;bibliography;value
the-astronomical-journal	The Astronomical Journal	breadth	journal	natural-science	international	empirical	field		English-NaturalScience-Journal-Skills	English-NaturalScience-Journal-Skills/skills/the-astronomical-journal/SKILL.md		aastex;machine-readable;astrophysical;measurement product;astronomical;catalogs;astronomy;reduction;solar-system;uncertainties;significance false-positive;well-calibrated;observational;open-data;detection;completeness effects;false-positive assessment;product technique;instrumentation;primary contribution;dois;exoplanet;machine-readable-table;observing;survey catalog;surveys;confirmation;observations;exoplanets;photometric;arxiv policy;norms;documented;software;leans toward;products;systematics;archives;bodies;themselves
the-astrophysical-journal	The Astrophysical Journal	breadth	journal	natural-science	international	empirical	field		English-NaturalScience-Journal-Skills	English-NaturalScience-Journal-Skills/skills/the-astrophysical-journal/SKILL.md		apjl;astrophysical;astrophysics;apjs;facilities;urgency;length limit;list software;uncertainties characterised;urgent compact;community practice;software citations;supplement series;observable predictions;observational theoretical;systematic uncertainties;machine-readable;nature-astronomy;headline;archival;companion;rapid;simulations;linked;allows observational;already superseded;analytic semi-analytic;application multi-wavelength;appropriate instead;archival-quality rather;archive subsequent;astronomy especially;availability re-route;bayesian frequentist;behind code;being conceptual;black holes;budgets expected;calibration described;catalogues scientific
the-bmj	The BMJ	breadth	journal	natural-science	international	empirical	field		English-NaturalScience-Journal-Skills	English-NaturalScience-Journal-Skills/skills/the-bmj/SKILL.md		involvement;patient;known adds;clinical;independence;sponsor;design conduct;public-involvement;trials;evidence-based medicine;individual participant;public;publishing group;reporting-guideline checklist;already known;patient-centred;trial;consort prisma;particularly;randomised;adherence;open-data;waste;observational;patients;clinicians;public-health;statement;specific;systematic;statistical;health;addressing;describe;registration number;absent registration;absolute effects;access full;access structure;actively commissions
the-cryosphere	The Cryosphere	breadth	journal	natural-science	international	empirical	field		English-NaturalScience-Journal-Skills	English-NaturalScience-Journal-Skills/skills/the-cryosphere/SKILL.md		cryosphere;cryospheric;copernicus;snow;interactive public;egusphere;open discussion;permafrost;public peer;accessible open;assets accessible;community comment;glaciers;sheets;remote-sensing;defensible open;frozen;public peer-review;explicit uncertainty;community comments;open community;self-contained defensible;shelves;open public;sea-ice;code-availability statement;evaluation observations;remote sensing;withstand;ground;depth full;discussion phase;full validation;validation independent;preprint;deposited fair;modeling;complete rigorous;geoscience;fair repository
the-embo-journal	The EMBO Journal	breadth	journal	natural-science	international	empirical	field		English-NaturalScience-Journal-Skills	English-NaturalScience-Journal-Skills/skills/the-embo-journal/SKILL.md		embo;molecular;mechanistic;biology;cell;transparent-review;transparent peer-review;press;materials availability;association correlation;expanded view;rrid;cell-biological;genetics;resolution;requests;mechanism established;biochemical;elife;reagent;default;structural;vivo;gene;biological;multiple;genomics;accessions rrids;advance claims;advance first-observation;advance operates;affects strategy;analogy co-immunoprecipitation;appears linked;availability materials-availability;availability ready;biochemistry choosing;biogenesis membrane;biologically important;blots quantifications
the-innovation	The Innovation	breadth	journal	natural-science	international	empirical	field		English-NaturalScience-Journal-Skills	English-NaturalScience-Journal-Skills/skills/the-innovation/SKILL.md		cross-disciplinary;innovation;cell;disciplinary;fields;reporting-guideline compliance;high-visibility;breakthroughs;consent registration;claim meet;claim validated;press-family;press-partnered;validated standards;breakthrough;china-based;supplemental information;broad-science;national-science-review;scientific;materials;single-discipline;nature-communications science-advances;significance legible;schematic;nature science;ethics consent;engineering;energy;components;integrative;deposition;validation;biology;adaptation these;advance computing;advance drive;advance rise;ai-environment understand;animal cover
the-isme-journal	The ISME Journal	breadth	journal	natural-science	international	empirical	field		English-NaturalScience-Journal-Skills	English-NaturalScience-Journal-Skills/skills/the-isme-journal/SKILL.md		isme;microbial;ecological;multi-omics;composition;microbiome;evolutionary;function;marker-gene;biogeochemistry;community-level;versions parameters;bioinformatic;experiments modeling;microbial-ecology;microbiology;evolution;ecology;sequence;assembly;applied engineered-system;ddbj;descriptive amplicon;habitats;host-associated;mgnify;microbial-ecological;msystems;parameters databases;community structure;code-availability statements;wastewater;adaptation;ncbi;interactions;communities;code available;accessions;functional;adequate replication
trends-in-cognitive-sciences	Trends in Cognitive Sciences	breadth	journal	natural-science	international	empirical	field		English-NaturalScience-Journal-Skills	English-NaturalScience-Journal-Skills/skills/trends-in-cognitive-sciences/SKILL.md		tics;cognitive;opinion;trends;neuroscience;outstanding questions;synthesis;unsolicited;counterevidence;pre-submission inquiry;pieces;sciences;frameworks;invited;competing view;cognitive-science;computational modelling;critical engagement;cognition;psychology;panels;science primary;theoretical;cell press;thesis;stance;linguistics;experimental;contact;summarize;forum;psychological;critically;falsifiable;synthetic;phenomena;argue;conceptual;takes;applicable cell
trends-in-ecology-and-evolution	Trends in Ecology & Evolution	breadth	journal	natural-science	international	empirical	field		English-NaturalScience-Journal-Skills	English-NaturalScience-Journal-Skills/skills/trends-in-ecology-and-evolution/SKILL.md		ecology evolution;tree;forward-looking;opinion;trends;display-item limits;pre-submission inquiry;counter-evidence;reference display-item;glossary;outstanding questions;synthesis;conceptual;piece;forum;boxes;cell press;pieces;thesis;invited;alternative views;bioscience;evolution community;highlights outstanding;self-contained legends;next questions;commissioning;science society;uninvited;broad ecology;word reference;agenda;accessibility;global-change;subfields;original;readership;non-specialists;cross-subfield;evolutionary
water-research	Water Research	breadth	journal	natural-science	international	empirical	field		English-NaturalScience-Journal-Skills	English-NaturalScience-Journal-Skills/skills/water-research/SKILL.md		water;water-engineering;microbiology;mechanistic methodological;single-site monitoring;specified conditions;wastewater;highlights graphical;analytical;reference conventions;contaminants;water-science;contaminant;fate;conditions benchmarking;treatment process;length reference;elsevier;benchmarking literature;clearly specified;mechanistic performance;realistic clearly;water-quality;environmental;incremental parameter;mass balances;quality-control;methodological advance;process understanding;quality;controls replication;science engineering;optimization;experimental design;recovery;engineers;global;reuse;detailed;advances
integration-of-constraint-programming-artificial-intelligence-and-operations-research	Integration of Constraint Programming, Artificial Intelligence, and Operations Research	breadth	conference	operations	international	empirical	field		Computer-Science-Conference-Skills	Computer-Science-Conference-Skills/skills/integration-of-constraint-programming-artificial-intelligence-and-operations-research/SKILL.md		cpaior;constraint programming;operations;optimization;integration constraint;programming artificial;hybrid;scheduling;artificial intelligence;algorithmic-performance;conference;artifact;anonymity;venue-specific;aaai-acm-conference-on-ai-ethics-and-society aies;aamas international-conference-on-principles-;acm-conference-on-fairness-accountability-and-transparency facct;advance optimizer;aies acm-conference-on-fairness-accountability-and-transparency;algorithmic performance;algorithms industrial-scale;and-practice-of-constraint-programming aaai-acm-conference-on-ai-ethics-and-society;autonomous-agents-and-multiagent-systems aamas;broader operations-research;clinical deployment;compare constraint-programming;constraint search;constraint-programming depth;contribution hospital;cpaior-specific routing;credibility include;credibility treat;depth icaps;dominate compare;exact algorithms;example belongs;facct break;icaps planning;inference clinical;inference compare
journal-of-operations-management	Journal of Operations Management	depth	journal	operations	international	empirical	field	FT50	Journal-of-Operations-Management-Skills		Journal-of-Operations-Management-Skills/resources/official-source-map.md	operations;department;analytical;management;practical relevance;observation;operational;supply chain;ascm;field case;heart question;supply-chain;survey archival;conversation;mission;observed;phenomenon;empirical mandate;operations-as-heart;belief;preferred;optimization;departments;ordering;archival secondary;behavioral-om;buffering;case experiment;four screens;inter-organizational;om-relevant;phenomenon-only;renders empirical;secondary field;supplier;modeled;setting;claim depends;focal;subsection
manufacturing-and-service-operations-management	Manufacturing and Service Operations Management	depth	journal	operations	international	empirical	field		Manufacturing-and-Service-Operations-Management-Skills		Manufacturing-and-Service-Operations-Management-Skills/resources/official-source-map.md	operations;department;operational;manufacturing service;management;lever;analytical;managerial;revenue;departments;practice platform;analytics;queueing;services;lane;inventory;queue;stochastic;pass;bottleneck decision;broader reach;constraint test;empirical data-driven;implementable policies;implementation constraint;insight implementable;lock process;look service;method-first theory;page typeset;process bottleneck;reach production;service manufacturing;service mechanism;surge;wider readership;conversation;informs;decision central;decision policy
operations-research	Operations Research	depth	journal	operations	international	empirical	FT50 / UTD24		Operations-Research-Skills		Operations-Research-Skills/resources/official-source-map.md	operations;stochastic;informs;equation-free;area;ors-theory-development;complexity;contribution statement;provable;guarantee;ors-data-analysis;ors-methods;tighter;rate;orjournal;simulation;optimization;innovative;bound;theorems;mandatory contribution;approximation;regime;author-year;methodological contribution;formulate;or-specific;ors-contribution-framing;ors-literature-positioning;ors-submission;soft double-anonymous;prove;convergence;computational;delta;guarantees;decision payoff;mathematically rigorous;problem significance;management
production-and-operations-management	Production and Operations Management	depth	journal	operations	international	empirical	field		Production-and-Operations-Management-Skills		Production-and-Operations-Management-Skills/resources/official-source-map.md	operations;department;production;management;same-data;operational;lever;empirical behavioral;interest practicing;pom-contribution-framing;poms;supply chain;healthcare;significant interest;managerial;service;e-companion;performance metric;pom-data-analysis;pom-theory-development;related prior;knowledge practice;managers;decision maker;staffing;pass;behavioral data-science;decision performance;insight tied;metric implementable;msom manufacturing;optimization msom;platform decisions;supply-chain platform;method-first optimization;substantial contribution;analytical;broader theory;science broader;give
informs-journal-on-computing	INFORMS Journal on Computing	depth	journal	operations/computing	international	empirical	field	JCR/CAS Q1-tier	INFORMS-Journal-on-Computing-Skills		INFORMS-Journal-on-Computing-Skills/resources/official-source-map.md	ijoc;computing;informs;instances;operations;computational;baseline;ijoc-topic-selection;application;area;news;ijoc-literature-positioning;ijoc-methods;ijoc-theory-development;ijoc-workflow;ijoo;competitor still;computing-first;axis;formulation;tooling;optimization;heuristic;methodological;generalization variance;ijoc-contribution-framing;ijoc-data-analysis;learning simulation;mathematical programming;ml-for-or;outperform;technical areas;management science;prior learning;quoting;tighter bounds;instance;faster;larger;time
mind	Mind	depth	journal	philosophy	international	interpretive/theory	field		Mind-Skills		Mind-Skills/resources/official-source-map.md	mind;thesis;philosophy;sole criterion;philosophical;critical notice;quality sole;triple-anonymous;debate;book;area school;sound argument;objection;view;analytic;moral testimony;takes quality;distinctions;analytic-philosophy;valid;puzzle;premises;disagreement;words;enter;argument alone;conceptual precision;conflated assumed;could deny;defensible argument;informal exposition;line numbering;mind-literature-positioning;mind-ready;mind-thesis-and-argument;months rule;oppose;parsimony;philpapers;quality-only
physical-review-applied	Physical Review Applied	breadth	journal	physics	international	empirical	field		English-NaturalScience-Journal-Skills	English-NaturalScience-Journal-Skills/skills/physical-review-applied/SKILL.md		physical;physics;prapplied;device;applied-physics;supplemental material;fabrication;quantum;uncertainties benchmarking;capability;applied;application;photonics;characterized;devices;energy;acoustics metamaterials;application-relevance;benchmarking relevant;fundamental-physics;mechanism demonstrated;relevant state;samples runs;sensing;quantitative performance;spintronics;metrology;technology;length conventions;quantitative comparison;optica;fundamental;idealized;photonic;sensors;wave;parameters;noise;principle;enables
physical-review-b	Physical Review B	breadth	journal	physics	international	empirical	field		English-NaturalScience-Journal-Skills	English-NaturalScience-Journal-Skills/skills/physical-review-b/SKILL.md		materials physics;condensed-matter;topological;condensed matter;matter materials;physical;computational parameters;cross-subfield;transport;urgency;physical-review-letters;correlated;contribution condensed;insulators;parameters functional;rigorous correctness;semiconductor;substantive rigorous;convergence;archival;dmft;superconductivity;superconductors;symmetry;band;quantum;nanoscale;spin;letter format;type letter;broad importance;worldwide;nature-physics;physical-review-x;spectroscopic;supplemental material;nature-family;code deposition;arxiv posting;rapid
physical-review-d	Physical Review D	breadth	journal	physics	international	empirical	field		English-NaturalScience-Journal-Skills	English-NaturalScience-Journal-Skills/skills/physical-review-d/SKILL.md		physics;cosmology;physical;dark;astroparticle;gravitation;particle;gravitational;collaboration;astrophysics;phenomenology;correct complete;physical-review-letters;derivation;acknowledgment requirements;nature urgency;particle-physics;particles fields;collider;gravity;cross-subfield;contribution subfield;general relativity;field theory;archival;gravitational-wave;high-energy;waves;calculations;lattice;substantive;type letter;sharing;nuclear;arxiv;steps;detection;experimental;derivations;accounting description
physical-review-e	Physical Review E	breadth	journal	physics	international	empirical	field		English-NaturalScience-Journal-Skills	English-NaturalScience-Journal-Skills/skills/physical-review-e/SKILL.md		physical;physics;soft-matter;nonlinear;supplemental material;broad-impact;finite-size;granular;statistical mechanics;numerical;complex systems;fluid;parameter;dynamics;derivations;chaos;condensed-matter electronic;kinetic theory;nonlinear-science;single-run illustrations;convergence;uncertainties;complex-systems;established theory;fluids;pattern formation;preliminary letter-length;soft;quantitatively;scaling;belonging;theory prior;length conventions;workers;fully documented;ranges;quantitative;short-format;stochastic;matter
physical-review-letters	Physical Review Letters	depth	journal	physics	international	empirical	field		Physical-Review-Letters-Skills		Physical-Review-Letters-Skills/resources/official-source-map.md	physical letters;broad interest;decisive measurement;supplemental material;out-of-subfield;importance;deductible;effect decisive;physics;breadth;gate;phys;prior belief;physicist;astro;belongs physical;equations references;importance-and-broad-interest;letters body;measurement unlocked;nuclear gravitation;prose physical;soft quantum;unlocked regime;derivations extended;interest named;matter particle;references count;scratch deciding;statistical soft;length limit;particle nuclear;letter;subfield;quantum information;retarget;condensed matter;central claim;write;appeal
physical-review-x	Physical Review X	breadth	journal	physics	international	empirical	field		English-NaturalScience-Journal-Skills	English-NaturalScience-Journal-Skills/skills/physical-review-x/SKILL.md		cross-subfield;physics;quantum;physical;open-access;subfield;condensed matter;waiver;subfields condensed;commons license;divisions;numerical convergence;completeness;creative commons;prx-quantum;physical-review-d;physical-review-b;physical-review-letters;nature-physics;importance;strict length;licensing;significance;allows;padded;length limit;address board;advances aps-covered;ambition strict;amount institutional;applicability interdisciplinary;applies explicit;arbitrarily truncated;argued condensed;argument re-route;article-type eligibility;articulable deciding;articulated physicist;asked whether;availability datasets
american-journal-of-political-science	American Journal of Political Science	depth	journal	political-science	international	empirical	top-3 polisci		American-Journal-of-Political-Science-Skills		American-Journal-of-Political-Science-Skills/resources/official-source-map.md	ajps;american political;political science;third-party;correspondence;political-science;verifier;note;showed;numerical main;political settings;quantitatively leaning;travels political;debate;re-runs;self-cites;double-blind;dataverse;third-person;contribution travels;first-person;formal-empirical;politics;deposited code;anonymizing;apsr;identification;pass;ajps-literature-positioning;ajps-research-design;ajps-specific;behavior institutions;carry rigorous;code confirms;condition test;confirms reproduces;disagreement contested;expect tight;field-wide breadth;generalist quantitatively
american-political-science-review	American Political Science Review	depth	journal	political-science	international	empirical	top-3 polisci		American-Political-Science-Review-Skills		American-Political-Science-Review-Skills/resources/official-source-map.md	apsr;american political;political science;subfield;double-anonymous;general significance;apsa;engage;whole discipline;debate;normative;regular note;politics;formal experimental;qualitative formal;cambridge;dataverse;comparative;quantitative qualitative;cross-subfield;desk-rejection;political theory;registered report;disagreement;interpretive;american-political-science-review;americanist;americanists;apsr-literature-positioning;apsr-research-design;apsr-submission;reappraisals;representation institutions;political-science;subfield-only;discipline american;institutions behavior;responsiveness;substantive;literatures
british-journal-of-political-science	British Journal of Political Science	depth	journal	political-science	international	empirical	field		British-Journal-of-Political-Science-Skills		British-Journal-of-Political-Science-Skills/resources/official-source-map.md	bjps;british political;political science;wide interest;subfield;behaviour;single-country;country;bjpols;cambridge;political-science;countries;comment;comparative;normative;bjps-literature-positioning;test general;debate;engage;dataverse;political economy;case;harvard;aims;cross-subfield;politics;substantive;cross-national;opinion;bjps-research-design;bjps-specific;british-journal-of-political-science;broadly based;cover developments;developments wide;economics philosophy;framed us-specific;general institutional;international design;premium wide
comparative-political-studies	Comparative Political Studies	depth	journal	political-science	international	empirical	field		Comparative-Political-Studies-Skills		Comparative-Political-Studies-Skills/resources/official-source-map.md	comparative;political;comparative-politics;leverage;ethnic;politics;parties;debate;rival;region;apsr ajps;cps-research-design;elections;comparativist;countries;multi-method;time;democratization;standing answer;portability;cases;portable;cross-regional;units;country;case;regime;regimes;sage;accounts;cross-national;travels;ajps bjps;behavior participation;cps-literature-positioning;cps-theory-building;discipline-wide pitch;institutional structural;insularity;mobilization
journal-of-politics	Journal of Politics	depth	journal	political-science	international	empirical	field		Journal-of-Politics-Skills		Journal-of-Politics-Skills/resources/official-source-map.md	politics;contingent replicability;pages;theoretically innovative;theoretical innovation;general-interest;makes contingent;replication analyst;political;general reader;page budget;political-science;category;general interest;ajps;formal theory;double-blind;ballot;replicability replication;spsa;subfield;apsr;double-spaced;counts;american comparative;mechanism measure;prizes theoretical;normative;subfields;public administration;analyst assigned;assigned conditional;broad encompassing;comparative formal;engage debates;explicitly prizes;incremental recent;innovative argument;jop-literature-positioning;measure reconceptualization
world-politics	World Politics	depth	journal	political-science	international	empirical	field		World-Politics-Skills		World-Politics-Skills/resources/official-source-map.md	world politics;cross-case;comparative politics;triple-blind;international relations;cases;politics international;debate;country;books;comparative-politics;single-case;journalistic;question travels;princeton;substantive;travel;advances theoretical;opinion policy;politics expects;theory-only historical;case general;doesn;domain comparative;including notes;international-relations;original empirics;book;notes references;single-country;specialist;formal-empirical;reframe;comparative-historical;cross-national;agenda;disagreement;engage;apsa human-subjects;conflict development
annual-review-of-psychology	Annual Review of Psychology	depth	journal	psychology	international	empirical	field		Annual-Review-of-Psychology-Skills		Annual-Review-of-Psychology-Skills/resources/official-source-map.md	arpsych;annual psychology;arpsych-literature-synthesis;bulletin;arpsych-comprehensiveness-and-balance;arpsych-organizing-framework;arpsych-proposal-and-commissioning;psychological;spine;psych;organizing question;meta-analysis;invitation;arclinpsych;arpsych-submission;arpsych-topic-selection;arpsych-workflow;synthesis-readiness;annual reviews;committee;annualreviews;future-directions;perspectives;balance;maturity;clinical;annual-review-of-psychology-skills;arpsych-tables-figures;entire domain;social developmental;handles;foundational anchors;organizing idea;recent frontier;cognitive social;literature annual;neuro;reviews production;mature important;gather literature
cognitive-psychology	Cognitive Psychology	depth	journal	psychology	international	empirical	field		Cognitive-Psychology-Skills		Cognitive-Psychology-Skills/resources/official-source-map.md	cognitive psychology;psychology elsevier;multi-experiment;model-driven;integrative;accounts;theoretical;cognition;formal;recovery;discriminate;compared;rival;program;modeling-led;fork;experiments;rivals;modeling;isolated effect;z-roc;catalogue;backbone;reproducible code;longer;memory;contribution shape;fitting;short-report;experiment;contrast class;discriminating;theories;adjudicate;adjudicates;continuous;comparison;apa-style reporting;bayes factors;cannot settle
developmental-psychology	Developmental Psychology	depth	journal	psychology	international	empirical	field		Developmental-Psychology-Skills		Developmental-Psychology-Skills/resources/official-source-map.md	developmental;psychology;within-person;length tier;longitudinal;ages;trajectory;change mechanism;cross-sectional;invariance;minors;attrition;multi-study;cohort;theory advance;jars;change effects;effortful;single-age;open-science;brief report;development;broad lifespan-development;change claim;change trajectories;developmental-change;life span;micro-genetic;public significance;childhood;unknown;larger;confounds;growth;tiers;age-comparative;claim change;devpsych-study-design;devpsych-theory-and-hypotheses;effortful-control
journal-of-personality-and-social-psychology	Journal of Personality and Social Psychology	depth	journal	psychology	international	empirical	flagship psych		Journal-of-Personality-and-Social-Psychology-Skills		Journal-of-Personality-and-Social-Psychology-Skills/resources/official-source-map.md	jpsp;personality;social psychology;ppid;irgp;multi-study;long-format;jpsp-scale;theoretical;construct;edited;masked;jars;package;per-section;psychological;remits;trait;readers expect;literatures;short-report;cognition;guides;accounts;attitudes;processes;tension;pass;bulletin field;conditions judge;cumulative-study;experiment-centered;experimental social;foreshadow;foreshadows;front competing;intergroup;internal meta-analysis;jpsp-literature-positioning;jpsp-theory-and-hypotheses
perspectives-on-psychological-science	Perspectives on Psychological Science	depth	journal	psychology	international	empirical	field		Perspectives-on-Psychological-Science-Skills		Perspectives-on-Psychological-Science-Skills/resources/official-source-map.md	pops;psychological;meta-science;perspectives;broad integrative;integrative theoretical;ppsych-organizing-framework;superordinate;bulletin;current directions;miscellaneous;ppsych-proposal-and-commissioning;proposal;annual psychology;piece;animating;ppsych-literature-synthesis;ppsych-submission;psychology current;cooperative;message;theoretical statement;sub-areas;provocation;psychologist;open-science;exemplary;pops-shaped;ppsych-comprehensiveness-and-balance;ppsych-workflow;theoretical metatheoretical;以官网为;reform debate;spine;meta-analysis;官网为准;pieces;balance;gather literature;claim field
psychological-bulletin	Psychological Bulletin	depth	journal	psychology	international	review/meta	flagship psych (review)		Psychological-Bulletin-Skills		Psychological-Bulletin-Skills/resources/official-source-map.md	psychological bulletin;meta-analysis;synthesis;meta-synthesis;systematic;moderator;publishes syntheses;mars prisma;prisma jars;scoping search;eligibility;bulletin publishes;narrative essay;meta-review;qualitative;theory psychological;prior reviews;moderators;th-edition;comparable;predictor;added value;reviews meta-analyses;handful narrative;literature size;lives psychbull-meta-analysis-methods;meta-analyses meta-reviews;meta-analyzable;poolable;primary theory;publication-bias diagnostics;random-effects;research-synthesis;self-affirmation;syntheses scientific;synthesizes existing;original;effect sizes;double-coding;fits psychological
psychological-review	Psychological Review	depth	journal	psychology	international	theory	field		Psychological-Review-Skills		Psychological-Review-Skills/resources/official-source-map.md	psychological;rivals;rival;psychrev-theory-construction;psychrev-argument-development;predictions;adjudication;theories;phenomena;standing;formal;explanandum;generality;diagnostic;verbal;constrain theory;psychrev-boundary-conditions;psychrev-literature-positioning;unification;relabel;phenomenon;account;formalization;commitment omission;empirical-contribution;motivate constrain;psychrev-submission;subsumption;derive;existing;stance;theory could;paradigm;identifiability;contrast;theoretical;silent;yields;bulletin;advance mechanism
psychological-science	Psychological Science	depth	journal	psychology	international	empirical	field		Psychological-Science-Skills		Psychological-Science-Skills/resources/official-source-map.md	psychological science;registered report;confirmatory;preregistered;open-science;impact breadth;transparency statement;preregistration;open materials;outside subarea;tight;word format;th-edition;word structured;powered;empirical psychology;high-impact empirical;report stage;test boundary;decisive test;concise high-impact;graded;underpowered;commentary;replication;appendices words;case-by-case;citations format;combined excluded;declare provenance;discussion footnotes;materials dois;paradigm broad;protects publication;provenance honestly;psci-literature-positioning;report existing;rewards precision;robust broadly;roughly references
journal-of-educational-psychology	Journal of Educational Psychology	depth	journal	psychology/education	international	empirical	field		Journal-of-Educational-Psychology-Skills		Journal-of-Educational-Psychology-Skills/resources/official-source-map.md	educational;instruction;psychology;classroom;learning;psychological;nesting;masked;classroom-level;jars;primary empirical;education;achievement;ecological validity;exceptionally important;meta-analysis;motivation;multi-study;reliability validity;transparency openness;classrooms;original primary;preregistration;contrast class;word format;power;students;multilevel;effect;classes schools;cluster-level;educational-psychology;educationally;jedpsych-study-design;openness subsection;teacher-delivered;cluster-randomized;inherits claim;longitudinal;th-edition
journal-of-applied-psychology	Journal of Applied Psychology	depth	journal	psychology/organizational	international	empirical	field		Journal-of-Applied-Psychology-Skills		Journal-of-Applied-Psychology-Skills/resources/official-source-map.md	applied psychology;multilevel;personnel;obhdp;theoretical contribution;cumulative;leadership;design rigor;theory-development;construct;single-source;cross-sectional;measurement;meta-analysis;mechanism boundary;feature;materials code;cross-level;th-edition;individual;joap-study-design;joap-theory-and-hypotheses;servant;temporal;psychological;self-report;boundary integration;contrast class;closest prior;separation;team;validity;organizational;genuine theoretical;masked;assessment teams;attitudes well-being;commensurate contribution;contribution report;dual gate
china-public-administration-review	公共管理评论	breadth	journal	public-admin	china	empirical	field	CSSCI	Chinese-SocialScience-Journal-Skills	Chinese-SocialScience-Journal-Skills/skills/china-public-administration-review/SKILL.md		公共管理;共管理评;管理评论;清华大学;文长摘要;英文长摘;共管理学;治理;数字政府;行政改革;华大学主;公共价值;政策;述评;匿名评审;栏目;教育部主;育部主管;投稿;佳作评介;华大学公;大学公共;季英文佳;学公共管;实践视野;当季英文;文佳作评;理学术季;社会组织;英文佳作;评论往来;公共治;学术季刊;基层治;原创论文;应急管理;管理学术;管理学院;主题述;目字数
chinese-public-administration	Chinese Public Administration	depth	journal	public-admin	china	empirical	field	CSSCI	Chinese-Public-Administration-Skills		Chinese-Public-Administration-Skills/resources/official-source-map.md	国行政管;行政管理;chinese public;public administration;公共管理;技能服务;本技能服;共管理理;研究问题;理论;governance;治理;官僚;政策过程;可研究;新公共;policy-process;维度;论框架;共管理学;theory frame;一支公共;央地关系;宏大议题;形式主义;支公共管;理现代化;管理选题;four-verb;public-administration theory;管理学报;经济;经验证据;filler;实践维;疑问句;街头官;论必备;提供;本文
governance-journal	Governance Journal	depth	journal	public-admin	international	empirical	field		Governance-Journal-Skills		Governance-Journal-Skills/resources/official-source-map.md	governance;administration;international policy;institutions;executive politics;comparative;institutional;comparative-institutional;ipsa;accountability;governing;policy process;corporate;organization state;politics public;country;delegation;public policy;countries;reform;capacity;case;organization government;policy feedback;administrative;cross-national;policy public;bureaucratic;comparatively;qualitative comparative-historical;wiley;bureaucracy;coordination;public-administration;boundary condition;networks;portability;agenda-setting instrument;choice policy;concept formation
governance-studies	治理研究	breadth	journal	public-admin	china	empirical	field		Chinese-SocialScience-Journal-Skills	Chinese-SocialScience-Journal-Skills/skills/governance-studies/SKILL.md		治理;共浙江省;江省委党;浙江省委;省委党校;理研究;公共;行政;党校学报;委党校学;政策;投稿;政学院;浙江行;英文标题;管理;政府;性学术刊;论性词语;评论性词;传或工作;合性学术;宣传或工;综合性学;共服务;基层治;方法;本刊;理绩效;社会治;共管;栏目要求;案例比较;学术刊物;官方;协同治;可改投;摘要;策宣传;国家治
journal-of-public-administration-research-and-theory	Journal of Public Administration Research and Theory	depth	journal	public-admin	international	empirical	field		Journal-of-Public-Administration-Research-and-Theory-Skills		Journal-of-Public-Administration-Research-and-Theory-Skills/resources/official-source-map.md	jpart;administration theory;public administration;public-management;governance;jpam;tape;representative bureaucracy;pmra;experimental causal;performance management;representation;bureaucratic behavior;collaborative network;employees citizens;motivation;increasingly experimental;public service;passive;policy-analysis;theoretical;engage theory;move;named mechanism;public-administration;behavioral;institutions;symptom;behavior public;bureaucracy performance;detailed developmental;experiments public;extends tests;institutional translation;jpart-literature-positioning;jpart-research-design;mispredicts;public employees;public sector;release software
public-administration-and-policy-review	公共管理与政策评论	breadth	journal	public-admin	china	empirical	field		Chinese-SocialScience-Journal-Skills	Chinese-SocialScience-Journal-Skills/skills/public-administration-and-policy-review/SKILL.md		管理与政;理与政策;公共管理;政策评论;人民大学;国人民大;政府;社会政策;匿名评阅;公共服务;投稿;治理;一稿两投;社会保障;执行;分析交叉;勿一稿两;政策设计;策分析交;年代;基层治;应急管理;行政;本刊;价值讲清;公共价值;共价值讲;政策分析;案例比较;组织激励;官方;官网;府治;方法;政策稿;数字治;制度分析;文本分析;理论对话;双月刊
public-administration-review	Public Administration Review	depth	journal	public-admin	international	empirical	field		Public-Administration-Review-Skills		Public-Administration-Review-Skills/resources/official-source-map.md	administration;public;practitioner;jpart;public-management;so-what;practice;governance;jpam;budgeting;practitioners;niche;career intel;conceptualizing;early career;practically speaking;scholarly take;aspa;field-wide significance;service motivation;debate;scholars;personnel;management;collaborative;以官网为;官网为准;engage;evidence-for-practice;intel practically;motivation policy;practice-bridging;premium field-wide;pubar-literature-positioning;pubar-theory-building;public-administration-review;type scholarly;transparency;theory-driven;endnotes references
journal-of-policy-analysis-and-management	Journal of Policy Analysis and Management	depth	journal	public-policy	international	empirical	field		Journal-of-Policy-Analysis-and-Management-Skills		Journal-of-Policy-Analysis-and-Management-Skills/resources/official-source-map.md	jpam;policy management;appam;public-management;policy program;cost-benefit;decision-relevant;economics political-science;policy insights;science public;political;cross-field;identification;policy effect;feature;distributional;health labor;credible;education health;program effect;synthetic control;credibly;cross-disciplinary;policymaker;wiley;housing;estimate;retrospective;crime;estimates;determinants;counterfactual;magnitude;policy public;stake;administration;identifying variation;base current;exogenous variation;government think-tank
journal-of-the-american-academy-of-religion	Journal of the American Academy of Religion	depth	journal	religion	international	interpretive/theory	field		Journal-of-the-American-Academy-of-Religion-Skills		Journal-of-the-American-Academy-of-Religion-Skills/resources/official-source-map.md	jaar;religion;american academy;broad fundamental;fundamental interest;traditions;non-confessional;method-conscious;scholarship;tradition;category;contestable;religious;reflexive;thesis;intervention;comparative;reframe;congregation;description survey;healing;jaar-argument-development;jaar-theory-and-method;specialist;reframing;analytic;ethnographic;conversation;specialists;academic;portable;area;advocacy;subfield;field-level;essay;scholars;point;explicitly wants;guards
american-economic-review	American Economic Review	breadth	journal	social-science	international	empirical	field	top-5	English-SocialScience-Journal-Skills	English-SocialScience-Journal-Skills/skills/american-economic-review/SKILL.md		american economic;identification;aej-applied-economics;aej-economic-policy;aej-microeconomics;aer-insights;editorial-manager;top- top-field;verification workflow;general-interest;aej-macroeconomics;journal-of-public-economics;twfe staggered;profession;general interest;threats;availability policy;first-order;accepts twfe;adoption weak;aer- profile;aer-skills aer-;aer-workflow step-by-step;american-economic-review flagship;association economics;availability verification;baseline structural;care make;choices state-of-the-art;codes tightly;confounders design;consequential narrow;context methodological;contribution excellent;contribution headline;contribution non-overlapping;cosmetic contribution;covariate-smoothness fast;credible top-;current top-
asia-pacific-economic-review	亚太经济	breadth	journal	social-science	china	empirical	field	CSSCI	Chinese-SocialScience-Journal-Skills	Chinese-SocialScience-Journal-Skills/skills/asia-pacific-economic-review/SKILL.md		亚太经济;国别;贸易投资;亚太区域;建社会科;福建社会;投稿;区域合作;不得更改;互动和开;动和开放;国与亚太;太区域合;太经济互;字数与参;数与参考;经济互动;署名顺序;跨境金融;平台标注;录用后不;时事评论;比较制度;比较框架;会科学院;不收版面;官方;收版面费;开放战略;稿件要素;参考文献;别经济;多作者;数据;社会科学;计与经济;评论化;以编辑部;政策;期刊
auditing-and-economics-research	审计与经济研究	breadth	journal	social-science	china	empirical	field	CSSCI	Chinese-SocialScience-Journal-Skills	Chinese-SocialScience-Journal-Skills/skills/auditing-and-economics-research/SKILL.md		审计;计与经济;会计;经济研究;财政监督;页下脚注;资本市场;投稿;交代构造;南京审;计大学;准则;计研究;者信息单;公司治理;计质量;官方;专家匿名;家匿名审;用页下脚;计信息;披露;顺序编码;经济后果;拉伯数字;阿拉伯数;公共审;不收审稿;收审稿费;计治理;本刊;正文匿名;计理论;计问题;双月刊;核验;计度量;计机制;官网;auditing economics
auditing-research	审计研究	breadth	journal	social-science	china	empirical	field		Chinese-SocialScience-Journal-Skills	Chinese-SocialScience-Journal-Skills/skills/auditing-research/SKILL.md		审计;计研究;会计;国家审;计署主管;计学会主;计质量;投稿;交代构造;注册会;独立性;计准则;学会主办;全国管理;公共资金;共资金绩;国审;国管理类;理类核心;管理类核;资金绩效;披露;制度政策;度背景准;类核心期;背景准确;计师;顺序;不收版面;收版面费;政策与规;策与规范;制度背景;资本市场;参考文献;计监;计与经济;官方;文题目;计治理
brookings-papers-on-economic-activity	Brookings Papers on Economic Activity	breadth	journal	social-science	international	empirical	field	top-5	English-SocialScience-Journal-Skills	English-SocialScience-Journal-Skills/skills/brookings-papers-on-economic-activity/SKILL.md		bpea;brookings;macro-policy;economic activity;real-time;macro;proposal;conference timeline;discussant;invitation;conference solicited;conference-driven;engage policy;policy-literate;timely rigorous;clear defensible;discussants;economic-policy;route conference;willingness;policy relevance;policy conversation;debate;comments;topical;magnitudes;macroeconomics;monetary;critique;acknowledging identification;activity brookings-papers-on-economic-activity;activity call;activity tags;advance statistical;aej-macroeconomics money;aimed informing;alongside aimed;alongside state;ambition american-economic-review;anticipates published
bulletin-of-chinese-academy-of-sciences	中国科学院院刊	breadth	journal	social-science	china	empirical	field		Chinese-SocialScience-Journal-Skills	Chinese-SocialScience-Journal-Skills/skills/bulletin-of-chinese-academy-of-sciences/SKILL.md		国科学院;学院院刊;科学院院;战略;国家科;科技;专题方向;近期专题;略高度;决策;分级编号;学思想库;家科学思;库核心媒;思想库核;想库核心;期专题方;核心媒体;比较支撑;略与治理;自由来稿;问题提升;际比较支;题提升到;科学思想;作者简介;三线表;技战;智库;普通企业;国际比较;投稿;略与决;专利实证;升到国家;可持续发;库类期刊;技问题提;持续发展;提升到国
business-management-journal	经济管理	breadth	journal	social-science	china	empirical	field		Chinese-SocialScience-Journal-Skills	Chinese-SocialScience-Journal-Skills/skills/business-management-journal/SKILL.md		管理;经济;工商管;济管;财务会计;院工;企业改革;融与财务;金融与财;投稿;旅游管;理与公;理学术;方法;济与管;营销;国社;理论;兼顾公共;工经所主;策评估而;经所主办;评估而无;理研究;济政策评;会科学院;官方;战略;市场营;工业经;人力资源;公司金融;社会科学;偏差检验;法偏差检;表信效度;量表信效;公共政策;学术月刊;本刊
china-economic-studies	中国经济问题	breadth	journal	social-science	china	empirical	field	CSSCI	Chinese-SocialScience-Journal-Skills	Chinese-SocialScience-Journal-Skills/skills/china-economic-studies/SKILL.md		国经济问;经济问题;厦门大学;学双月刊;济学双月;经济学双;投稿;两岸经济;国经济增;经济增长;官方;期刊;本刊;产业组织;学问题;核验;文献;不收版面;财政金融;收版面费;china economic;经济学问;区域经济;开放经济;要求;证据;政策;方法;采编系统;格式;理论;来源期;多投;背景;主办;参考文;编辑部;补充材料;一稿;稿须知
china-soft-science	中国软科学	breadth	journal	social-science	china	empirical	field		Chinese-SocialScience-Journal-Skills	Chinese-SocialScience-Journal-Skills/skills/china-soft-science/SKILL.md		国软科学;科学技术;政策;学技术信;技术信息;术信息研;信息研究;软科学研;管理;科技;学研究会;投稿;国科学技;科学研究;创新;战略;研究所主;究所主办;学技术部;技术部主;术部主管;重复率;科学学;官方;本刊;决策;证据;英文摘要;问题;国家;专利;核验;参考文献;产业政;china soft;新战;系统;理科学;学学研究;方法
chinese-journal-of-management	管理学报	breadth	journal	social-science	china	empirical	field		Chinese-SocialScience-Journal-Skills	Chinese-SocialScience-Journal-Skills/skills/chinese-journal-of-management/SKILL.md		管理;华中科技;科技大学;理学;技大学主;理科学;国管;学报;国情境;理论;投稿;共同方法;同方法偏;方法偏差;表信效度;量表信效;大学主办;公司治理;实践的理;新乡学院;源与领导;资源与领;学刊;官方;教育部;论建构;创新创业;人力资源;例与混合;样本来源;案例与混;档案数据;测量规范;理理;偏差检验;学术刊物;情境解释;法偏差检;组织行为;键词数量
comparative-economic-and-social-systems	经济社会体制比较	breadth	journal	social-science	china	empirical	field	CSSCI	Chinese-SocialScience-Journal-Skills	Chinese-SocialScience-Journal-Skills/skills/comparative-economic-and-social-systems/SKILL.md		体制比较;会体制比;社会体制;济社会体;经济社会;制度;党史和文;史和文献;央编译出;文献研究;献研究院;编译出版;译出版社;政策;央党史;改革;经验的一;验的一般;投稿;官方;一般化解;体系比较;出版社主;度与体制;政府作用;比较对象;治理体系;版社主办;理体系比;究院主管;般化解释;市场化改;线投审稿;策文件;个关键词;投审稿系;本刊;度经验;福利制;可验证材
contemporary-economy-of-japan	现代日本经济	breadth	journal	social-science	china	empirical	field	CSSCI	Chinese-SocialScience-Journal-Skills	Chinese-SocialScience-Journal-Skills/skills/contemporary-economy-of-japan/SKILL.md		日本经济;代日本经;现代日本;国别;贸易投资;全国日本;华全国日;吉林大学;国日本经;本经济学;区域合作;经济学会;顺序编码;政策;企业制度;升级的启;字内中英;学会联合;日本宏观;日本经验;日贸易投;本宏观经;条顺序编;济学会联;级的启示;联合创办;验对中国;不少;投稿;japan;免新闻评;学与中华;新闻评论;时事评论;有理论框;架或系统;框架或系;比较制度;比较框架;避免新闻
e-government	电子政务	breadth	journal	social-science	china	empirical	field		Chinese-SocialScience-Journal-Skills	Chinese-SocialScience-Journal-Skills/skills/e-government/SKILL.md		电子政务;数字政府;治理;公共;国科学院;共价值;作者最多;学院文献;情报中心;报中心主;文献情报;科学院文;院文献情;纯技术;落到治;投稿;理机制;政策;心主办;学院主管;管理;技术实现;政务服务;智慧城市;理数字化;而非纯技;隐私安全;科学院主;平台监管;机制与公;基层治;行政;方法;参考文献;本刊;多环节;数据治;算法治;e-government;文摘要约
east-china-economic-management	华东经济管理	breadth	journal	social-science	china	empirical	field	CSSCI	Chinese-SocialScience-Journal-Skills	Chinese-SocialScience-Journal-Skills/skills/east-china-economic-management/SKILL.md		经济管理;东经济管;华东经济;安徽;徽省委党;省委党校;共安;党校主办;委党校主;济管理综;管理综合;投稿;徽合肥;主题词表;汉语主题;理综合月;能独立成;语主题词;辑部在安;区域发展;地方经验;独立成文;官方;为可讨论;升为可讨;实践相关;强调实践;经验上升;讨论的一;论的一般;调实践相;践相关性;验上升为;政策;城市;一般机制;创新创业;版面费政;综合月刊;长三角
economic-aspects	经济纵横	breadth	journal	social-science	china	empirical	field		Chinese-SocialScience-Journal-Skills	Chinese-SocialScience-Journal-Skills/skills/economic-aspects/SKILL.md		经济纵横;吉林省社;林省社会;省社会科;社会科学;投稿;济理论月;理论月刊;改革;政策;jjzh;会科学界;学界联合;界联合会;科学界联;会科学院;经济理论;官方;革开放;性经济理;绿色转型;传或经验;制度比较;宣传或经;本刊;合性经济;宏观经济;综合性经;核验;官网;问题;形势;短篇;共同富裕;策文件;试点;区域经济;为准;网最新为;数字经济
economic-problems	经济问题	breadth	journal	social-science	china	empirical	field		Chinese-SocialScience-Journal-Skills	Chinese-SocialScience-Journal-Skills/skills/economic-problems/SKILL.md		经济;济问题;山西省社;西省社会;投稿;省社会科;官方;能源资源;区域;研究;会科学院;财政金融;产业发展;政策;参考文献;企业经营;理论月刊;社会科学;主管主办;济理论;要求;证据;究成果;本刊;决策咨询;学术研;综合性经;高质量发;济学;质量发展;核验;查重;economic problems;体例规范;重复率;问题清楚;格式;考文献格;官网;域经
economic-review-cn	经济评论	breadth	journal	social-science	china	empirical	field	CSSCI	Chinese-SocialScience-Journal-Skills	Chinese-SocialScience-Journal-Skills/skills/economic-review-cn/SKILL.md		经济评论;武汉大学;学双月刊;济学双月;经济学双;投稿;问题;国经济改;改革与制;革与制度;制度变迁;发展经济;经济改革;官方;劳动人口;参考文献;性经济学;收入分配;政策;期刊;本刊;题清晰度;理论;采编系统;合性经济;综合性经;核验;方法;写作规范;高校学报;经济学问;区域;要求;证据;格式;经济理;来源期;官网;为准;财政
economic-science	经济科学	breadth	journal	social-science	china	empirical	field		Chinese-SocialScience-Journal-Skills	Chinese-SocialScience-Journal-Skills/skills/economic-science/SKILL.md		经济科学;官方;投稿;文献;本刊;理论;方法;问题;经济学;期刊;贡献;economic science;可投;献价值;核验;研究;经济理;主题;方要求;综合经济;证据;economic-research;政策;定位;格式;稳健性;学问;核对官网;读者对象;新官;高频拒稿;方稿约;必须;变量;正式;economic-review-cn economic-theory-and-business-management;economic-science economic;economist-cn resources;field profile;heuristics economic-science
economist-cn	经济学家	breadth	journal	social-science	china	empirical	field	CSSCI	Chinese-SocialScience-Journal-Skills	Chinese-SocialScience-Journal-Skills/skills/economist-cn/SKILL.md		经济学家;学术基金;术基金会;西南财经;论经济学;南财经大;理论经济;投稿;四川社;会科学学;学学术基;川社会科;科学学术;经济理论;财政金融;官方;国式现代;式现代化;政策;财经大学;宏观调控;问题;济学月刊;经济学月;收入分配;文献;期刊;本刊;高质量发;质量发展;核验;要求;共同富裕;经济学问;官网;参考文;稿须知;finance-and-economics;证据;方法
foreign-economics-and-management	外国经济与管理	breadth	journal	social-science	china	empirical	field	CSSCI;中文核心	Chinese-SocialScience-Journal-Skills	Chinese-SocialScience-Journal-Skills/skills/foreign-economics-and-management/SKILL.md		济与管理;经济与管;国经济;海财经大;财经大学;管理理论;专投承诺;国情境;共同方法;同方法偏;方法偏差;表信效度;量表信效;投稿;理论建构;经大学主;刊社官网;国外管理;整合框架;期刊社官;构念发展;理前沿综;国际;顺序编;大学期刊;学期刊社;序编码标;盲匿名审;码标注制;管理前沿;经大学期;编码标注;管理学;双盲匿名;开放经济;化扩展;样本来源;大学主办;偏差检验;法偏差检
forum-on-science-and-technology-in-china	中国科技论坛	breadth	journal	social-science	china	empirical	field		Chinese-SocialScience-Journal-Skills	Chinese-SocialScience-Journal-Skills/skills/forum-on-science-and-technology-in-china/SKILL.md		国科技论;科技论坛;政策;创新;投稿;学技术发;技术发展;术发展战;zgkjlt;展战略研;科学技术;略研究院;管理;发展战略;国科学技;战略研究;官网;科技人才;专利;查重;官方;科技政;科研评价;企业创;科技战略;本刊;无作者;校样阶段;针对性;只数数量;匿名;区域创;新体系;核验;科学学;产业政;casted;technology china;新通知为;证据
frontiers-of-engineering-management-science-and-technology	工程管理科技前沿	breadth	journal	social-science	china	empirical	field	CSSCI;中文核心	Chinese-SocialScience-Journal-Skills	Chinese-SocialScience-Journal-Skills/skills/frontiers-of-engineering-management-science-and-technology/SKILL.md		工程管理;科技前沿;程管理科;管理科技;双盲匿名;合肥工业;肥工业大;预测;管理科学;工业大学;投稿;大核心;作者信息;系统;有模型;算法;信息单页;单页附列;大工程管;工程创新;息单页附;业大学主;项目治理;官方;统工程;教育部;级重要期;重要期刊;数值实验;理科学部;重大工程;本刊;测分析;国家自然;学基金委;家自然科;然科学基;科学基金;南大核;方法
industrial-economics-research	产业经济研究	breadth	journal	social-science	china	empirical	field	CSSCI	Chinese-SocialScience-Journal-Skills	Chinese-SocialScience-Journal-Skills/skills/industrial-economics-research/SKILL.md		业经济研;产业经济;经济研究;专业双月;业双月刊;业经济专;京财经大;南京财经;江苏省教;济专业双;经济专业;苏省教育;产业组织;教育厅主;省教育厅;育厅主管;投稿;政策;经大学主;官方;区域产业;并附英文;财经大学;市场结构;转型;大学主办;竞争政;期刊;问题;本刊;数字化转;采编系统;企业创新;核验;绿色转;产业政;产业链;要求;方法;业实证
inquiry-into-economic-issues	经济问题探索	breadth	journal	social-science	china	empirical	field	CSSCI;中文核心	Chinese-SocialScience-Journal-Skills	Chinese-SocialScience-Journal-Skills/skills/inquiry-into-economic-issues/SKILL.md		云南省;济问题探;问题探索;经济;研究院;南省宏观;省宏观经;南省发;产业研究;南省产业;省产业研;发展和改;展和改革;改革委员;革委员会;省发展;参考文献;发改委系;改委系统;省发改委;西南开放;非高校学;边疆;主办;区域;投稿;济类月刊;官方;员会主管;委员会主;济研究;本刊;国际经;政策;匿名;核验;关键;inquiry economic;疆经;产业升级
issues-in-agricultural-economy	农业经济问题	breadth	journal	social-science	china	empirical	field		Chinese-SocialScience-Journal-Skills	Chinese-SocialScience-Journal-Skills/skills/issues-in-agricultural-economy/SKILL.md		农业;业经济;农村;经济问题;盲审;技术经济;国农;业技术;审稿;文与英文;正文与英;投稿;业科学院;济与发展;经济与发;三农;iaecn;业农;农经;业经营主;科学院农;经济学会;经营主体;政策;官方;发展研究;土地;村金融;农户;农民;业绿色发;两份;产业链;可识别信;术研究成;村部;粮食安全;识别信息;原文;效率评价
journal-of-agrotechnical-economics	农业技术经济	breadth	journal	social-science	china	empirical	field	CSSCI;CSCD	Chinese-SocialScience-Journal-Skills	Chinese-SocialScience-Journal-Skills/skills/journal-of-agrotechnical-economics/SKILL.md		农业;技术经济;业技术经;业经济;生产率;效率;技术采纳;经济问题;国农;术经济研;率测度;第三人称;济研究会;业农村部;业科学院;济与发展;经济与发;投稿;iaecn;科学院农;政策;发展研究;三农;土地;农户;业生产;官方;产出口径;作者认为;入产出口;客观自含;度的投入;测度的投;项目评价;审稿;产率测;农村部主;摘要用第;村部主管;用第三人
journal-of-business-economics	商业经济与管理	breadth	journal	social-science	china	empirical	field	CSSCI;中文核心	Chinese-SocialScience-Journal-Skills	Chinese-SocialScience-Journal-Skills/skills/journal-of-business-economics/SKILL.md		商业经济;济与管理;经济与管;工商大学;江工商大;浙江工商;字特色;商大学主;商务;官方;英文题名;投稿;台与服务;商业流通;平台与服;特色学术;色学术月;营销与供;销与供应;姓名;篇幅约;双向匿名;实践相关;强调实践;调实践相;践相关性;大学主办;区域商;服务业;企业;万字;学术月刊;方法;方采编系;问题;讲清楚;编辑部;核验;向匿名审;business economics
journal-of-industrial-engineering-and-engineering-management	管理工程学报	breadth	journal	social-science	china	empirical	field	CSSCI;中文核心	Chinese-SocialScience-Journal-Skills	Chinese-SocialScience-Journal-Skills/skills/journal-of-industrial-engineering-and-engineering-management/SKILL.md		管理工程;理工程学;工程学报;工程学科;浙江大学;投稿;glgcxb;数值实验;算法;系统;有模型;管理科;官方;一与管理;专业教学;业教学指;原国家教;唯一与管;国内唯一;国家教委;委管理工;学指导委;家教委管;导委员会;工程专业;指导委员;教委管理;教学指导;服务运营;江大学主;源于原国;理工程专;理工程类;程专业教;工业工程;工程项目;版面费标;质量管理;面费标准;教育部
journal-of-international-trade	国际贸易问题	breadth	journal	social-science	china	empirical	field		Chinese-SocialScience-Journal-Skills	Chinese-SocialScience-Journal-Skills/skills/journal-of-international-trade/SKILL.md		贸易;国际贸;易问题;开放经济;投稿;唯一渠道;基金首批;科基金首;金首批资;首批资助;国家社科;家社科基;社科基金;易大学;经济贸;官网在线;网在线投;通过官网;企业出口;助学术期;口中间品;批资助学;稿系统投;资助学术;进口中间;三方代投;第三方代;汇率;文献;期刊;本刊;易摩擦;引力模型;全球价值;球价值链;官方;数字贸;服务贸;英文摘要;易政策
journal-of-macro-quality-research	宏观质量研究	breadth	journal	social-science	china	empirical	field	CSSCI	Chinese-SocialScience-Journal-Skills	Chinese-SocialScience-Journal-Skills/skills/journal-of-macro-quality-research/SKILL.md		质量;宏观质;量研究;武汉大学;编辑出版;测度;量发展战;投稿;展战略研;略研究院;发展战略;战略研究;预测;期刊;hgzlyj;汉大学质;消费者福;监管治理;研究院编;究院编辑;般宏观预;费者福利;量测;院编辑出;量经济;一般宏观;汉大学主;官方;来源;教育部;指数构建;官网;本刊;服务质;标准化;量强国;透明;量治理;量管理;刊期
journal-of-public-management	公共管理学报	breadth	journal	social-science	china	empirical	field		Chinese-SocialScience-Journal-Skills	Chinese-SocialScience-Journal-Skills/skills/journal-of-public-management/SKILL.md		公共管理;共管理学;管理学报;顶级中文;投稿;政府;国情境;业大学管;哈尔滨工;大学管理;学管理学;尔滨工业;滨工业大;工业大学;管理学院;行政;治理;政策;公共服务;三审制;理论;业和信息;信息化部;化部主管;工业和信;息化部主;级中文季;绩效管理;数字政;共管理顶;理学院主;管理顶级;基层治;共管理理;机制;执行;政实务;文季刊;仅作样本;样本来源
journal-of-zhongnan-university-of-economics-and-law	中南财经政法大学学报	breadth	journal	social-science	china	empirical	field	CSSCI;中文核心	Chinese-SocialScience-Journal-Skills	Chinese-SocialScience-Journal-Skills/skills/journal-of-zhongnan-university-of-economics-and-law/SKILL.md		财经政法;南财经政;政法大学;经政法大;法大学学;大学学报;经济;会计审计;作品与国;创性作品;原创性作;品与国家;国家级课;家级课题;成果优先;政法综合;法综合双;经政法综;投稿;合双月刊;综合双月;财政金融;官方;交编辑;期刊;字为宜;本刊;英文;区域;题名;核验;参考文献;university economics;zhongnan;摘要;格式;考文献格;匿名;cssci;法经
macroeconomics	宏观经济研究	breadth	journal	social-science	china	empirical	field	CSSCI;中文核心	Chinese-SocialScience-Journal-Skills	Chinese-SocialScience-Journal-Skills/skills/macroeconomics/SKILL.md		观经济研;宏观经济;经济研究;国宏观经;济研究院;宏观调控;性经济理;预测;国家发;投稿;合性经济;综合性经;区分曲线;大核心双;宏观口径;心双核心;核心双核;经济运行;色区分曲;观经济运;颜色区分;macroeconomics cssci;政策;本刊;发展和改;展和改革;改革委员;软件输出;革委员会;经济理论;官方;区域战略;宏观计量;指数构建;来稿用;测预警;究院主办;透明;家发展;测度
management-science-cn	管理科学	breadth	journal	social-science	china	empirical	field	CSSCI;中文核心	Chinese-SocialScience-Journal-Skills	Chinese-SocialScience-Journal-Skills/skills/management-science-cn/SKILL.md		管理科学;学与工程;哈尔滨工;尔滨工业;滨工业大;工业大学;科学与工;业大学主;业大学管;大学管理;学会会刊;学管理学;工程学会;程学会会;投稿;美国;管理学院;期刊;本刊;系统;同名;模型;官方;基金名称;大学主管;数量实证;理中的数;理学院主;统工程;级重要期;工商管理;证明;数值实验;理科学部;供应链;国家自然;学基金委;家自然科;然科学基;科学基金
modern-economic-science	当代经济科学	breadth	journal	social-science	china	empirical	field	CSSCI	Chinese-SocialScience-Journal-Skills	Chinese-SocialScience-Journal-Skills/skills/modern-economic-science/SKILL.md		代经济科;当代经济;经济科学;西安交;交通大学;安交通大;通大学主;学双月刊;济学双月;经济学双;教育部主;育部主管;投稿;金融;官方;采编系统;问题;制度经济;性经济学;大学主办;期刊;本刊;合性经济;综合性经;高质量发;质量发展;核验;双向匿名;文献;写作规范;理论;economic science;modern economic;现代;融市场;题清晰;经济学问;审稿;要求;证据
nankai-economic-studies	南开经济研究	breadth	journal	social-science	china	empirical	field	CSSCI;中文核心	Chinese-SocialScience-Journal-Skills	Chinese-SocialScience-Journal-Skills/skills/nankai-economic-studies/SKILL.md		南开经济;开经济研;经济研究;经济学;南开大学;开大学经;大学经济;学双月刊;济学双月;nankai;济学院;北大核心;投稿;问题;国经济转;型中的制;经济转型;官方;制度与政;劳动人口;度与政策;文献;期刊;本刊;题清晰度;采编系统;产业组织;合性经济;宏观经济;综合性经;国际经济;核验;图表;写作规范;理论;财政金融;政策问;献价值;官网;管理
reform	改革	breadth	journal	social-science	china	empirical	field	CSSCI	Chinese-SocialScience-Journal-Skills	Chinese-SocialScience-Journal-Skills/skills/reform/SKILL.md		改革;政策;庆社会科;重庆社会;济体制改;经济体制;发展政;区域试点;营商环境;投稿;市场化;reform cssci;革与发展;会科学院;不收版面;官方;收版面费;要素市场;制度;社会科学;要求;期刊;问题;本刊;合性经济;学院主管;综合性经;高质量发;质量发展;核验;策类;科学院主;度比较;度逻辑;证据;共同富裕;策文件;革政;页码;审稿周期
reform-of-economic-system	经济体制改革	breadth	journal	social-science	china	empirical	field	CSSCI;中文核心	Chinese-SocialScience-Journal-Skills	Chinese-SocialScience-Journal-Skills/skills/reform-of-economic-system/SKILL.md		体制改革;济体制改;经济体制;四川省社;川省社会;线投审稿;个关键词;投稿;区域试点;政策;省社会科;营商环境;地方治理;政金融体;统计源期;计源期刊;founderss;国企改革;场化改革;市场化改;金融体制;会科学院;经济理论;官方;投审稿系;要素市场;本刊;事实讲清;反事实讲;试点选择;社会科学;制度比较;要求;英文对照;reform;审稿系统;北大核心;学院主管;高质量发;双月刊
research-and-development-management	研究与发展管理	breadth	journal	social-science	china	empirical	field		Chinese-SocialScience-Journal-Skills	Chinese-SocialScience-Journal-Skills/skills/research-and-development-management/SKILL.md		管理;研究与发;究与发展;研发;发展管;创新;复旦大学;当页脚注;机制与管;三审三校;文摘要;投稿;专利;知识;企业研;图分类号;实词;产学研合;偏科技政;学研合作;开放式创;数字化研;期刊平台;术期刊平;新管;技术转移;官方;方法;理问题;本刊;新网络;表信效度;量表信效;学术期刊;理理论;发组织;只数数量;科研;理论建构;科技政策
research-on-economics-and-management	经济与管理研究	breadth	journal	social-science	china	empirical	field	CSSCI;中文核心	Chinese-SocialScience-Journal-Skills	Chinese-SocialScience-Journal-Skills/skills/research-on-economics-and-management/SKILL.md		济与管理;经济与管;管理研究;现实问题;首都经济;济贸易大;经济贸易;经管交叉;贸易大学;投稿;政策建议;北大核心;交叉月刊;会经济发;围绕中国;构念测量;经济发展;结论与政;绕中国社;经济管理;国社会经;易大学主;社会经济;识别策略;官方;论与政策;国经济;大学主办;现实意义;本刊;关键词数;讲清楚;核验;参考文献;jjyglyj;证据;稿件;城市;摘要字数;文献体例
science-and-technology-progress-and-policy	科技进步与对策	breadth	journal	social-science	china	empirical	field		Chinese-SocialScience-Journal-Skills	Chinese-SocialScience-Journal-Skills/skills/science-and-technology-progress-and-policy/SKILL.md		科技进步;步与对策;湖北省科;投稿;创新;北省科技;息研究院;技信息研;省科技信;科技信息;信息研究;官网;管理;究院主办;研究院主;政策;科学;kjjb;操作对策;科技金融;稿件编号;费与审稿;面费与审;网在线;学技术厅;技术厅主;术厅主管;专利;知识;官方;企业研发;成果转化;网最新通;本刊;产业创;半月刊;可操作;识产权;只数数量;区域创
science-of-science-and-management-of-st	科学学与科学技术管理	breadth	journal	social-science	china	empirical	field		Chinese-SocialScience-Journal-Skills	Chinese-SocialScience-Journal-Skills/skills/science-of-science-and-management-of-st/SKILL.md		学学与科;科学技术;科学学;学与科学;学技术管;技术管理;天津市科;津市科学;科技;市科学技;技政策;技管理;投稿;展战略研;策研究会;略研究院;发展战略;战略研究;文摘要约;系统;专利;政策研究;知识网络;创新;学技术局;技术局主;术局主管;研究会会;究会会刊;科研;学技术发;技术发展;技术转移;术发展战;官方;产学研协;人才政策;学研协同;偏决策咨;本刊
science-research-management	科研管理	breadth	journal	social-science	china	empirical	field	中文核心	Chinese-SocialScience-Journal-Skills	Chinese-SocialScience-Journal-Skills/skills/science-research-management/SKILL.md		科研管理;科学;科技;创新;文后标注;咨询研究;技战略咨;略咨询研;询研究院;专利;管理问题;投稿;战略咨询;标注法;研发;学院科;项目;学学与科;华大学技;大学技术;学技术创;新管理;国科;技政策;产学研协;学研协同;策研究会;管理机制;组织;清华大学;研究中心;管理含义;本刊;新研究;新绩效;官方;发管理;官网;系统;企业
scientific-decision-making	科学决策	breadth	journal	social-science	china	empirical	field		Chinese-SocialScience-Journal-Skills	Chinese-SocialScience-Journal-Skills/skills/scientific-decision-making/SKILL.md		决策;科学;学决;系统科;系统分析;拉伯数字;阿拉伯数;政策;国航天系;工程研究;数字用法;程研究院;航天系统;策模型;学与工程;页下注;研究会;投稿;管理;会经济系;伯数字用;分析研究;欧亚系统;治理工具;济系统分;经济系统;统分析研;本刊;国社会经;社会经济;风险评估;官方;战略咨询;用阿拉伯;系统建模;策问题;方法;编号;参数来源;注体例
scientific-management-research	科学管理研究	breadth	journal	social-science	china	empirical	field		Chinese-SocialScience-Journal-Skills	Chinese-SocialScience-Journal-Skills/skills/scientific-management-research/SKILL.md		科学管理;学管理研;管理研究;古自治区;蒙古自治;科技;区软科学;治区软科;研究会主;究会主办;自治区软;英文署名;软科学研;学研究会;投稿;科学研究;创新;技政策;人才管理;区科学技;治区科学;自治区科;技管理;学技术厅;技术厅主;术厅主管;署名与单;专利;官方;企业研发;成果转化;名与单位;本刊;新和产业;英文摘要;科研管理;题目;只数数量;关键词;双月刊
securities-market-herald	证券市场导报	breadth	journal	social-science	china	empirical	field		Chinese-SocialScience-Journal-Skills	Chinese-SocialScience-Journal-Skills/skills/securities-market-herald/SKILL.md		证券市场;券市场导;市场导报;投资者;监管;市公司;资者行为;信息披露;市场监;资本市场;资者保护;投稿;交易;金融;定价;官方;场微观结;市场微观;微观结构;证券监;本刊;市场制度;公司治理;herald;securities market;资产定;公告;核验;机制;方法;期刊;数据;公司金;方要求;证据;规则;格式;研究;事件;时点
shanghai-journal-of-economics	上海经济研究	breadth	journal	social-science	china	empirical	field	CSSCI	Chinese-SocialScience-Journal-Skills	Chinese-SocialScience-Journal-Skills/skills/shanghai-journal-of-economics/SKILL.md		海经济研;经济研究;学院经济;海社会科;科学院经;院经济研;长三角;投稿;社会科学;高质量发;经济学;质量发展;官方;三角经济;产业转型;区域;会科学院;城市治理;数字经济;地方;济学月刊;开放;营商环境;服务业;商务;方法;期刊;本刊;域协同;核验;shanghai economics;产业升级;政策;来源;证据;建议;问题;格式;企业;行业
social-security-studies	社会保障评论	breadth	journal	social-science	china	empirical	field		Chinese-SocialScience-Journal-Skills	Chinese-SocialScience-Journal-Skills/skills/social-security-studies/SKILL.md		社会保障;会保障评;保障评论;可持续;财政可持;政策;社会救助;社保基金;医保;投稿;社会政;官方;养老;行政数据;保险;收入分配;本刊;公共服务;social security;核验;经济;证据;方法;期刊;格式;方要求;机制;调查;政府;激励;制度;层级;读者对象;高频拒稿;新官;主题;正式;heuristics social-security-studies;official-source-map studies-in-labor-economics;profile shanghai-journal-of-economics
soft-science	软科学	breadth	journal	social-science	china	empirical	field		Chinese-SocialScience-Journal-Skills	Chinese-SocialScience-Journal-Skills/skills/soft-science/SKILL.md		软科学;管理;促进发展;四川省科;川省科技;技促进发;省科技促;科技促进;进发展研;投稿;政策;研究中心;发展研究;英文摘要;评价体系;决策;本刊;项目;官方;创新;产业;策模;专利;核验;策支持;参考文献;理决;篇幅约;方法;编号;问题;科技管;soft science;官网;关键词;国软科;相对偏;区域;稿须知;经济
south-china-journal-of-economics	南方经济	breadth	journal	social-science	china	empirical	field	CSSCI	Chinese-SocialScience-Journal-Skills	Chinese-SocialScience-Journal-Skills/skills/south-china-journal-of-economics/SKILL.md		南方经济;广东;东省社会;东经济学;投稿;经济学会;省社会科;匿名评审;人口应用;动人口应;口应用研;应用研究;会科学院;官方;劳动人口;港澳大湾;澳大湾区;粤港澳大;区域协同;济学月刊;经济学月;社会科学;期刊;问题;本刊;企业创新;核验;china economics;产业升级;文献;south china;财政金融;经济学问;匿名审稿;开放经济;数字经济;系统;摘要;要求;证据
studies-in-science-of-science	科学学研究	breadth	journal	social-science	china	empirical	field		Chinese-SocialScience-Journal-Skills	Chinese-SocialScience-Journal-Skills/skills/studies-in-science-of-science/SKILL.md		科学学;学学研究;科技政策;科研;科学计量;管理;学学理论;学学与科;投稿;知识;技政策研;策研究会;学与科技;国科学;science science;研组织;政策研究;华大学科;大学科学;学科学技;技术与社;指标排名;政策与管;术与社会;理科学研;理论与机;社会研究;论与机制;院科技政;评价;科学技术;科技管;合办;学院科技;科学院科;识网络;创新;顺序编码;理论与方;论与方法
systems-engineering-theory-and-practice	系统工程理论与实践	breadth	journal	social-science	china	empirical	field	中文核心	Chinese-SocialScience-Journal-Skills	Chinese-SocialScience-Journal-Skills/skills/systems-engineering-theory-and-practice/SKILL.md		系统工程;工程理论;统工程理;论与实践;理论与实;管理;国系统工;统工程学;工程学会;理科学;学会会刊;投稿;顺序编码;算法;全部论文;国科协主;科协主管;收录;程学会会;金融工程;模型;官方;优化;参考文献;数值实验;期刊;供应链;本刊;决策支持;国家自然;复杂系统;学基金委;家自然科;然科学基;科学基金;摘要;方法;序编码参;码参考文;编码参考
tax-research	税务研究	breadth	journal	social-science	china	empirical	field		Chinese-SocialScience-Journal-Skills	Chinese-SocialScience-Journal-Skills/skills/tax-research/SKILL.md		税收;税务;务研究;务杂志社;投约稿系;约稿系统;征管;地方税;企业避税;方税体系;纳税遵从;收政策;税制;国税;税种;国际税;投稿;页脚注;志社主办;文献附文;杂志社主;线投约稿;考文献附;资料来源;容提要;税负分配;适用范围;收征;务学术;务部门;收优惠;收制度;收机制;收治理;数字税;种与征;管层级;面向税;官方;制设计
world-economic-papers	世界经济文汇	breadth	journal	social-science	china	empirical	field	CSSCI	Chinese-SocialScience-Journal-Skills	Chinese-SocialScience-Journal-Skills/skills/world-economic-papers/SKILL.md		界经济文;经济文汇;世界经济;国际;双向匿名;较早实行;音序排列;国内较早;复旦大学;经济学院;开放;投稿;向匿名审;按音序排;每轮;贸易;审稿;个关键词;汇率;引力模型;全球价值;球价值链;英文标题;官方;文献;期刊;本刊;际金融;一体化;放宏观;放经济;双月刊;核验;放政策;sjjjwh;际比较;摘要;world economic;际贸;轮审
world-economic-studies	世界经济研究	breadth	journal	social-science	china	empirical	field	CSSCI;中文核心	Chinese-SocialScience-Journal-Skills	Chinese-SocialScience-Journal-Skills/skills/world-economic-studies/SKILL.md		世界经济;界经济研;经济研究;国际;海世界经;投稿;学院世界;海社会科;界经济学;科学院世;院世界经;协办;经济学会;贸易;开放;作者简介;济学会协;确切数值;本次;会科学院;官方;际经济理;汇率;期刊;稿主页;引力模型;政策分析;社会科学;官网最新;全球化;放战略;本刊;数据;易投资;放经济;研究所主;究所主办;核验;ndhx;sjjjyjzz
social-sciences-in-china	Social Sciences in China	depth	journal	social-science (general)	china	theory/argumentative	中文综合顶刊	CSSCI	Social-Sciences-in-China-Skills		Social-Sciences-in-China-Skills/resources/official-source-map.md	国社会科;sciences china;社会科学;social sciences;思想;proposition;问题;原创理论;命题;文明;主知识体;知识体系;自主知识;学科;细分;ssc-theory-contribution;升格;综合刊;技术;想分量;意味着;升到;制度;高风险;不过;味着什么;验证已有;sscp;主导;稿型;现实问;三道筛子;单学;评级;理论与现;论与现实;重大理论;方法;problematic;否则改投
american-journal-of-sociology	American Journal of Sociology	depth	journal	sociology	international	empirical	top-3 sociology		American-Journal-of-Sociology-Skills		American-Journal-of-Sociology-Skills/resources/official-source-map.md	sociology;dialogue current;comparative-historical;american;theoretical ambition;comment;university chicago;theoretical payoff;ethnographic;network formal;prejects;portable;uchicago;tension;sociological;assignment;ajs-literature-positioning;ajs-theory-building;current-events;discipline oldest;press sage;student-run;generalist;comment-and-reply;cross-method;chicago press;subfield-only;debate joins;empty cell;tradition;reply;general significance;piece;opinion;ambition dialogue;chicago department;fixed word;mandatory text;preject;reinvents wheel
american-sociological-review	American Sociological Review	depth	journal	sociology	international	empirical	top-3 sociology		American-Sociological-Review-Skills		American-Sociological-Review-Skills/resources/official-source-map.md	sociological;sociology;comparative-historical;comment reply;american;network computational;subfield;demographic;ethnographic;debate;trend;travels;asr-specific;theoretical payoff;sage;case;masked;references footnotes;ethnography;contested under-theorized;inequality;cross-subfield;descriptive subfield-only;general flagship;broad significance;remote;disagreement;convince;words;setting;asr-literature-positioning;asr-theory-building;enters general;incomplete conditional;niche contribution;sees payoff;methodological terms;full comment;significance theoretical;under-theorized mismeasured
annual-review-of-sociology	Annual Review of Sociology	depth	journal	sociology	international	empirical	field		Annual-Review-of-Sociology-Skills		Annual-Review-of-Sociology-Skills/resources/official-source-map.md	arsoc;annual sociology;handbook;sociological;animating question;subfield;arsoc-literature-synthesis;arsoc-organizing-framework;chapter;annual reviews;sociologists;delivery preflight;coverage;sociologist;committee;gather literature;annualreviews content;arsoc-comprehensiveness-and-balance;arsoc-proposal-and-commissioning;arsoc-shaped;arsoc-submission;arsoc-workflow;arsoc-writing-style;race ethnicity;annual-volume;theoretical traditions;spine;volume;https annualreviews;sociology literature;envelope;cross-subfield;intake;demography;invited;annual-review-of-sociology-skills;arsoc-revision;arsoc-topic-selection;culture organizations;ethnicity gender
european-sociological-review	European Sociological Review	depth	journal	sociology	international	empirical	field		European-Sociological-Review-Skills		European-Sociological-Review-Skills/resources/official-source-map.md	european sociological;comparative;cross-national;longitudinal;portable mechanism;leverage;comment;single-country;panel;national;tracking;debate;country;contexts;quantitative;quantitative-sociology;reply brief;multilevel;ecsr;esr-specific;markets family;secondary effects;attitudes;mechanism travels;endnotes references;substantive sociological;survey register;labor markets;migration;estimate;education labor;event-history;social process;variation;disagreement;sociology;words;engage;cohort structure;eu-silc
social-forces	Social Forces	depth	journal	sociology	international	empirical	field		Social-Forces-Skills		Social-Forces-Skills/resources/official-source-map.md	social forces;reference-inclusive;sociology;general social-science;theoretically grounded;demography;debate;comparative-historical;social science;network computational;subfield;methodological rigor;stratification;social-science audience;social-science readership;double-anonymized;general social;quantitative demographic;advising;ethnographic network;mobility;reputation;words;general audience;economically;general significance;broad social-science;broad-access;calls itself;exhibit limit;forces calls;general-sociology stakes;global leader;including reference;itself global;leader social;rigor theoretically;rigorous theoretically;science audience;sf-literature-positioning
sociological-methods-and-research	Sociological Methods and Research	depth	journal	sociology	international	empirical	field		Sociological-Methods-and-Research-Skills		Sociological-Methods-and-Research-Skills/resources/official-source-map.md	sociological;psychometrics;illustration;substantive;real-data;carlo;monte;simulation;develop evaluate;critically assess;derive;evaluate critically;properties;sociology;derivation;cross-discipline;biostatistics;data-and-code availability;direct ancestors;non-parenthetical;statistics;estimator;difference;econometrics;diagnostic;sage;software;equation;precedent;assess application;citation word;corrected procedure;demonstration changes;existing sentence;latent-variable;mode develop;strongest competitor;released;sibling-journal;near-neighbor
sociological-studies	Sociological Studies	depth	journal	sociology	china	mixed	field	CSSCI	Sociological-Studies-Skills		Sociological-Studies-Skills/resources/official-source-map.md	社会学;sociological;会学研究;政策;会学问题;社会机制;会学理;problematic;策评估;积分;净效应;删掉;依然成立;分落户政;问题依然;题依然成;分层;cgss;删政;学理解;cfps clds;社会过程;理论对话;学理论;一支社会;且更清晰;会机制问;农民工市;工市民化;操作建议;新田野点;机制问题;果的净效;民工市民;然成立且;生命历程;立且更清;策后问题;策对某结;结果的净
sociological-theory	Sociological Theory	depth	journal	sociology	international	theory	field		Sociological-Theory-Skills		Sociological-Theory-Skills/resources/official-source-map.md	sociological theory;metatheory;soctheory-theory-construction;history theory;tradition;sociology;concept;propositions;theoretical problem;bourdieu;prior theory;existing theory;seeing;kind;conversation;field theory;pragmatism;soctheory-argument-development;soctheory-literature-positioning;cultural;extend challenge;substantive history;conceptual;concepts;challenge reconstruct;lizardo;luhmann;never test;reconstruct synthesize;st-fit;theory construction;re-read;dual-process;machinery exist;reminder;theory society;theory substantive;traditions;synthetic;relational
journal-of-marriage-and-family	Journal of Marriage and Family	depth	journal	sociology/demography	international	empirical	field		Journal-of-Marriage-and-Family-Skills		Journal-of-Marriage-and-Family-Skills/resources/official-source-map.md	family-science;marriage family;family science;families;brief report;child;demography;sociology psychology;qualitative multi-method;close relationships;longitudinal;general sociology;relationship;cohabitation;couple;divorce;family literatures;family structure;important null;interdisciplinary family;replication important;wellbeing;full brief;parenting;dyadic;quantitative qualitative;modified;disciplines;demographic;pass;engage;child-centered;emphasis social;family incidental;family literature;family scholars;family theory;family-demographic;family-level;frame measurement
social-psychology-quarterly	Social Psychology Quarterly	depth	journal	sociology/social-psych	international	empirical	field		Social-Psychology-Quarterly-Skills		Social-Psychology-Quarterly-Skills/resources/official-source-map.md	social psychology;psychology quarterly;structure individual;self;symbolic interaction;social structure;group processes;social-psychological;sociological social;individual link;identity;structure personality;expectation states;interaction group;sociological-social-psychology;jpsp;sociology;emotion;tradition;personality group;status expectation;affect;program;processes status;structural position;psychological;macro;interaction social;traditions;masked;note;individual cognition;individual psychology;link social;macro-sociology;observation ethnography;spq-literature-positioning;spq-research-design;surveys secondary;theoretical programs
china-sport-science	体育科学	breadth	journal	sport-science	china	empirical	field	CSSCI;中文核心	Chinese-Sport-Science-Journal-Skills	Chinese-Sport-Science-Journal-Skills/skills/china-sport-science/SKILL.md		体育;运动;人文社;育学;育科学;训练;学本体问;本体问题;社会学;文社科;人体科学;动人体科;生理;育社会;体质;生物力学;自然科学;测试;文社会;育人文;健康;理生化;竞技;动训;医学;学科;学校体;育治理;动机制;动表现;练规律;育制度;试方案;质健;族传统体;民族传统;社会过程;动生;动干预;国体
journal-of-chengdu-sport-university	成都体育学院学报	breadth	journal	sport-science	china	empirical	field	CSSCI	Chinese-Sport-Science-Journal-Skills	Chinese-Sport-Science-Journal-Skills/skills/journal-of-chengdu-sport-university/SKILL.md		体育;文化;史学;族传统体;民族传统;史料;育学;养生;sport;育史;成都体;武术;考订;育本体;学院学报;本体关系;民俗学;订严谨;化问题;料引证;学稿;学理;一般社科;一般综合;从材料提;制度与思;化与非遗;复述故事;度与思想;提炼概念;料提炼概;材料提炼;来源清楚;罗列史实;般综合分;论从史出;问题与解;题与解释;体关系弱;学术增量
journal-of-shenyang-sport-university	沈阳体育学院学报	breadth	journal	sport-science	china	empirical	field	CSSCI	Chinese-Sport-Science-Journal-Skills	Chinese-Sport-Science-Journal-Skills/skills/journal-of-shenyang-sport-university/SKILL.md		体育;冰雪;运动;冬季项目;育学;人文社;沈阳体;人体科学;动人体科;学院学报;自然科学;文社科;训练;本体问题;sport;设计;文社会学;学科;竞技;学校体;境特殊性;点明项目;相关稿件;雪稿;雪运;育人文;情境特殊;综合学报;完整;动训;学本体问;文献定位;体科学实;然科学稿;科学实验;综合性体;族传统体;民族传统;育社会科;官方
journal-of-sports-research	体育学研究	breadth	journal	sport-science	china	empirical	field	CSSCI	Chinese-Sport-Science-Journal-Skills	Chinese-Sport-Science-Journal-Skills/skills/journal-of-sports-research/SKILL.md		体育;社会;育社;会学;会科学;育学;理论;社科偏强;育与国家;科学问题;概念提炼;育与科学;sport;会过程;定量;政治学;史学;论对话;策汇报;育哲学;规范;历史;文化;育史;定性;民族;学理;反思的理;方法论反;法论反思;而非对策;学问题意;报腔与纯;治理与政;腔与纯技;南京体;史脉络;育专门;实质对话;育大学学
